model,regime,policy,family,k,draw,semantics,kv_memory_fraction,wikitext2_ppl,lambada_acc,lambada_target_nll,delta_log_ppl,delta_lambada_acc,delta_lambada_nll,generative_floor
SmolLM2-360M,control,no_reuse,no_reuse,0,0,live,1.0,11.03092321300084,0.516,2.3811739570442585,0.0,0.0,0.0,False
SmolLM2-360M,rf2_ex20,full,full,12,0,live,0.625,1386.6516778859725,0.0,14.286580713272096,4.833944725367786,-0.516,11.905406756227837,True
SmolLM2-360M,rf2_ex20,cka_high@k2,cka_high,2,0,live,0.9375,16.504344285933904,0.398,3.0133970090150832,0.4029211063642446,-0.118,0.6322230519708247,False
SmolLM2-360M,rf2_ex20,cka_low@k2,cka_low,2,0,live,0.9375,16.19051994838816,0.28,3.754291803702712,0.3837233526335484,-0.236,1.3731178466584537,False
SmolLM2-360M,rf2_ex20,kvdist_low@k2,kvdist_low,2,0,live,0.9375,16.19051994838816,0.28,3.754291803702712,0.3837233526335484,-0.236,1.3731178466584537,False
SmolLM2-360M,rf2_ex20,kvdist_high@k2,kvdist_high,2,0,live,0.9375,14.078765660415526,0.356,3.29463363096118,0.24396515077917735,-0.16000000000000003,0.9134596739169214,False
SmolLM2-360M,rf2_ex20,fidelity_high@k2,fidelity_high,2,0,live,0.9375,16.52664340554956,0.372,3.274591990202665,0.40427130050385607,-0.14400000000000002,0.8934180331584063,False
SmolLM2-360M,rf2_ex20,random_same_ratio@k2#1,random_same_ratio,2,1,live,0.9375,15.219321793353195,0.4,3.0412895478084683,0.3218632612700918,-0.11599999999999999,0.6601155907642098,False
SmolLM2-360M,rf2_ex20,random_same_ratio@k2#2,random_same_ratio,2,2,live,0.9375,13.693704480168178,0.378,3.2089346822425724,0.21623367028002338,-0.138,0.8277607251983139,False
SmolLM2-360M,rf2_ex20,random_same_ratio@k2#3,random_same_ratio,2,3,live,0.9375,15.48270951645339,0.378,3.201645052459091,0.33902135626350516,-0.138,0.8204710954148324,False
SmolLM2-360M,rf2_ex20,cka_high@k4,cka_high,4,0,live,0.875,28.854903604668262,0.152,4.790811341971159,0.9615774175328453,-0.364,2.4096373849269,False
SmolLM2-360M,rf2_ex20,cka_low@k4,cka_low,4,0,live,0.875,26.348103788510706,0.158,5.254106826528907,0.8706937799684389,-0.358,2.8729328694846483,False
SmolLM2-360M,rf2_ex20,kvdist_low@k4,kvdist_low,4,0,live,0.875,24.94938365860631,0.134,5.132247721798718,0.8161465888863844,-0.382,2.7510737647544596,False
SmolLM2-360M,rf2_ex20,kvdist_high@k4,kvdist_high,4,0,live,0.875,29.61699191165461,0.21,4.734850006103516,0.9876457177509952,-0.30600000000000005,2.353676049059257,False
SmolLM2-360M,rf2_ex20,fidelity_high@k4,fidelity_high,4,0,live,0.875,31.308086901518354,0.304,4.408913506671786,1.0431739016914872,-0.21200000000000002,2.027739549627528,False
SmolLM2-360M,rf2_ex20,random_same_ratio@k4#1,random_same_ratio,4,1,live,0.875,23.324473547430443,0.324,3.7536203701756894,0.7488006462207406,-0.192,1.372446413131431,False
SmolLM2-360M,rf2_ex20,random_same_ratio@k4#2,random_same_ratio,4,2,live,0.875,41.09066647744756,0.2,5.022898938678205,1.3150784727623797,-0.316,2.6417249816339465,False
SmolLM2-360M,rf2_ex20,random_same_ratio@k4#3,random_same_ratio,4,3,live,0.875,21.33016911370876,0.35,3.739508705966175,0.6594199309516005,-0.16600000000000004,1.3583347489219166,False
SmolLM2-360M,rf2_ex20,cka_high@k6,cka_high,6,0,live,0.8125,58.40792164053181,0.132,5.92572275352478,1.6667489952208019,-0.384,3.5445487964805213,False
SmolLM2-360M,rf2_ex20,cka_low@k6,cka_low,6,0,live,0.8125,44.145780887227104,0.046,6.996641438901424,1.3867948293961607,-0.47000000000000003,4.6154674818571655,False
SmolLM2-360M,rf2_ex20,kvdist_low@k6,kvdist_low,6,0,live,0.8125,98.32662110126876,0.024,8.331595031261443,2.1875922754106476,-0.492,5.950421074217185,False
SmolLM2-360M,rf2_ex20,kvdist_high@k6,kvdist_high,6,0,live,0.8125,43.7040273065044,0.224,5.206588830173016,1.3767377259546856,-0.29200000000000004,2.825414873128757,False
SmolLM2-360M,rf2_ex20,fidelity_high@k6,fidelity_high,6,0,live,0.8125,70.10751367721703,0.138,6.080265203237533,1.8493274434768345,-0.378,3.699091246193275,False
SmolLM2-360M,rf2_ex20,random_same_ratio@k6#1,random_same_ratio,6,1,live,0.8125,51.3258973518794,0.086,6.146268327713012,1.5374929165270461,-0.43000000000000005,3.765094370668754,False
SmolLM2-360M,rf2_ex20,random_same_ratio@k6#2,random_same_ratio,6,2,live,0.8125,88.06950709263927,0.03,7.676472413182259,2.077423826089526,-0.486,5.295298456138,False
SmolLM2-360M,rf2_ex20,random_same_ratio@k6#3,random_same_ratio,6,3,live,0.8125,64.04049538973416,0.082,6.371650899529457,1.7588130937842754,-0.434,3.9904769424851985,False
SmolLM2-360M,rf2_ex20,random_source@k12#1,random_source,12,1,live,0.625,436.52627192654256,0.01,10.63377458000183,3.678146031213978,-0.506,8.252600622957573,True
SmolLM2-360M,rf2_ex20,random_source@k12#2,random_source,12,2,live,0.625,419.3923626223858,0.002,11.711091175317764,3.6381043781108113,-0.514,9.329917218273504,True
SmolLM2-360M,rf2_ex20,random_source@k12#3,random_source,12,3,live,0.625,245.5147758727578,0.024,9.978287538588049,3.1026546023336836,-0.492,7.59711358154379,True
SmolLM2-360M,rf2_ex20,kvsharer_dissimilar@k4,kvsharer_dissimilar,4,0,live,0.875,16.658491350621272,0.332,3.396141232550144,0.41221754750938455,-0.184,1.0149672755058856,False
SmolLM2-360M,rf2_ex20,kvsharer_similar@k4,kvsharer_similar,4,0,live,0.875,19.592474896934057,0.228,4.034769438385964,0.5744430287409674,-0.28800000000000003,1.6535954813417053,False
SmolLM2-360M,rf2_ex20,cf_prev_head,cf_prev_head,12,0,clean,0.625,476.39871018561087,0.008,11.396728469848632,3.765552600114381,-0.508,9.015554512804375,True
SmolLM2-360M,rf2_ex20,cf_next_head,cf_next_head,12,0,clean,0.625,932.689220054356,0.004,12.32446560370922,4.437369517937336,-0.512,9.94329164666496,True
SmolLM2-360M,rf4_ex20,full,full,18,0,live,0.4375,5617.80119835949,0.0,16.558497811794282,6.232993090543459,-0.516,14.177323854750025,True
SmolLM2-360M,rf2_ex00,full,full,16,0,live,0.5,2309.619439789517,0.0,16.460481976509094,5.344135515319935,-0.516,14.079308019464836,True
Qwen2.5-1.5B,control,no_reuse,no_reuse,0,0,live,1.0,8.732245201999433,0.6,1.8117101087961347,0.0,0.0,0.0,False
Qwen2.5-1.5B,rf2_ex20,full,full,11,0,live,0.6071428571428572,2693.6177413417154,0.0,13.969971989631652,5.731617935159461,-0.6,12.158261880835518,True
Qwen2.5-1.5B,rf2_ex20,cka_high@k2,cka_high,2,0,live,0.9285714285714286,15.367610253028774,0.184,4.430143683055416,0.5652395450563019,-0.416,2.6184335742592815,False
Qwen2.5-1.5B,rf2_ex20,cka_low@k2,cka_low,2,0,live,0.9285714285714286,12.407345168239996,0.468,2.457833287060261,0.35126613037163956,-0.13199999999999995,0.6461231782641261,False
Qwen2.5-1.5B,rf2_ex20,kvdist_low@k2,kvdist_low,2,0,live,0.9285714285714286,11.270553473716763,0.596,2.0612974338792265,0.2551709180568116,-0.0040000000000000036,0.24958732508309178,False
Qwen2.5-1.5B,rf2_ex20,kvdist_high@k2,kvdist_high,2,0,live,0.9285714285714286,12.407345168239996,0.468,2.457833287060261,0.35126613037163956,-0.13199999999999995,0.6461231782641261,False
Qwen2.5-1.5B,rf2_ex20,fidelity_high@k2,fidelity_high,2,0,live,0.9285714285714286,12.961390917533384,0.468,2.594927847255021,0.39495248990367005,-0.13199999999999995,0.7832177384588863,False
Qwen2.5-1.5B,rf2_ex20,random_same_ratio@k2#1,random_same_ratio,2,1,live,0.9285714285714286,11.283562801343248,0.55,2.1310217084428293,0.2563245282369295,-0.04999999999999993,0.31931159964669464,False
Qwen2.5-1.5B,rf2_ex20,random_same_ratio@k2#2,random_same_ratio,2,2,live,0.9285714285714286,11.291424129529425,0.54,2.149463351334445,0.25702099185199323,-0.05999999999999994,0.3377532425383103,False
Qwen2.5-1.5B,rf2_ex20,random_same_ratio@k2#3,random_same_ratio,2,3,live,0.9285714285714286,15.808110852726278,0.626,1.9841329457089305,0.5935006342802427,0.026000000000000023,0.1724228369127958,False
Qwen2.5-1.5B,rf2_ex20,cka_high@k4,cka_high,4,0,live,0.8571428571428572,29.873101500267925,0.094,6.553290462210774,1.2299359409788102,-0.506,4.74158035341464,False
Qwen2.5-1.5B,rf2_ex20,cka_low@k4,cka_low,4,0,live,0.8571428571428572,22.62360631173313,0.232,3.827803346863016,0.9519713690618441,-0.368,2.0160932380668815,False
Qwen2.5-1.5B,rf2_ex20,kvdist_low@k4,kvdist_low,4,0,live,0.8571428571428572,22.21720977356617,0.268,4.284261134386063,0.9338446844343582,-0.33199999999999996,2.4725510255899286,False
Qwen2.5-1.5B,rf2_ex20,kvdist_high@k4,kvdist_high,4,0,live,0.8571428571428572,20.00250876272874,0.194,4.528086024910212,0.8288351846783115,-0.40599999999999997,2.7163759161140772,False
Qwen2.5-1.5B,rf2_ex20,fidelity_high@k4,fidelity_high,4,0,live,0.8571428571428572,21.980404139369245,0.3,3.765448373138905,0.9231288163475297,-0.3,1.95373826434277,False
Qwen2.5-1.5B,rf2_ex20,random_same_ratio@k4#1,random_same_ratio,4,1,live,0.8571428571428572,25.21212478406526,0.41,3.0165276857838035,1.0603025018849723,-0.19,1.2048175769876688,False
Qwen2.5-1.5B,rf2_ex20,random_same_ratio@k4#2,random_same_ratio,4,2,live,0.8571428571428572,25.446233853416544,0.12,5.457126267552376,1.0695452307166509,-0.48,3.645416158756242,False
Qwen2.5-1.5B,rf2_ex20,random_same_ratio@k4#3,random_same_ratio,4,3,live,0.8571428571428572,19.94335064548445,0.254,4.233729160562158,0.8258732676551217,-0.346,2.422019051766023,False
Qwen2.5-1.5B,rf2_ex20,cka_high@k6,cka_high,6,0,live,0.7857142857142857,82.5837494387115,0.084,7.29364350426197,2.246790403995929,-0.516,5.481933395465836,False
Qwen2.5-1.5B,rf2_ex20,cka_low@k6,cka_low,6,0,live,0.7857142857142857,48.188561521496304,0.102,5.584350843310356,1.7080991609159706,-0.498,3.772640734514222,False
Qwen2.5-1.5B,rf2_ex20,kvdist_low@k6,kvdist_low,6,0,live,0.7857142857142857,46.165654898419255,0.076,6.223579477667808,1.665213602016017,-0.524,4.411869368871674,False
Qwen2.5-1.5B,rf2_ex20,kvdist_high@k6,kvdist_high,6,0,live,0.7857142857142857,50.79953816429586,0.146,5.364937296241522,1.7608647441436807,-0.45399999999999996,3.553227187445388,False
Qwen2.5-1.5B,rf2_ex20,fidelity_high@k6,fidelity_high,6,0,live,0.7857142857142857,45.19057136251892,0.052,6.564345660209656,1.6438659477587887,-0.5479999999999999,4.752635551413522,False
Qwen2.5-1.5B,rf2_ex20,random_same_ratio@k6#1,random_same_ratio,6,1,live,0.7857142857142857,42.23418153198213,0.204,5.137215616196394,1.5762073629420992,-0.396,3.3255055074002593,False
Qwen2.5-1.5B,rf2_ex20,random_same_ratio@k6#2,random_same_ratio,6,2,live,0.7857142857142857,47.35510754954667,0.03,7.15790297293663,1.690652162663992,-0.57,5.346192864140495,False
Qwen2.5-1.5B,rf2_ex20,random_same_ratio@k6#3,random_same_ratio,6,3,live,0.7857142857142857,40.89702977438595,0.056,6.577681962132454,1.5440349196131096,-0.5439999999999999,4.765971853336319,False
Qwen2.5-1.5B,rf2_ex20,random_source@k11#1,random_source,11,1,live,0.6071428571428572,405.4323766985822,0.01,10.844804421067238,3.837931575271579,-0.59,9.033094312271103,True
Qwen2.5-1.5B,rf2_ex20,random_source@k11#2,random_source,11,2,live,0.6071428571428572,301.57432515038954,0.022,9.270012135744096,3.541993984553021,-0.578,7.458302026947962,True
Qwen2.5-1.5B,rf2_ex20,random_source@k11#3,random_source,11,3,live,0.6071428571428572,439.95320664915954,0.022,9.549698979616164,3.919645853586853,-0.578,7.737988870820029,True
Qwen2.5-1.5B,rf2_ex20,kvsharer_dissimilar@k4,kvsharer_dissimilar,4,0,live,0.8571428571428572,19.826443786619222,0.534,2.568817477958277,0.8199940722871659,-0.06599999999999995,0.7571073691621424,False
Qwen2.5-1.5B,rf2_ex20,kvsharer_similar@k4,kvsharer_similar,4,0,live,0.8571428571428572,11.650781436897685,0.472,2.697219610452652,0.288350734745352,-0.128,0.8855095016565173,False
Qwen2.5-1.5B,rf2_ex20,cf_prev_head,cf_prev_head,10,0,clean,0.6428571428571428,359.22126291164415,0.028,9.678806879401208,3.716916010718986,-0.572,7.867096770605073,True
Qwen2.5-1.5B,rf2_ex20,cf_next_head,cf_next_head,10,0,clean,0.6428571428571428,632.3844462833595,0.01,10.622215294003489,4.282474991142604,-0.59,8.810505185207354,True
Qwen2.5-1.5B,rf4_ex20,full,full,16,0,live,0.4285714285714286,2304.1831310480343,0.002,14.740955362319946,5.575458983473508,-0.598,12.929245253523812,True
Qwen2.5-1.5B,rf2_ex00,full,full,14,0,live,0.5,783001.9166212922,0.0,20.542353881835936,11.403867903616732,-0.6,18.7306437730398,True
Llama-3.2-1B,control,no_reuse,no_reuse,0,0,live,1.0,9.378719062116945,0.614,1.7359921421119944,0.0,0.0,0.0,False
Llama-3.2-1B,rf2_ex20,full,full,6,0,live,0.625,3133.117292516305,0.0,12.44793098974228,5.811340534864966,-0.614,10.711938847630286,True
Llama-3.2-1B,rf2_ex20,cka_high@k1,cka_high,1,0,live,0.9375,20.717188401112168,0.298,3.429965805374086,0.7925205201058838,-0.316,1.6939736632620914,False
Llama-3.2-1B,rf2_ex20,cka_low@k1,cka_low,1,0,live,0.9375,11.96916200859606,0.506,2.27545397110749,0.24389031633215774,-0.10799999999999998,0.5394618289954958,False
Llama-3.2-1B,rf2_ex20,kvdist_low@k1,kvdist_low,1,0,live,0.9375,12.176976901278705,0.42,2.9242637842418624,0.26110383645812085,-0.194,1.188271642129868,False
Llama-3.2-1B,rf2_ex20,kvdist_high@k1,kvdist_high,1,0,live,0.9375,22.532211256289592,0.284,3.292418922655284,0.8765027036714317,-0.33,1.5564267805432894,False
Llama-3.2-1B,rf2_ex20,fidelity_high@k1,fidelity_high,1,0,live,0.9375,12.176976901278705,0.42,2.9242637842418624,0.26110383645812085,-0.194,1.188271642129868,False
Llama-3.2-1B,rf2_ex20,random_same_ratio@k1#1,random_same_ratio,1,1,live,0.9375,12.176976901278705,0.42,2.9242637842418624,0.26110383645812085,-0.194,1.188271642129868,False
Llama-3.2-1B,rf2_ex20,random_same_ratio@k1#2,random_same_ratio,1,2,live,0.9375,12.303145857524251,0.53,2.198103616701439,0.2714117973004999,-0.08399999999999996,0.46211147458944457,False
Llama-3.2-1B,rf2_ex20,random_same_ratio@k1#3,random_same_ratio,1,3,live,0.9375,20.717188401112168,0.298,3.429965805374086,0.7925205201058838,-0.316,1.6939736632620914,False
Llama-3.2-1B,rf2_ex20,cka_high@k2,cka_high,2,0,live,0.875,27.60843077410343,0.164,4.851038446933031,1.079677995757677,-0.44999999999999996,3.1150463048210364,False
Llama-3.2-1B,rf2_ex20,cka_low@k2,cka_low,2,0,live,0.875,22.987555989140876,0.29,3.672120420664549,0.8965098324106702,-0.324,1.9361282785525546,False
Llama-3.2-1B,rf2_ex20,kvdist_low@k2,kvdist_low,2,0,live,0.875,18.65919056064621,0.274,3.95105076225102,0.6878956230125617,-0.33999999999999997,2.2150586201390254,False
Llama-3.2-1B,rf2_ex20,kvdist_high@k2,kvdist_high,2,0,live,0.875,117.9982250580173,0.09,5.653322826385498,2.532226389320335,-0.524,3.9173306842735034,True
Llama-3.2-1B,rf2_ex20,fidelity_high@k2,fidelity_high,2,0,live,0.875,23.227946160839178,0.242,4.4437019274234775,0.9069129365000559,-0.372,2.707709785311483,False
Llama-3.2-1B,rf2_ex20,random_same_ratio@k2#1,random_same_ratio,2,1,live,0.875,27.106996389005904,0.288,3.8073757912442088,1.061348670750708,-0.326,2.0713836491322146,False
Llama-3.2-1B,rf2_ex20,random_same_ratio@k2#2,random_same_ratio,2,2,live,0.875,36.90611625267694,0.158,4.360388610452413,1.3699340962651951,-0.45599999999999996,2.624396468340419,False
Llama-3.2-1B,rf2_ex20,random_same_ratio@k2#3,random_same_ratio,2,3,live,0.875,17.957603871750358,0.298,3.735443957656622,0.6495704461092973,-0.316,1.9994518155446277,False
Llama-3.2-1B,rf2_ex20,cka_high@k3,cka_high,3,0,live,0.8125,227.7539279449769,0.042,7.708098936498165,3.1898225895800993,-0.572,5.97210679438617,True
Llama-3.2-1B,rf2_ex20,cka_low@k3,cka_low,3,0,live,0.8125,46.77840879818042,0.152,5.060013897165656,1.606978552851511,-0.46199999999999997,3.3240217550536615,False
Llama-3.2-1B,rf2_ex20,kvdist_low@k3,kvdist_low,3,0,live,0.8125,38.50325610768666,0.142,5.61627107155323,1.412299618792178,-0.472,3.8802789294412356,False
Llama-3.2-1B,rf2_ex20,kvdist_high@k3,kvdist_high,3,0,live,0.8125,326.1705721883051,0.036,7.458916993618011,3.5489772789513885,-0.578,5.722924851506017,True
Llama-3.2-1B,rf2_ex20,fidelity_high@k3,fidelity_high,3,0,live,0.8125,60.71113644729326,0.128,5.653761785686016,1.8676839550929283,-0.486,3.9177696435740215,False
Llama-3.2-1B,rf2_ex20,random_same_ratio@k3#1,random_same_ratio,3,1,live,0.8125,66.63280415810377,0.17,4.790262137055397,1.9607538180564767,-0.44399999999999995,3.054269994943402,False
Llama-3.2-1B,rf2_ex20,random_same_ratio@k3#2,random_same_ratio,3,2,live,0.8125,90.75966829216875,0.154,4.985686897337437,2.2697718119739894,-0.45999999999999996,3.249694755225442,False
Llama-3.2-1B,rf2_ex20,random_same_ratio@k3#3,random_same_ratio,3,3,live,0.8125,42.843643411809225,0.114,5.778050784826279,1.5191140957732698,-0.5,4.042058642714284,False
Llama-3.2-1B,rf2_ex20,random_source@k6#1,random_source,6,1,live,0.625,1742.1263642012552,0.002,12.271792123794556,5.224418501355755,-0.612,10.535799981682562,True
Llama-3.2-1B,rf2_ex20,random_source@k6#2,random_source,6,2,live,0.625,581.0030769347364,0.0,11.562987878322602,4.126312859615876,-0.614,9.826995736210607,True
Llama-3.2-1B,rf2_ex20,random_source@k6#3,random_source,6,3,live,0.625,1503.7688615671404,0.002,12.87782389974594,5.077286617079778,-0.612,11.141831757633945,True
Llama-3.2-1B,rf2_ex20,kvsharer_dissimilar@k2,kvsharer_dissimilar,2,0,live,0.875,15.144744966451876,0.35,3.1071879590749742,0.4792104117312834,-0.264,1.3711958169629799,False
Llama-3.2-1B,rf2_ex20,kvsharer_similar@k2,kvsharer_similar,2,0,live,0.875,14.476042221349218,0.346,3.5497663042861967,0.43405182919098984,-0.268,1.8137741621742023,False
Llama-3.2-1B,rf2_ex20,cf_prev_head,cf_prev_head,5,0,clean,0.6875,1214.3691011843252,0.008,10.515017472982407,4.863536769477882,-0.606,8.779025330870413,True
Llama-3.2-1B,rf2_ex20,cf_next_head,cf_next_head,5,0,clean,0.6875,1263.1798394939915,0.0,12.786406865119934,4.9029443097944885,-0.614,11.05041472300794,True
Llama-3.2-1B,rf4_ex20,full,full,9,0,live,0.4375,15433.167611315015,0.0,15.162728204727172,7.4058310202698205,-0.614,13.426736062615177,True
Llama-3.2-1B,rf2_ex00,full,full,8,0,live,0.5,19243.33802829595,0.0,15.835895508766177,7.626477010214506,-0.614,14.099903366654182,True
Qwen2.5-3B,control,no_reuse,no_reuse,0,0,live,1.0,7.557347768026478,0.666,1.5681628865115345,0.0,0.0,0.0,False
Qwen2.5-3B,rf2_ex20,full,full,14,0,live,0.6111111111111112,85.6525991120892,0.006,9.995723056554796,2.4277792657403148,-0.66,8.427560170043261,True
Qwen2.5-3B,rf2_ex20,cka_high@k2,cka_high,2,0,live,0.9444444444444444,9.780446671039453,0.31,3.5222494434937834,0.2578648505861558,-0.35600000000000004,1.954086556982249,False
Qwen2.5-3B,rf2_ex20,cka_low@k2,cka_low,2,0,live,0.9444444444444444,8.22089408070156,0.59,1.861536622852087,0.08415866779190573,-0.07600000000000007,0.29337373634055264,False
Qwen2.5-3B,rf2_ex20,kvdist_low@k2,kvdist_low,2,0,live,0.9444444444444444,8.063568810352765,0.606,1.8251488138902927,0.06483593465792792,-0.06000000000000005,0.25698592737875825,False
Qwen2.5-3B,rf2_ex20,kvdist_high@k2,kvdist_high,2,0,live,0.9444444444444444,9.248860167452987,0.536,2.1821593846362086,0.20198001448820913,-0.13,0.6139964981246742,False
Qwen2.5-3B,rf2_ex20,fidelity_high@k2,fidelity_high,2,0,live,0.9444444444444444,8.36161160961351,0.648,1.7411949755530804,0.10113088048414554,-0.018000000000000016,0.173032089041546,False
Qwen2.5-3B,rf2_ex20,random_same_ratio@k2#1,random_same_ratio,2,1,live,0.9444444444444444,8.063568810352765,0.606,1.8251488138902927,0.06483593465792792,-0.06000000000000005,0.25698592737875825,False
Qwen2.5-3B,rf2_ex20,random_same_ratio@k2#2,random_same_ratio,2,2,live,0.9444444444444444,8.547485096321418,0.636,1.7634983744174242,0.12311679459659786,-0.030000000000000027,0.19533548790588973,False
Qwen2.5-3B,rf2_ex20,random_same_ratio@k2#3,random_same_ratio,2,3,live,0.9444444444444444,9.131196296059342,0.574,2.05238973367773,0.1891764108614633,-0.09200000000000008,0.48422684716619546,False
Qwen2.5-3B,rf2_ex20,cka_high@k5,cka_high,5,0,live,0.8611111111111112,20.80277976701518,0.102,5.79864148736,1.0125663161197842,-0.5640000000000001,4.230478600848466,False
Qwen2.5-3B,rf2_ex20,cka_low@k5,cka_low,5,0,live,0.8611111111111112,9.728945740105903,0.576,2.174119201570749,0.2525852345450499,-0.09000000000000008,0.6059563150592147,False
Qwen2.5-3B,rf2_ex20,kvdist_low@k5,kvdist_low,5,0,live,0.8611111111111112,10.521012405113444,0.474,2.643542098272592,0.3308541346036029,-0.19200000000000006,1.0753792117610574,False
Qwen2.5-3B,rf2_ex20,kvdist_high@k5,kvdist_high,5,0,live,0.8611111111111112,11.731748610179256,0.36,3.435152151286602,0.43977841887878233,-0.30600000000000005,1.8669892647750674,False
Qwen2.5-3B,rf2_ex20,fidelity_high@k5,fidelity_high,5,0,live,0.8611111111111112,12.711303442017304,0.51,2.78095069038868,0.5199713281198757,-0.15600000000000003,1.2127878038771454,False
Qwen2.5-3B,rf2_ex20,random_same_ratio@k5#1,random_same_ratio,5,1,live,0.8611111111111112,11.382763230979265,0.476,2.729602799616754,0.40957990959345336,-0.19000000000000006,1.1614399131052195,False
Qwen2.5-3B,rf2_ex20,random_same_ratio@k5#2,random_same_ratio,5,2,live,0.8611111111111112,13.645217888472128,0.154,4.841005141094327,0.5908688181043948,-0.512,3.272842254582793,False
Qwen2.5-3B,rf2_ex20,random_same_ratio@k5#3,random_same_ratio,5,3,live,0.8611111111111112,15.250282843671844,0.316,3.710143664240837,0.7020777457043814,-0.35000000000000003,2.1419807777293025,False
Qwen2.5-3B,rf2_ex20,cka_high@k7,cka_high,7,0,live,0.8055555555555556,26.50552002196672,0.05,7.28356973773241,1.2548327097128373,-0.616,5.715406851220876,False
Qwen2.5-3B,rf2_ex20,cka_low@k7,cka_low,7,0,live,0.8055555555555556,12.054816501480866,0.452,2.790147206783294,0.46694398543743176,-0.21400000000000002,1.2219843202717597,False
Qwen2.5-3B,rf2_ex20,kvdist_low@k7,kvdist_low,7,0,live,0.8055555555555556,13.86013992109172,0.382,3.4216265030428765,0.6064967847245968,-0.28400000000000003,1.853463616531342,False
Qwen2.5-3B,rf2_ex20,kvdist_high@k7,kvdist_high,7,0,live,0.8055555555555556,16.79498166986523,0.118,5.751821117907762,0.7985598273563213,-0.548,4.183658231396228,False
Qwen2.5-3B,rf2_ex20,fidelity_high@k7,fidelity_high,7,0,live,0.8055555555555556,19.30578305105535,0.336,3.8166013725101946,0.9378843866757438,-0.33,2.24843848599866,False
Qwen2.5-3B,rf2_ex20,random_same_ratio@k7#1,random_same_ratio,7,1,live,0.8055555555555556,22.879436688851104,0.09,5.977393374681473,1.1077182416629263,-0.5760000000000001,4.409230488169938,False
Qwen2.5-3B,rf2_ex20,random_same_ratio@k7#2,random_same_ratio,7,2,live,0.8055555555555556,15.72655619734339,0.172,4.5923168382048605,0.7328304566519779,-0.49400000000000005,3.024153951693326,False
Qwen2.5-3B,rf2_ex20,random_same_ratio@k7#3,random_same_ratio,7,3,live,0.8055555555555556,15.595767340172833,0.262,4.185681812375784,0.7244792487894198,-0.404,2.6175189258642497,False
Qwen2.5-3B,rf2_ex20,random_source@k14#1,random_source,14,1,live,0.6111111111111112,63.77668842385987,0.014,9.74329071354866,2.132867434072281,-0.652,8.175127827037127,False
Qwen2.5-3B,rf2_ex20,random_source@k14#2,random_source,14,2,live,0.6111111111111112,68.94027013614033,0.016,8.632561861991883,2.210720175201828,-0.65,7.064398975480349,False
Qwen2.5-3B,rf2_ex20,random_source@k14#3,random_source,14,3,live,0.6111111111111112,78.16233194946723,0.008,9.50686967164278,2.3362675385732268,-0.658,7.938706785131246,True
Qwen2.5-3B,rf2_ex20,kvsharer_dissimilar@k5,kvsharer_dissimilar,5,0,live,0.8611111111111112,10.147005659448132,0.554,2.192242404647172,0.2946583487396719,-0.11199999999999999,0.6240795181356376,False
Qwen2.5-3B,rf2_ex20,kvsharer_similar@k5,kvsharer_similar,5,0,live,0.8611111111111112,9.044542305725964,0.622,1.8194306757282463,0.17964121135408417,-0.04400000000000004,0.2512677892167119,False
Qwen2.5-3B,rf2_ex20,cf_prev_head,cf_prev_head,13,0,clean,0.6388888888888888,60.5076598084947,0.012,9.672893627166747,2.080249661124433,-0.654,8.104730740655214,False
Qwen2.5-3B,rf2_ex20,cf_next_head,cf_next_head,13,0,clean,0.6388888888888888,90.29142374270648,0.008,10.03411629796028,2.480522176445621,-0.658,8.465953411448744,True
Qwen2.5-3B,rf4_ex20,full,full,21,0,live,0.4166666666666666,6380.844116232861,0.0,16.799195079803468,6.738535369903591,-0.666,15.231032193291934,True
Qwen2.5-3B,rf2_ex00,full,full,18,0,live,0.5,76492.90842900667,0.0,16.88865084838867,9.222433010940202,-0.666,15.320487961877138,True
Llama-3.2-3B,control,no_reuse,no_reuse,0,0,live,1.0,7.505573640569701,0.718,1.3676970764340368,0.0,0.0,0.0,False
Llama-3.2-3B,rf2_ex20,full,full,11,0,live,0.6071428571428572,1647.1512652601675,0.0,11.99494360780716,5.391156672245234,-0.718,10.627246531373123,True
Llama-3.2-3B,rf2_ex20,cka_high@k2,cka_high,2,0,live,0.9285714285714286,11.342558158818804,0.542,2.05514158080332,0.4129159634386128,-0.17599999999999993,0.6874445043692832,False
Llama-3.2-3B,rf2_ex20,cka_low@k2,cka_low,2,0,live,0.9285714285714286,11.011329399764785,0.594,2.2010864742808045,0.38327879158418554,-0.124,0.8333893978467677,False
Llama-3.2-3B,rf2_ex20,kvdist_low@k2,kvdist_low,2,0,live,0.9285714285714286,9.7415176603855,0.658,1.6622593549657614,0.26075102618677715,-0.05999999999999994,0.29456227853172456,False
Llama-3.2-3B,rf2_ex20,kvdist_high@k2,kvdist_high,2,0,live,0.9285714285714286,10.640087538157118,0.472,2.542052418362815,0.3489828145326075,-0.246,1.1743553419287782,False
Llama-3.2-3B,rf2_ex20,fidelity_high@k2,fidelity_high,2,0,live,0.9285714285714286,10.198249372889498,0.604,2.0086361147761345,0.30657017883376714,-0.11399999999999999,0.6409390383420976,False
Llama-3.2-3B,rf2_ex20,random_same_ratio@k2#1,random_same_ratio,2,1,live,0.9285714285714286,9.246434413570952,0.606,1.8183900578296743,0.20859211179154435,-0.11199999999999999,0.4506929813956375,False
Llama-3.2-3B,rf2_ex20,random_same_ratio@k2#2,random_same_ratio,2,2,live,0.9285714285714286,10.441765689189532,0.57,2.016549530469929,0.33016779885363245,-0.14800000000000002,0.648852454035892,False
Llama-3.2-3B,rf2_ex20,random_same_ratio@k2#3,random_same_ratio,2,3,live,0.9285714285714286,9.900463124347858,0.59,1.921639196785167,0.2769356396660876,-0.128,0.5539421203511301,False
Llama-3.2-3B,rf2_ex20,cka_high@k4,cka_high,4,0,live,0.8571428571428572,24.39228591612797,0.366,3.131621408686042,1.1786210347170853,-0.352,1.763924332252005,False
Llama-3.2-3B,rf2_ex20,cka_low@k4,cka_low,4,0,live,0.8571428571428572,18.19242696888016,0.348,3.779744048193097,0.8853595102604355,-0.37,2.41204697175906,False
Llama-3.2-3B,rf2_ex20,kvdist_low@k4,kvdist_low,4,0,live,0.8571428571428572,20.016673889475364,0.414,2.841072353810072,0.9809197240801,-0.304,1.4733752773760351,False
Llama-3.2-3B,rf2_ex20,kvdist_high@k4,kvdist_high,4,0,live,0.8571428571428572,18.158010194354,0.254,3.818639313042164,0.8834658997568914,-0.46399999999999997,2.4509422366081273,False
Llama-3.2-3B,rf2_ex20,fidelity_high@k4,fidelity_high,4,0,live,0.8571428571428572,24.29486097252772,0.298,3.485973856717348,1.1746189487514211,-0.42,2.1182767802833116,False
Llama-3.2-3B,rf2_ex20,random_same_ratio@k4#1,random_same_ratio,4,1,live,0.8571428571428572,14.67483605982905,0.464,2.60489459054172,0.67048829764276,-0.25399999999999995,1.237197514107683,False
Llama-3.2-3B,rf2_ex20,random_same_ratio@k4#2,random_same_ratio,4,2,live,0.8571428571428572,16.653159030713876,0.412,3.092582900673151,0.796954033386648,-0.306,1.724885824239114,False
Llama-3.2-3B,rf2_ex20,random_same_ratio@k4#3,random_same_ratio,4,3,live,0.8571428571428572,12.124035968674606,0.514,2.3467986927218734,0.47954402930700946,-0.20399999999999996,0.9791016162878365,False
Llama-3.2-3B,rf2_ex20,cka_high@k6,cka_high,6,0,live,0.7857142857142857,142.02991662839315,0.09,5.844215498566627,2.9403918192754337,-0.628,4.476518422132591,True
Llama-3.2-3B,rf2_ex20,cka_low@k6,cka_low,6,0,live,0.7857142857142857,37.9148367563349,0.174,5.571659540385008,1.6196966100094925,-0.544,4.203962463950972,False
Llama-3.2-3B,rf2_ex20,kvdist_low@k6,kvdist_low,6,0,live,0.7857142857142857,36.51257362466293,0.214,4.40420752876997,1.5820107875178704,-0.504,3.036510452335933,False
Llama-3.2-3B,rf2_ex20,kvdist_high@k6,kvdist_high,6,0,live,0.7857142857142857,33.23079197033468,0.138,5.433853063642979,1.4878310184573653,-0.58,4.066155987208942,False
Llama-3.2-3B,rf2_ex20,fidelity_high@k6,fidelity_high,6,0,live,0.7857142857142857,79.73846121075415,0.076,5.738266356348992,2.3631061475668385,-0.642,4.370569279914956,True
Llama-3.2-3B,rf2_ex20,random_same_ratio@k6#1,random_same_ratio,6,1,live,0.7857142857142857,53.66352946182311,0.132,5.0546851757764815,1.9670877207571,-0.586,3.686988099342445,False
Llama-3.2-3B,rf2_ex20,random_same_ratio@k6#2,random_same_ratio,6,2,live,0.7857142857142857,29.158653246225462,0.156,4.791589845359326,1.357105824484754,-0.5619999999999999,3.423892768925289,False
Llama-3.2-3B,rf2_ex20,random_same_ratio@k6#3,random_same_ratio,6,3,live,0.7857142857142857,44.510134819720506,0.164,4.784028688788414,1.7800710153816945,-0.5539999999999999,3.4163316123543774,False
Llama-3.2-3B,rf2_ex20,random_source@k11#1,random_source,11,1,live,0.6071428571428572,622.9775586551576,0.006,9.039442228078842,4.418864600100921,-0.712,7.671745151644806,True
Llama-3.2-3B,rf2_ex20,random_source@k11#2,random_source,11,2,live,0.6071428571428572,258.0702365548213,0.042,6.968210435271264,3.53758588596363,-0.6759999999999999,5.600513358837228,True
Llama-3.2-3B,rf2_ex20,random_source@k11#3,random_source,11,3,live,0.6071428571428572,620.8300850466392,0.018,9.686363991737366,4.415411532814822,-0.7,8.318666915303329,True
Llama-3.2-3B,rf2_ex20,kvsharer_dissimilar@k4,kvsharer_dissimilar,4,0,live,0.8571428571428572,12.263290329249395,0.442,2.723105044960976,0.4909643771043464,-0.27599999999999997,1.3554079685269393,False
Llama-3.2-3B,rf2_ex20,kvsharer_similar@k4,kvsharer_similar,4,0,live,0.8571428571428572,10.905035105083572,0.496,2.223009002696722,0.373578722204142,-0.22199999999999998,0.8553119262626854,False
Llama-3.2-3B,rf2_ex20,cf_prev_head,cf_prev_head,10,0,clean,0.6428571428571428,167.67612416392964,0.028,7.836496185183525,3.1063883897676994,-0.69,6.468799108749488,True
Llama-3.2-3B,rf2_ex20,cf_next_head,cf_next_head,10,0,clean,0.6428571428571428,291.9710398549788,0.01,9.520660692691804,3.661008722153469,-0.708,8.152963616257766,True
Llama-3.2-3B,rf4_ex20,full,full,16,0,live,0.4285714285714286,25104.62708919345,0.0,15.064754487991332,8.115161557695759,-0.718,13.697057411557294,True
Llama-3.2-3B,rf2_ex00,full,full,14,0,live,0.5,18507.40659177284,0.0,15.706641140937805,7.810280390639804,-0.718,14.338944064503767,True
SmolLM3-3B-Base,control,no_reuse,no_reuse,0,0,live,1.0,7.5536640097028815,0.696,1.3815554051334038,0.0,0.0,0.0,False
SmolLM3-3B-Base,rf2_ex20,full,full,14,0,live,0.6111111111111112,85.84999983948848,0.018,9.066179451227187,2.430568840634102,-0.6779999999999999,7.684624046093783,True
SmolLM3-3B-Base,rf2_ex20,cka_high@k2,cka_high,2,0,live,0.9444444444444444,9.161410175707635,0.6,1.896271476201713,0.19296737131041164,-0.09599999999999997,0.5147160710683092,False
SmolLM3-3B-Base,rf2_ex20,cka_low@k2,cka_low,2,0,live,0.9444444444444444,8.244141597246236,0.586,1.9018269702866677,0.08747009383506255,-0.10999999999999999,0.5202715651532639,False
SmolLM3-3B-Base,rf2_ex20,kvdist_low@k2,kvdist_low,2,0,live,0.9444444444444444,8.557251437496243,0.472,2.50283366253227,0.12474630000186737,-0.22399999999999998,1.121278257398866,False
SmolLM3-3B-Base,rf2_ex20,kvdist_high@k2,kvdist_high,2,0,live,0.9444444444444444,10.234335071807942,0.566,1.9771714061424135,0.3037155060476633,-0.13,0.5956160010090097,False
SmolLM3-3B-Base,rf2_ex20,fidelity_high@k2,fidelity_high,2,0,live,0.9444444444444444,8.295990423660447,0.634,1.6985706631205977,0.09373957175469716,-0.061999999999999944,0.3170152579871939,False
SmolLM3-3B-Base,rf2_ex20,random_same_ratio@k2#1,random_same_ratio,2,1,live,0.9444444444444444,8.717377820840737,0.646,1.6969168870700524,0.14328573924009547,-0.04999999999999993,0.3153614819366486,False
SmolLM3-3B-Base,rf2_ex20,random_same_ratio@k2#2,random_same_ratio,2,2,live,0.9444444444444444,7.98434747000982,0.674,1.5273099526688456,0.055450314015265345,-0.02199999999999991,0.14575454753544181,False
SmolLM3-3B-Base,rf2_ex20,random_same_ratio@k2#3,random_same_ratio,2,3,live,0.9444444444444444,9.055708732629553,0.648,1.671547974500805,0.18136261318753322,-0.04799999999999993,0.28999256936740125,False
SmolLM3-3B-Base,rf2_ex20,cka_high@k5,cka_high,5,0,live,0.8611111111111112,13.526350022745063,0.4,2.9306762475222348,0.5826068917502893,-0.29599999999999993,1.549120842388831,False
SmolLM3-3B-Base,rf2_ex20,cka_low@k5,cka_low,5,0,live,0.8611111111111112,9.420983195858168,0.512,2.339226122327149,0.22090671153540775,-0.18399999999999994,0.9576707171937451,False
SmolLM3-3B-Base,rf2_ex20,kvdist_low@k5,kvdist_low,5,0,live,0.8611111111111112,9.59149770290848,0.458,2.6876527893468736,0.2388443052621012,-0.23799999999999993,1.3060973842134698,False
SmolLM3-3B-Base,rf2_ex20,kvdist_high@k5,kvdist_high,5,0,live,0.8611111111111112,16.853610870700745,0.402,2.9434318279474976,0.8025321839978461,-0.29399999999999993,1.5618764228140938,False
SmolLM3-3B-Base,rf2_ex20,fidelity_high@k5,fidelity_high,5,0,live,0.8611111111111112,13.219497002040333,0.348,3.0324759493730964,0.5596600406028176,-0.348,1.6509205442396926,False
SmolLM3-3B-Base,rf2_ex20,random_same_ratio@k5#1,random_same_ratio,5,1,live,0.8611111111111112,12.41085589452933,0.39,2.925203297749161,0.4965388201315184,-0.30599999999999994,1.5436478926157573,False
SmolLM3-3B-Base,rf2_ex20,random_same_ratio@k5#2,random_same_ratio,5,2,live,0.8611111111111112,11.701207865764571,0.518,2.4224191840291023,0.4376593280256271,-0.17799999999999994,1.0408637788956985,False
SmolLM3-3B-Base,rf2_ex20,random_same_ratio@k5#3,random_same_ratio,5,3,live,0.8611111111111112,10.588439952299897,0.53,2.3126608117595318,0.33773009063581005,-0.16599999999999993,0.931105406626128,False
SmolLM3-3B-Base,rf2_ex20,cka_high@k7,cka_high,7,0,live,0.8055555555555556,18.580454096416258,0.234,3.994294937372208,0.900077428312791,-0.46199999999999997,2.612739532238804,False
SmolLM3-3B-Base,rf2_ex20,cka_low@k7,cka_low,7,0,live,0.8055555555555556,11.566845045388837,0.488,2.560949774169363,0.4261100751176228,-0.20799999999999996,1.1793943690359594,False
SmolLM3-3B-Base,rf2_ex20,kvdist_low@k7,kvdist_low,7,0,live,0.8055555555555556,10.654218363936112,0.354,3.3463440245054663,0.3439231594030203,-0.34199999999999997,1.9647886193720625,False
SmolLM3-3B-Base,rf2_ex20,kvdist_high@k7,kvdist_high,7,0,live,0.8055555555555556,21.21922637507773,0.32,3.523760095775128,1.0328749303336515,-0.37599999999999995,2.1422046906417243,False
SmolLM3-3B-Base,rf2_ex20,fidelity_high@k7,fidelity_high,7,0,live,0.8055555555555556,23.761667950455852,0.276,3.857303175240755,1.1460409471258464,-0.41999999999999993,2.4757477701073514,False
SmolLM3-3B-Base,rf2_ex20,random_same_ratio@k7#1,random_same_ratio,7,1,live,0.8055555555555556,13.079818871001407,0.304,3.9259947038590903,0.5490377533106958,-0.39199999999999996,2.5444392987256865,False
SmolLM3-3B-Base,rf2_ex20,random_same_ratio@k7#2,random_same_ratio,7,2,live,0.8055555555555556,13.981508518717018,0.342,3.2866582580804824,0.6157028916322038,-0.3539999999999999,1.9051028529470786,False
SmolLM3-3B-Base,rf2_ex20,random_same_ratio@k7#3,random_same_ratio,7,3,live,0.8055555555555556,18.44380803143973,0.238,4.072394059687853,0.8926959612657952,-0.45799999999999996,2.690838654554449,False
SmolLM3-3B-Base,rf2_ex20,random_source@k14#1,random_source,14,1,live,0.6111111111111112,69.17796388928626,0.06,7.033426148772239,2.214649626164576,-0.6359999999999999,5.651870743638836,False
SmolLM3-3B-Base,rf2_ex20,random_source@k14#2,random_source,14,2,live,0.6111111111111112,45.157244038166354,0.064,7.223553097844124,1.7881179659667623,-0.6319999999999999,5.84199769271072,False
SmolLM3-3B-Base,rf2_ex20,random_source@k14#3,random_source,14,3,live,0.6111111111111112,46.31436434868945,0.058,7.142728349983692,1.8134194132485,-0.6379999999999999,5.761172944850288,False
SmolLM3-3B-Base,rf2_ex20,kvsharer_dissimilar@k5,kvsharer_dissimilar,5,0,live,0.8611111111111112,14.804518349030063,0.344,3.306576054483652,0.6728996831910581,-0.352,1.9250206493502482,False
SmolLM3-3B-Base,rf2_ex20,kvsharer_similar@k5,kvsharer_similar,5,0,live,0.8611111111111112,8.700386017934221,0.62,1.7994582915529609,0.14133464971401244,-0.07599999999999996,0.4179028864195571,False
SmolLM3-3B-Base,rf2_ex20,cf_prev_head,cf_prev_head,13,0,clean,0.6388888888888888,46.286406239610535,0.038,7.768440159440041,1.8128155714067784,-0.6579999999999999,6.386884754306637,False
SmolLM3-3B-Base,rf2_ex20,cf_next_head,cf_next_head,13,0,clean,0.6388888888888888,47.88955689635471,0.026,8.067883214592934,1.8468647169423473,-0.6699999999999999,6.68632780945953,False
SmolLM3-3B-Base,rf4_ex20,full,full,21,0,live,0.4166666666666666,3777.560760827515,0.0,15.19242055606842,6.2148010341090005,-0.696,13.810865150935015,True
SmolLM3-3B-Base,rf2_ex00,full,full,18,0,live,0.5,1508.517740941385,0.004,12.94658615922928,5.296850074340822,-0.692,11.565030754095876,True
Qwen3-4B-Base,control,no_reuse,no_reuse,0,0,live,1.0,7.429857597534476,0.686,1.474027127160225,0.0,0.0,0.0,False
Qwen3-4B-Base,rf2_ex20,full,full,14,0,live,0.6111111111111112,615.288762539593,0.01,11.010995583057404,4.416584997526211,-0.676,9.53696845589718,True
Qwen3-4B-Base,rf2_ex20,cka_high@k2,cka_high,2,0,live,0.9444444444444444,8.479603714969926,0.612,1.848873063538224,0.13215702431752696,-0.07400000000000007,0.374845936377999,False
Qwen3-4B-Base,rf2_ex20,cka_low@k2,cka_low,2,0,live,0.9444444444444444,9.896335543432318,0.634,1.879336575292109,0.28665784882205925,-0.052000000000000046,0.40530944813188396,False
Qwen3-4B-Base,rf2_ex20,kvdist_low@k2,kvdist_low,2,0,live,0.9444444444444444,8.206858276449008,0.65,1.7108034942150117,0.09946348721101783,-0.03600000000000003,0.23677636705478666,False
Qwen3-4B-Base,rf2_ex20,kvdist_high@k2,kvdist_high,2,0,live,0.9444444444444444,9.371054671931288,0.686,1.7919332134183497,0.2321189556175023,0.0,0.31790608625812466,False
Qwen3-4B-Base,rf2_ex20,fidelity_high@k2,fidelity_high,2,0,live,0.9444444444444444,9.51703392984854,0.664,1.7382751583145,0.24757654559797482,-0.02200000000000002,0.264248031154275,False
Qwen3-4B-Base,rf2_ex20,random_same_ratio@k2#1,random_same_ratio,2,1,live,0.9444444444444444,8.21029211791305,0.626,1.7569702797187492,0.09988181090686421,-0.06000000000000005,0.2829431525585242,False
Qwen3-4B-Base,rf2_ex20,random_same_ratio@k2#2,random_same_ratio,2,2,live,0.9444444444444444,9.968493678428317,0.646,1.9362404203601185,0.29392279447670866,-0.040000000000000036,0.46221329319989346,False
Qwen3-4B-Base,rf2_ex20,random_same_ratio@k2#3,random_same_ratio,2,3,live,0.9444444444444444,8.330341981493488,0.672,1.5625331703107803,0.11439781686787054,-0.014000000000000012,0.08850604315055532,False
Qwen3-4B-Base,rf2_ex20,cka_high@k5,cka_high,5,0,live,0.8611111111111112,11.443736184400692,0.384,3.083381056733429,0.43193582950933074,-0.30200000000000005,1.6093539295732042,False
Qwen3-4B-Base,rf2_ex20,cka_low@k5,cka_low,5,0,live,0.8611111111111112,12.57541001107312,0.52,2.507413582683541,0.5262366280395079,-0.16600000000000004,1.033386455523316,False
Qwen3-4B-Base,rf2_ex20,kvdist_low@k5,kvdist_low,5,0,live,0.8611111111111112,10.822300546669002,0.496,2.504235313937068,0.37610217798888046,-0.19000000000000006,1.030208186776843,False
Qwen3-4B-Base,rf2_ex20,kvdist_high@k5,kvdist_high,5,0,live,0.8611111111111112,14.18181751020756,0.496,2.835484113065526,0.646453994424927,-0.19000000000000006,1.361456985905301,False
Qwen3-4B-Base,rf2_ex20,fidelity_high@k5,fidelity_high,5,0,live,0.8611111111111112,16.883825357586122,0.454,2.6475410738810896,0.8208493915342161,-0.23200000000000004,1.1735139467208646,False
Qwen3-4B-Base,rf2_ex20,random_same_ratio@k5#1,random_same_ratio,5,1,live,0.8611111111111112,10.278810294476248,0.614,2.028631543427706,0.3245778305513798,-0.07200000000000006,0.5546044162674808,False
Qwen3-4B-Base,rf2_ex20,random_same_ratio@k5#2,random_same_ratio,5,2,live,0.8611111111111112,11.926112058862293,0.438,2.87602187050879,0.4732235941693359,-0.24800000000000005,1.401994743348565,False
Qwen3-4B-Base,rf2_ex20,random_same_ratio@k5#3,random_same_ratio,5,3,live,0.8611111111111112,10.53158259741564,0.612,1.9970470188595355,0.34887191633530357,-0.07400000000000007,0.5230198916993105,False
Qwen3-4B-Base,rf2_ex20,cka_high@k7,cka_high,7,0,live,0.8055555555555556,14.67260632331658,0.364,3.3879942737072706,0.6804755471899528,-0.32200000000000006,1.9139671465470456,False
Qwen3-4B-Base,rf2_ex20,cka_low@k7,cka_low,7,0,live,0.8055555555555556,22.519692858432503,0.31,3.943679405927658,1.1088834718962826,-0.37600000000000006,2.469652278767433,False
Qwen3-4B-Base,rf2_ex20,kvdist_low@k7,kvdist_low,7,0,live,0.8055555555555556,27.279489108044285,0.184,4.3745651422441005,1.30062841241983,-0.502,2.9005380150838755,False
Qwen3-4B-Base,rf2_ex20,kvdist_high@k7,kvdist_high,7,0,live,0.8055555555555556,19.244540450174533,0.446,3.3072360733225943,0.9517207148610014,-0.24000000000000005,1.8332089461623693,False
Qwen3-4B-Base,rf2_ex20,fidelity_high@k7,fidelity_high,7,0,live,0.8055555555555556,27.8806085769134,0.29,3.772660606086254,1.3224247214252296,-0.3960000000000001,2.298633478926029,False
Qwen3-4B-Base,rf2_ex20,random_same_ratio@k7#1,random_same_ratio,7,1,live,0.8055555555555556,14.483703778889542,0.254,4.065584897466004,0.667517447415785,-0.43200000000000005,2.591557770305779,False
Qwen3-4B-Base,rf2_ex20,random_same_ratio@k7#2,random_same_ratio,7,2,live,0.8055555555555556,23.843301501971023,0.282,4.157989683419466,1.1659966257607262,-0.4040000000000001,2.6839625562592406,False
Qwen3-4B-Base,rf2_ex20,random_same_ratio@k7#3,random_same_ratio,7,3,live,0.8055555555555556,15.552119313773847,0.404,3.1079678825214505,0.7386902269443341,-0.28200000000000003,1.6339407553612255,False
Qwen3-4B-Base,rf2_ex20,random_source@k14#1,random_source,14,1,live,0.6111111111111112,189.5510569881673,0.058,7.234680449128151,3.239151725580367,-0.628,5.760653321967926,True
Qwen3-4B-Base,rf2_ex20,random_source@k14#2,random_source,14,2,live,0.6111111111111112,155.8334892819799,0.124,6.51059543299675,3.04328136813103,-0.562,5.036568305836525,True
Qwen3-4B-Base,rf2_ex20,random_source@k14#3,random_source,14,3,live,0.6111111111111112,142.33368305981037,0.072,7.528845656514168,2.9526674889831037,-0.6140000000000001,6.054818529353943,True
Qwen3-4B-Base,rf2_ex20,kvsharer_dissimilar@k5,kvsharer_dissimilar,5,0,live,0.8611111111111112,23.08552790489731,0.414,3.478785813873168,1.1336992309035345,-0.2720000000000001,2.004758686712943,False
Qwen3-4B-Base,rf2_ex20,kvsharer_similar@k5,kvsharer_similar,5,0,live,0.8611111111111112,8.85234705047557,0.588,1.9129730732291936,0.17517593463410952,-0.09800000000000009,0.43894594606896864,False
Qwen3-4B-Base,rf2_ex20,cf_prev_head,cf_prev_head,13,0,clean,0.6388888888888888,113.95182027331244,0.048,7.79820858168602,2.7302690372110634,-0.638,6.324181454525795,True
Qwen3-4B-Base,rf2_ex20,cf_next_head,cf_next_head,13,0,clean,0.6388888888888888,228.05921821972248,0.02,9.64007278609276,3.424098631595486,-0.666,8.166045658932536,True
Qwen3-4B-Base,rf4_ex20,full,full,21,0,live,0.4166666666666666,670487.1105383752,0.0,19.19431273651123,11.4102530651936,-0.686,17.720285609351002,True
Qwen3-4B-Base,rf2_ex00,full,full,18,0,live,0.5,14871.124339200627,0.0,14.965138361930848,7.601669955170894,-0.686,13.491111234770623,True
