model,covariate,smd_before,smd_after,n_pairs
SmolLM2-360M,length,-0.7879744102898991,0.0,24
SmolLM2-360M,ortho_n,0.7161012320087913,0.0,24
SmolLM2-360M,bg_mean,-0.014696866167279438,0.008995816720124516,24
SmolLM2-360M,log_freq,3.876410890205772,3.0461149496998754,24
SmolLM2-360M,n_tokens,-2.186437303398985,0.0,24
Qwen2.5-1.5B,length,-0.7879744102898991,0.0,18
Qwen2.5-1.5B,ortho_n,0.7161012320087913,0.0,18
Qwen2.5-1.5B,bg_mean,-0.014696866167279438,0.01791907791769735,18
Qwen2.5-1.5B,log_freq,3.876410890205772,3.101931732538493,18
Qwen2.5-1.5B,n_tokens,-2.3722236960832292,0.0,18
Llama-3.2-1B,length,-0.7879744102898991,0.0,18
Llama-3.2-1B,ortho_n,0.7161012320087913,0.0,18
Llama-3.2-1B,bg_mean,-0.014696866167279438,0.01791907791769735,18
Llama-3.2-1B,log_freq,3.876410890205772,3.101931732538493,18
Llama-3.2-1B,n_tokens,-2.3722236960832292,0.0,18
Qwen2.5-3B,length,-0.7879744102898991,0.0,18
Qwen2.5-3B,ortho_n,0.7161012320087913,0.0,18
Qwen2.5-3B,bg_mean,-0.014696866167279438,0.01791907791769735,18
Qwen2.5-3B,log_freq,3.876410890205772,3.101931732538493,18
Qwen2.5-3B,n_tokens,-2.3722236960832292,0.0,18
Llama-3.2-3B,length,-0.7879744102898991,0.0,18
Llama-3.2-3B,ortho_n,0.7161012320087913,0.0,18
Llama-3.2-3B,bg_mean,-0.014696866167279438,0.01791907791769735,18
Llama-3.2-3B,log_freq,3.876410890205772,3.101931732538493,18
Llama-3.2-3B,n_tokens,-2.3722236960832292,0.0,18
SmolLM3-3B-Base,length,-0.7879744102898991,0.0,18
SmolLM3-3B-Base,ortho_n,0.7161012320087913,0.0,18
SmolLM3-3B-Base,bg_mean,-0.014696866167279438,0.01791907791769735,18
SmolLM3-3B-Base,log_freq,3.876410890205772,3.101931732538493,18
SmolLM3-3B-Base,n_tokens,-2.3722236960832292,0.0,18
Qwen3-4B-Base,length,-0.7879744102898991,0.0,18
Qwen3-4B-Base,ortho_n,0.7161012320087913,0.0,18
Qwen3-4B-Base,bg_mean,-0.014696866167279438,0.01791907791769735,18
Qwen3-4B-Base,log_freq,3.876410890205772,3.101931732538493,18
Qwen3-4B-Base,n_tokens,-2.3722236960832292,0.0,18
