model,family_model,alignment,outcome,n_runs,rho_pooled_descriptive,p_pooled_descriptive,rho_within_k,p_within_k,n_runs_within_k,n_k_strata
SmolLM2-360M,SmolLM,H6,delta_log_ppl,34,0.6286674816625917,6.843285117486083e-05,0.1163145958115729,0.5648435156484352,32,4
SmolLM2-360M,SmolLM,H6,delta_lambada_acc,34,-0.7150283583422716,2.0198672654743656e-06,-0.5497493769880845,0.0037996200379962005,32,4
SmolLM2-360M,SmolLM,H6,delta_lambada_nll,34,0.7191320293398534,1.6554131389964649e-06,0.596866570934398,0.0016998300169983002,32,4
SmolLM2-360M,SmolLM,H8c,delta_behavior_auc,20,0.0052671181339352885,0.9824171825047303,0.06683003761675915,0.7889211078892111,20,2
Qwen2.5-1.5B,Qwen,H6,delta_log_ppl,34,0.8844743276283619,3.9966675366019524e-12,0.12568001778939517,0.573942605739426,32,5
Qwen2.5-1.5B,Qwen,H6,delta_lambada_acc,34,-0.8376395927640168,6.508514205753786e-10,-0.044572429475271555,0.8356164383561644,32,5
Qwen2.5-1.5B,Qwen,H6,delta_lambada_nll,34,0.8328239608801956,1.0015100996153581e-09,-0.10537740553164208,0.6267373262673732,32,5
Qwen2.5-1.5B,Qwen,H8c,delta_behavior_auc,25,0.8145440554059252,7.204482371033125e-07,0.7652787892372002,9.999000099990002e-05,25,2
Llama-3.2-1B,Llama,H6,delta_log_ppl,34,0.9464831804281346,2.832966098314524e-17,0.7703373988139686,9.999000099990002e-05,32,5
Llama-3.2-1B,Llama,H6,delta_lambada_acc,34,-0.8938434219631559,1.1071501470691356e-12,-0.49264476064181284,0.012198780121987801,32,5
Llama-3.2-1B,Llama,H6,delta_lambada_nll,34,0.9009174311926605,3.870237466962282e-13,0.5174150539337029,0.005699430056994301,32,5
Llama-3.2-1B,Llama,H8c,delta_behavior_auc,34,0.9352363413136895,5.52439668921343e-16,0.9206694932620602,9.999000099990002e-05,34,3
Qwen2.5-3B,Qwen,H6,delta_log_ppl,34,0.6723716381418093,1.3287169901823918e-05,-0.31919927682889954,0.11988801119888011,32,5
Qwen2.5-3B,Qwen,H6,delta_lambada_acc,34,-0.658872084724039,2.267195875496632e-05,0.15801492347677906,0.46005399460054,32,5
Qwen2.5-3B,Qwen,H6,delta_lambada_nll,34,0.6567848410757946,2.4566625317883277e-05,-0.20799892623137464,0.32556744325567444,32,5
Qwen2.5-3B,Qwen,H8c,delta_behavior_auc,41,0.7336004878473734,4.862886828315704e-08,0.7017367555743287,0.00019998000199980003,41,3
Llama-3.2-3B,Llama,H6,delta_log_ppl,34,0.8640183346065697,4.6569138821085365e-11,0.3086165696532774,0.1267873212678732,32,5
Llama-3.2-3B,Llama,H6,delta_lambada_acc,34,-0.8917927972786904,1.4809928839694778e-12,-0.5087935456431728,0.006899310068993101,32,5
Llama-3.2-3B,Llama,H6,delta_lambada_nll,34,0.8698242933537051,2.4199749409985855e-11,0.3345491806968807,0.0918908109189081,32,5
Llama-3.2-3B,Llama,H8c,delta_behavior_auc,40,0.8651031894934335,6.052427503000715e-13,0.8547713843947031,9.999000099990002e-05,40,3
SmolLM3-3B-Base,SmolLM,H6,delta_log_ppl,34,0.9162719633307866,2.929458245548747e-14,0.8299266166786337,9.999000099990002e-05,32,5
SmolLM3-3B-Base,SmolLM,H6,delta_lambada_acc,34,-0.8221543162719633,2.483940895574934e-09,-0.4523686735910077,0.025797420257974202,32,5
SmolLM3-3B-Base,SmolLM,H6,delta_lambada_nll,34,0.817265087853323,3.6923260587077797e-09,0.4370593603910723,0.030996900309969003,32,5
SmolLM3-3B-Base,SmolLM,H8c,delta_behavior_auc,43,0.8740466661632561,1.970574622868134e-14,0.8507414013323212,9.999000099990002e-05,43,3
Qwen3-4B-Base,Qwen,H6,delta_log_ppl,34,0.8582123758594346,8.70271443590047e-11,0.05125845799319893,0.8192180781921807,32,5
Qwen3-4B-Base,Qwen,H6,delta_lambada_acc,34,-0.8570337200804877,9.847404869156109e-11,0.10299112161767589,0.6228377162283771,32,5
Qwen3-4B-Base,Qwen,H6,delta_lambada_nll,34,0.8805194805194805,6.64970007220407e-12,0.0704389927991656,0.742025797420258,32,5
Qwen3-4B-Base,Qwen,H8c,delta_behavior_auc,42,0.6875455797747346,4.907433292861263e-07,0.5919356164407853,9.999000099990002e-05,42,3
