model,family_model,readout,readout_layer,primary_metric,first_eligible_layer,peak_layer,peak_depth,peak_depth_ci_low,peak_depth_ci_high,peak_damage,peak_layer_all_layers,peak_depth_all_layers,peak_depth_all_layers_ci_low,peak_depth_all_layers_ci_high,peak_damage_all_layers
SmolLM2-360M,SmolLM,layer21,21,d_all,7,10,0.3225806451612903,0.3225806451612903,0.3225806451612903,0.7400834118934894,1,0.03225806451612903,0.03225806451612903,0.03225806451612903,2.6231848075651616
SmolLM2-360M,SmolLM,layer31,31,d_all,7,10,0.3225806451612903,0.3225806451612903,0.3225806451612903,0.8622416398902395,1,0.03225806451612903,0.03225806451612903,0.03225806451612903,2.119075716850344
SmolLM2-360M,SmolLM,behavior,32,auc_all,7,17,0.5483870967741935,0.45161290322580644,0.5483870967741935,0.21849688888888885,1,0.03225806451612903,0.03225806451612903,0.10564516129031451,0.24303200000000003
Qwen2.5-1.5B,Qwen,layer13,13,d_all,6,11,0.4074074074074074,0.4074074074074074,0.48148148148148145,0.6674365269411497,1,0.037037037037037035,0.037037037037037035,0.037037037037037035,4.112310257601055
Qwen2.5-1.5B,Qwen,layer27,27,d_all,6,25,0.9259259259259259,0.2222222222222222,0.9259259259259259,0.790441170883172,1,0.037037037037037035,0.037037037037037035,0.037037037037037035,3.597071422956478
Qwen2.5-1.5B,Qwen,behavior,28,auc_all,6,11,0.4074074074074074,0.3333333333333333,0.4074074074074074,0.16245422222222217,1,0.037037037037037035,0.037037037037037035,0.037037037037037035,0.6089297777777778
Llama-3.2-1B,Llama,layer5,5,d_all,4,4,0.26666666666666666,0.26666666666666666,0.26666666666666666,0.8181393835554918,1,0.06666666666666667,0.06666666666666667,0.06666666666666667,2.3447196280363127
Llama-3.2-1B,Llama,layer15,15,d_all,4,5,0.3333333333333333,0.3333333333333333,0.6,0.8347693225045094,1,0.06666666666666667,0.06666666666666667,0.06666666666666667,1.8735450298701375
Llama-3.2-1B,Llama,behavior,16,auc_all,4,4,0.26666666666666666,0.26666666666666666,0.26666666666666666,0.4062337777777778,2,0.13333333333333333,0.13333333333333333,0.13333333333333333,0.5535795555555556
Qwen2.5-3B,Qwen,layer19,19,d_all,8,13,0.37142857142857144,0.37142857142857144,0.5142857142857142,0.33637320969566353,1,0.02857142857142857,0.02857142857142857,0.02857142857142857,4.0012244377014605
Qwen2.5-3B,Qwen,layer35,35,d_all,8,34,0.9714285714285714,0.6857142857142857,0.9714285714285714,0.4498566874913612,1,0.02857142857142857,0.02857142857142857,0.02857142857142857,3.3316830674162197
Qwen2.5-3B,Qwen,behavior,36,d_all,8,14,0.4,0.4,0.4,1.2192505468473533,1,0.02857142857142857,0.02857142857142857,0.02857142857142857,3.7740438941621774
Llama-3.2-3B,Llama,layer10,10,d_all,6,6,0.2222222222222222,0.2222222222222222,0.2222222222222222,0.6053456912548087,3,0.1111111111111111,0.1111111111111111,0.1111111111111111,3.4955691096076653
Llama-3.2-3B,Llama,layer27,27,d_all,6,6,0.2222222222222222,0.2222222222222222,0.25925925925925924,0.5085709933181559,4,0.14814814814814814,0.14814814814814814,0.14814814814814814,2.425103876391989
Llama-3.2-3B,Llama,behavior,28,auc_all,6,9,0.3333333333333333,0.3333333333333333,0.3333333333333333,0.19667911111111103,3,0.1111111111111111,0.1111111111111111,0.1111111111111111,0.382856
SmolLM3-3B-Base,SmolLM,layer17,17,d_all,8,8,0.22857142857142856,0.22857142857142856,0.34285714285714286,0.8686593220861458,1,0.02857142857142857,0.02857142857142857,0.02857142857142857,2.5086987353629118
SmolLM3-3B-Base,SmolLM,layer35,35,d_all,8,8,0.22857142857142856,0.22857142857142856,0.22857142857142856,0.8708485307662781,1,0.02857142857142857,0.02857142857142857,0.02857142857142857,1.8971249592275048
SmolLM3-3B-Base,SmolLM,behavior,36,d_all,8,12,0.34285714285714286,0.34285714285714286,0.34285714285714286,2.1799640906819158,12,0.34285714285714286,0.34285714285714286,0.34285714285714286,2.1799640906819158
Qwen3-4B-Base,Qwen,layer22,22,d_all,8,16,0.45714285714285713,0.45714285714285713,0.45714285714285713,0.5533955706746472,1,0.02857142857142857,0.02857142857142857,0.02857142857142857,1.9219801273476547
Qwen3-4B-Base,Qwen,layer35,35,d_all,8,34,0.9714285714285714,0.45714285714285713,0.9714285714285714,0.831527602733821,1,0.02857142857142857,0.02857142857142857,0.02857142857142857,1.3922196531564697
Qwen3-4B-Base,Qwen,behavior,36,d_all,8,12,0.34285714285714286,0.34285714285714286,0.37142857142857144,0.8218928843797055,1,0.02857142857142857,0.02857142857142857,0.02857142857142857,1.2188147178647482
