model,family_model,layer,is_peak_layer,static_auc,static_mdl_compression,layer_auc,estimate,se,ci_low,ci_high,p_value,ci_excludes_zero
SmolLM2-360M,SmolLM,0,False,0.8450044444444444,1.2242534909678464,0.7870844444444445,-0.05791999999999997,0.008839521405929028,-0.07511008888888891,-0.04028417777777779,5.6623068901805747e-11,True
SmolLM2-360M,SmolLM,1,False,0.8450044444444444,1.2242534909678464,0.8727075555555556,0.027703111111111123,0.008363173524151618,0.011623244444444462,0.0439991555555556,0.0009246222042037003,True
SmolLM2-360M,SmolLM,2,False,0.8450044444444444,1.2242534909678464,0.9172782222222222,0.07227377777777777,0.008821429341377253,0.05538133333333328,0.08982586666666667,2.548404682931756e-16,True
SmolLM2-360M,SmolLM,3,False,0.8450044444444444,1.2242534909678464,0.9582826666666666,0.11327822222222217,0.009069654822516286,0.09575106666666668,0.13197768888888892,8.48611346656379e-36,True
SmolLM2-360M,SmolLM,4,False,0.8450044444444444,1.2242534909678464,0.9648568888888889,0.11985244444444443,0.009137269217566225,0.10209200000000007,0.13791346666666665,2.635715889944471e-39,True
SmolLM2-360M,SmolLM,5,False,0.8450044444444444,1.2242534909678464,0.9731786666666666,0.1281742222222222,0.009444955113759184,0.11028648888888892,0.1467924,5.978582309487598e-42,True
SmolLM2-360M,SmolLM,6,False,0.8450044444444444,1.2242534909678464,0.9776622222222222,0.13265777777777776,0.009573530121583166,0.1141595555555556,0.15140311111111113,1.1583955514073229e-43,True
SmolLM2-360M,SmolLM,7,False,0.8450044444444444,1.2242534909678464,0.9831697777777778,0.13816533333333336,0.00955777701324703,0.11964786666666674,0.15698542222222217,2.3042956887910605e-47,True
SmolLM2-360M,SmolLM,8,False,0.8450044444444444,1.2242534909678464,0.9855413333333334,0.14053688888888893,0.009577876151516673,0.12219377777777783,0.15946173333333333,9.589959426698262e-49,True
SmolLM2-360M,SmolLM,9,False,0.8450044444444444,1.2242534909678464,0.9846346666666667,0.1396302222222222,0.009598782510669245,0.12097768888888893,0.1585315111111111,6.132527925792751e-48,True
SmolLM2-360M,SmolLM,10,False,0.8450044444444444,1.2242534909678464,0.9874755555555556,0.1424711111111111,0.00959990572644332,0.12325177777777777,0.16097302222222215,7.969579413356678e-50,True
SmolLM2-360M,SmolLM,11,False,0.8450044444444444,1.2242534909678464,0.9875253333333334,0.14252088888888892,0.009591150311174542,0.12363462222222214,0.16107142222222212,6.026231220294949e-50,True
SmolLM2-360M,SmolLM,12,False,0.8450044444444444,1.2242534909678464,0.9910364444444445,0.14603200000000005,0.009614155471286908,0.1269487111111111,0.16445604444444445,4.165346546022378e-52,True
SmolLM2-360M,SmolLM,13,False,0.8450044444444444,1.2242534909678464,0.9921848888888889,0.14718044444444445,0.009637870125101877,0.12853222222222227,0.16572857777777775,1.1922846398400408e-52,True
SmolLM2-360M,SmolLM,14,False,0.8450044444444444,1.2242534909678464,0.992304,0.14729955555555552,0.009643392181869333,0.1286308888888889,0.1659398666666666,1.1281152508503932e-52,True
SmolLM2-360M,SmolLM,15,False,0.8450044444444444,1.2242534909678464,0.9921226666666667,0.14711822222222226,0.00964283293286245,0.12853444444444448,0.16582493333333342,1.4847703104804135e-52,True
SmolLM2-360M,SmolLM,16,False,0.8450044444444444,1.2242534909678464,0.9927075555555556,0.14770311111111112,0.009609945938119068,0.12917333333333333,0.1664132888888889,2.609047742193029e-53,True
SmolLM2-360M,SmolLM,17,False,0.8450044444444444,1.2242534909678464,0.9935288888888889,0.14852444444444446,0.009609511450232136,0.12993457777777773,0.16720302222222222,6.875476758041065e-54,True
SmolLM2-360M,SmolLM,18,False,0.8450044444444444,1.2242534909678464,0.9930488888888889,0.14804444444444442,0.009612510476236428,0.12965062222222218,0.1667689777777778,1.6059586912706843e-53,True
SmolLM2-360M,SmolLM,19,False,0.8450044444444444,1.2242534909678464,0.9931271111111111,0.14812266666666662,0.009623532060606788,0.12952280000000005,0.16688337777777779,1.8603416622109518e-53,True
SmolLM2-360M,SmolLM,20,False,0.8450044444444444,1.2242534909678464,0.992336,0.14733155555555555,0.00964122518192742,0.1284729333333334,0.16611062222222225,1.0170930160641275e-52,True
SmolLM2-360M,SmolLM,21,True,0.8450044444444444,1.2242534909678464,0.99264,0.14763555555555552,0.009653601713369242,0.12882635555555552,0.16646155555555553,8.472758024493686e-53,True
SmolLM2-360M,SmolLM,22,False,0.8450044444444444,1.2242534909678464,0.9918702222222222,0.14686577777777776,0.009590442155493274,0.1281921333333333,0.16545502222222228,6.187598240369422e-53,True
SmolLM2-360M,SmolLM,23,False,0.8450044444444444,1.2242534909678464,0.991552,0.14654755555555554,0.009589608936435174,0.12775728888888888,0.1647563111111111,1.0093597606438572e-52,True
SmolLM2-360M,SmolLM,24,False,0.8450044444444444,1.2242534909678464,0.9909884444444444,0.145984,0.00955123388967178,0.12741635555555555,0.16446102222222228,9.729100951961544e-53,True
SmolLM2-360M,SmolLM,25,False,0.8450044444444444,1.2242534909678464,0.9892871111111111,0.14428266666666667,0.009638876358085538,0.12523062222222223,0.1628200444444444,1.173742915315423e-50,True
SmolLM2-360M,SmolLM,26,False,0.8450044444444444,1.2242534909678464,0.9894666666666667,0.14446222222222227,0.009595881855547264,0.12555217777777775,0.16302311111111106,3.2201123510537785e-51,True
SmolLM2-360M,SmolLM,27,False,0.8450044444444444,1.2242534909678464,0.9892213333333333,0.14421688888888884,0.009622556579649078,0.12536533333333333,0.16301919999999998,8.879036147305989e-51,True
SmolLM2-360M,SmolLM,28,False,0.8450044444444444,1.2242534909678464,0.9883324444444445,0.143328,0.009589617280228007,0.12472857777777775,0.16217666666666666,1.6498103332063652e-50,True
SmolLM2-360M,SmolLM,29,False,0.8450044444444444,1.2242534909678464,0.9885688888888889,0.1435644444444445,0.009587228978422263,0.12471222222222221,0.16247866666666674,1.076934955123739e-50,True
SmolLM2-360M,SmolLM,30,False,0.8450044444444444,1.2242534909678464,0.9883768888888889,0.1433724444444444,0.009556016977073374,0.12447457777777772,0.1622072888888889,6.978582186069329e-51,True
SmolLM2-360M,SmolLM,31,False,0.8450044444444444,1.2242534909678464,0.9872764444444444,0.14227199999999995,0.009583856083071869,0.12315746666666666,0.16108164444444448,7.499488758715641e-50,True
Qwen2.5-1.5B,Qwen,0,False,0.8550648888888889,1.2369779119992557,0.9214542222222222,0.0663893333333333,0.00811015640656294,0.05037582222222214,0.08273662222222214,2.7016430664597346e-16,True
Qwen2.5-1.5B,Qwen,1,False,0.8550648888888889,1.2369779119992557,0.9485244444444444,0.09345955555555552,0.008744330896428615,0.0768484888888889,0.11100546666666668,1.1582104337093389e-26,True
Qwen2.5-1.5B,Qwen,2,False,0.8550648888888889,1.2369779119992557,0.9678702222222222,0.11280533333333331,0.008787735678712156,0.09554364444444445,0.13039222222222221,1.0216511963955511e-37,True
Qwen2.5-1.5B,Qwen,3,False,0.8550648888888889,1.2369779119992557,0.9818773333333334,0.1268124444444445,0.009014495334675838,0.10990386666666667,0.1444611555555556,6.006151270240279e-45,True
Qwen2.5-1.5B,Qwen,4,False,0.8550648888888889,1.2369779119992557,0.9877973333333333,0.13273244444444443,0.009115446334548328,0.11530115555555548,0.15045728888888887,4.953147992649779e-48,True
Qwen2.5-1.5B,Qwen,5,False,0.8550648888888889,1.2369779119992557,0.990528,0.1354631111111111,0.009155933655334307,0.11798395555555563,0.15346524444444443,1.575098489446746e-49,True
Qwen2.5-1.5B,Qwen,6,False,0.8550648888888889,1.2369779119992557,0.9932213333333333,0.13815644444444442,0.009149906047742193,0.1204575555555556,0.15588479999999993,1.638602555174604e-51,True
Qwen2.5-1.5B,Qwen,7,False,0.8550648888888889,1.2369779119992557,0.9936035555555556,0.1385386666666667,0.009213740995188562,0.12087262222222223,0.1566984,4.259590232115768e-51,True
Qwen2.5-1.5B,Qwen,8,False,0.8550648888888889,1.2369779119992557,0.9934737777777778,0.13840888888888891,0.009275969462251826,0.12057342222222224,0.1566604888888889,2.3980584199539084e-50,True
Qwen2.5-1.5B,Qwen,9,False,0.8550648888888889,1.2369779119992557,0.9939644444444444,0.13889955555555555,0.009269695004362024,0.12118542222222217,0.1572327555555556,9.30508780040334e-51,True
Qwen2.5-1.5B,Qwen,10,False,0.8550648888888889,1.2369779119992557,0.9943537777777778,0.1392888888888889,0.00924099976955356,0.1214924888888889,0.15742093333333337,2.4406698606517947e-51,True
Qwen2.5-1.5B,Qwen,11,False,0.8550648888888889,1.2369779119992557,0.9950328888888889,0.13996799999999998,0.009233175109280008,0.12214702222222212,0.15800666666666666,6.581766748271921e-52,True
Qwen2.5-1.5B,Qwen,12,False,0.8550648888888889,1.2369779119992557,0.9955253333333334,0.1404604444444445,0.00925221775309868,0.12265951111111108,0.15843124444444445,4.705592071991893e-52,True
Qwen2.5-1.5B,Qwen,13,True,0.8550648888888889,1.2369779119992557,0.9961262222222222,0.14106133333333337,0.00928321836938646,0.12330675555555555,0.15925444444444445,3.798920238335049e-52,True
Qwen2.5-1.5B,Qwen,14,False,0.8550648888888889,1.2369779119992557,0.9962186666666667,0.14115377777777782,0.009256617839088911,0.12321568888888888,0.1592466222222222,1.6728105552241914e-52,True
Qwen2.5-1.5B,Qwen,15,False,0.8550648888888889,1.2369779119992557,0.9964,0.14133511111111108,0.009257335991795174,0.1235224444444444,0.15936564444444445,1.2617264859481943e-52,True
Qwen2.5-1.5B,Qwen,16,False,0.8550648888888889,1.2369779119992557,0.9960817777777777,0.14101688888888886,0.009269635714107983,0.12320253333333328,0.15896239999999998,2.909410430517106e-52,True
Qwen2.5-1.5B,Qwen,17,False,0.8550648888888889,1.2369779119992557,0.9960444444444444,0.14097955555555552,0.009276803350500377,0.12316497777777774,0.15898324444444442,3.702054541033576e-52,True
Qwen2.5-1.5B,Qwen,18,False,0.8550648888888889,1.2369779119992557,0.9957066666666666,0.14064177777777775,0.00925730157083867,0.12293519999999997,0.1587454666666667,3.963582385828064e-52,True
Qwen2.5-1.5B,Qwen,19,False,0.8550648888888889,1.2369779119992557,0.9962453333333333,0.14118044444444444,0.009267508453877365,0.12344386666666662,0.15942955555555555,2.1059123068651917e-52,True
Qwen2.5-1.5B,Qwen,20,False,0.8550648888888889,1.2369779119992557,0.9965635555555555,0.14149866666666666,0.009243749153112272,0.12392355555555547,0.15969426666666664,6.813551821949826e-53,True
Qwen2.5-1.5B,Qwen,21,False,0.8550648888888889,1.2369779119992557,0.9960337777777778,0.14096888888888892,0.009250806773195055,0.12329826666666659,0.15894297777777777,1.96173428004812e-52,True
Qwen2.5-1.5B,Qwen,22,False,0.8550648888888889,1.2369779119992557,0.9946933333333333,0.13962844444444444,0.009244883023583613,0.12191439999999994,0.15767751111111117,1.5397657840989462e-51,True
Qwen2.5-1.5B,Qwen,23,False,0.8550648888888889,1.2369779119992557,0.9943537777777778,0.1392888888888889,0.009215927134891982,0.12133955555555559,0.15721257777777783,1.3108059233626053e-51,True
Qwen2.5-1.5B,Qwen,24,False,0.8550648888888889,1.2369779119992557,0.9944124444444444,0.13934755555555556,0.009228334033875822,0.12148440000000005,0.15738853333333333,1.6201015459702467e-51,True
Qwen2.5-1.5B,Qwen,25,False,0.8550648888888889,1.2369779119992557,0.9937724444444445,0.13870755555555558,0.009223658153578982,0.12101324444444442,0.15652933333333333,4.1238827386628973e-51,True
Qwen2.5-1.5B,Qwen,26,False,0.8550648888888889,1.2369779119992557,0.9932977777777777,0.13823288888888885,0.009225004515167232,0.12052764444444442,0.1562694222222222,9.259845507256264e-51,True
Qwen2.5-1.5B,Qwen,27,False,0.8550648888888889,1.2369779119992557,0.9917048888888889,0.13663999999999998,0.009206228026026633,0.11887360000000002,0.15468559999999995,7.823614772322038e-50,True
Llama-3.2-1B,Llama,0,False,0.8583662222222223,1.2366848962137258,0.9006755555555556,0.04230933333333331,0.00842888192597609,0.025868355555555476,0.058799155555555524,5.178821590460212e-07,True
Llama-3.2-1B,Llama,1,False,0.8583662222222223,1.2366848962137258,0.9604035555555556,0.10203733333333331,0.008858067791968247,0.08430582222222223,0.11943364444444447,1.0565885949002847e-30,True
Llama-3.2-1B,Llama,2,False,0.8583662222222223,1.2366848962137258,0.9865991111111111,0.12823288888888884,0.009064610583428882,0.11123608888888885,0.14645919999999996,1.961706833780742e-45,True
Llama-3.2-1B,Llama,3,False,0.8583662222222223,1.2366848962137258,0.9950808888888889,0.13671466666666665,0.00914637679265533,0.11903497777777772,0.15482173333333335,1.6191937226766945e-50,True
Llama-3.2-1B,Llama,4,False,0.8583662222222223,1.2366848962137258,0.9960142222222222,0.137648,0.009171235211323691,0.11986804444444445,0.15561186666666668,6.443114227037344e-51,True
Llama-3.2-1B,Llama,5,True,0.8583662222222223,1.2366848962137258,0.9965582222222222,0.13819199999999998,0.009148527213967254,0.12056608888888895,0.1560765777777778,1.4923859609840316e-51,True
Llama-3.2-1B,Llama,6,False,0.8583662222222223,1.2366848962137258,0.9969297777777778,0.13856355555555555,0.00915305961452816,0.12091191111111113,0.15643031111111114,9.025432804817256e-52,True
Llama-3.2-1B,Llama,7,False,0.8583662222222223,1.2366848962137258,0.9970346666666666,0.13866844444444437,0.009160532561685208,0.12108039999999999,0.15669413333333335,9.149714665239919e-52,True
Llama-3.2-1B,Llama,8,False,0.8583662222222223,1.2366848962137258,0.9968551111111111,0.13848888888888888,0.009159229638783305,0.12082617777777775,0.15635106666666662,1.1927796148255113e-51,True
Llama-3.2-1B,Llama,9,False,0.8583662222222223,1.2366848962137258,0.9968764444444445,0.1385102222222222,0.009152501663217886,0.12108342222222222,0.15645515555555553,9.724025672096537e-52,True
Llama-3.2-1B,Llama,10,False,0.8583662222222223,1.2366848962137258,0.9966755555555555,0.13830933333333328,0.00912528783310551,0.12065871111111119,0.1559459111111111,6.841232332153996e-52,True
Llama-3.2-1B,Llama,11,False,0.8583662222222223,1.2366848962137258,0.9957262222222222,0.13735999999999993,0.00910472378546996,0.11998733333333328,0.1552496444444444,1.9818354971406446e-51,True
Llama-3.2-1B,Llama,12,False,0.8583662222222223,1.2366848962137258,0.9950684444444444,0.13670222222222217,0.00909868864794747,0.11900355555555556,0.15464902222222227,5.0829140340560336e-51,True
Llama-3.2-1B,Llama,13,False,0.8583662222222223,1.2366848962137258,0.9948177777777778,0.13645155555555555,0.009118258791776352,0.11867702222222228,0.1545921333333333,1.2497883898520553e-50,True
Llama-3.2-1B,Llama,14,False,0.8583662222222223,1.2366848962137258,0.9947093333333333,0.13634311111111108,0.009098262434737618,0.11857160000000004,0.1543765777777778,9.116964259643956e-51,True
Llama-3.2-1B,Llama,15,False,0.8583662222222223,1.2366848962137258,0.9931626666666666,0.13479644444444439,0.009108095174086067,0.11684053333333333,0.15262213333333333,1.4728919122830311e-49,True
Qwen2.5-3B,Qwen,0,False,0.8573671111111111,1.2115707921616332,0.9382435555555556,0.08087644444444453,0.008293167216980837,0.06393222222222222,0.09669368888888896,1.8055200561365668e-22,True
Qwen2.5-3B,Qwen,1,False,0.8573671111111111,1.2115707921616332,0.9593013333333333,0.10193422222222226,0.008555287345663567,0.0845616444444445,0.11848728888888888,9.914755110292136e-33,True
Qwen2.5-3B,Qwen,2,False,0.8573671111111111,1.2115707921616332,0.9715395555555556,0.11417244444444452,0.008637334818553147,0.09744151111111106,0.13076302222222225,6.863624429516323e-40,True
Qwen2.5-3B,Qwen,3,False,0.8573671111111111,1.2115707921616332,0.9753902222222223,0.11802311111111119,0.00874823507317105,0.10128302222222223,0.1347811555555556,1.765037297847948e-41,True
Qwen2.5-3B,Qwen,4,False,0.8573671111111111,1.2115707921616332,0.9769297777777778,0.1195626666666667,0.00869514486533904,0.10254128888888886,0.13637008888888894,5.0572553623735384e-43,True
Qwen2.5-3B,Qwen,5,False,0.8573671111111111,1.2115707921616332,0.9800657777777778,0.12269866666666673,0.008758759434137653,0.10579942222222227,0.13963742222222228,1.3794319669569006e-44,True
Qwen2.5-3B,Qwen,6,False,0.8573671111111111,1.2115707921616332,0.98248,0.12511288888888894,0.008857728204398672,0.10839253333333342,0.14217395555555554,2.6747872689406855e-45,True
Qwen2.5-3B,Qwen,7,False,0.8573671111111111,1.2115707921616332,0.9864657777777778,0.1290986666666667,0.008970022287355198,0.11170368888888896,0.14629177777777774,5.789451397715004e-47,True
Qwen2.5-3B,Qwen,8,False,0.8573671111111111,1.2115707921616332,0.9895608888888889,0.13219377777777785,0.008957685168041756,0.1149116888888889,0.14917831111111113,2.7496142258983997e-49,True
Qwen2.5-3B,Qwen,9,False,0.8573671111111111,1.2115707921616332,0.9916462222222222,0.13427911111111113,0.009112259385474407,0.11701248888888897,0.15178235555555555,3.780255253238328e-49,True
Qwen2.5-3B,Qwen,10,False,0.8573671111111111,1.2115707921616332,0.9951004444444445,0.13773333333333337,0.009151292016916094,0.12065448888888897,0.15567297777777775,3.41610347957106e-51,True
Qwen2.5-3B,Qwen,11,False,0.8573671111111111,1.2115707921616332,0.996112,0.13874488888888892,0.00906915168114173,0.12170528888888896,0.15616453333333327,7.817659970773275e-53,True
Qwen2.5-3B,Qwen,12,False,0.8573671111111111,1.2115707921616332,0.996736,0.13936888888888888,0.009072592926346087,0.12208239999999994,0.15707555555555552,2.965037710899721e-53,True
Qwen2.5-3B,Qwen,13,False,0.8573671111111111,1.2115707921616332,0.9976124444444444,0.14024533333333333,0.00904674246352417,0.12304853333333332,0.15794622222222213,3.34682989473069e-54,True
Qwen2.5-3B,Qwen,14,False,0.8573671111111111,1.2115707921616332,0.9980213333333333,0.14065422222222224,0.009035853933926889,0.12351253333333344,0.15839413333333335,1.2346460883272157e-54,True
Qwen2.5-3B,Qwen,15,False,0.8573671111111111,1.2115707921616332,0.9980906666666667,0.1407235555555556,0.009013671860069525,0.12379813333333338,0.15830097777777768,6.009520849052871e-55,True
Qwen2.5-3B,Qwen,16,False,0.8573671111111111,1.2115707921616332,0.9980266666666666,0.14065955555555554,0.009019621693880419,0.12359284444444442,0.158566,7.892111766192578e-55,True
Qwen2.5-3B,Qwen,17,False,0.8573671111111111,1.2115707921616332,0.998144,0.14077688888888895,0.009023787424628529,0.12365466666666672,0.15848217777777773,7.206427895188126e-55,True
Qwen2.5-3B,Qwen,18,False,0.8573671111111111,1.2115707921616332,0.9982364444444445,0.1408693333333334,0.009030656654727862,0.12379911111111119,0.15863791111111114,7.392786644570351e-55,True
Qwen2.5-3B,Qwen,19,True,0.8573671111111111,1.2115707921616332,0.998224,0.14085688888888892,0.009035180701023495,0.1237203111111111,0.1585902222222222,8.536665456524035e-55,True
Qwen2.5-3B,Qwen,20,False,0.8573671111111111,1.2115707921616332,0.9979626666666667,0.14059555555555558,0.0090392734257907,0.12344555555555561,0.15838448888888887,1.4980855951997602e-54,True
Qwen2.5-3B,Qwen,21,False,0.8573671111111111,1.2115707921616332,0.9978346666666666,0.14046755555555557,0.00903201249801611,0.12326177777777783,0.15811200000000003,1.5376194702811745e-54,True
Qwen2.5-3B,Qwen,22,False,0.8573671111111111,1.2115707921616332,0.9975662222222222,0.14019911111111116,0.009027749651921905,0.12317826666666666,0.15779168888888884,2.1807216391820176e-54,True
Qwen2.5-3B,Qwen,23,False,0.8573671111111111,1.2115707921616332,0.9976177777777778,0.14025066666666675,0.009046824289661805,0.12320142222222218,0.15794400000000003,3.323503147382144e-54,True
Qwen2.5-3B,Qwen,24,False,0.8573671111111111,1.2115707921616332,0.9980266666666666,0.14065955555555554,0.009048948650516402,0.12345702222222223,0.15838608888888886,1.739175211336613e-54,True
Qwen2.5-3B,Qwen,25,False,0.8573671111111111,1.2115707921616332,0.998176,0.14080888888888887,0.009038459680935642,0.12352328888888893,0.15864115555555544,1.0134763991129404e-54,True
Qwen2.5-3B,Qwen,26,False,0.8573671111111111,1.2115707921616332,0.9982577777777778,0.14089066666666672,0.009030211779497303,0.1237274666666667,0.15868017777777776,7.038966621170276e-55,True
Qwen2.5-3B,Qwen,27,False,0.8573671111111111,1.2115707921616332,0.9978435555555556,0.14047644444444451,0.009032149002252597,0.12360226666666667,0.1581263555555555,1.5197369791049077e-54,True
Qwen2.5-3B,Qwen,28,False,0.8573671111111111,1.2115707921616332,0.997312,0.1399448888888889,0.009050152045798331,0.12297399999999999,0.15770884444444452,6.140664350802032e-54,True
Qwen2.5-3B,Qwen,29,False,0.8573671111111111,1.2115707921616332,0.9975644444444445,0.1401973333333334,0.009044998671256379,0.12317893333333331,0.15801186666666672,3.46979360207425e-54,True
Qwen2.5-3B,Qwen,30,False,0.8573671111111111,1.2115707921616332,0.9972213333333333,0.1398542222222222,0.009033280667148378,0.12271373333333331,0.15770577777777778,4.582126905819434e-54,True
Qwen2.5-3B,Qwen,31,False,0.8573671111111111,1.2115707921616332,0.9969493333333334,0.13958222222222227,0.009009635821089896,0.12256702222222218,0.1572684444444445,3.895364351803004e-54,True
Qwen2.5-3B,Qwen,32,False,0.8573671111111111,1.2115707921616332,0.9968924444444445,0.1395253333333334,0.00899493954636061,0.1226924,0.15739488888888883,2.898586181320976e-54,True
Qwen2.5-3B,Qwen,33,False,0.8573671111111111,1.2115707921616332,0.99552,0.13815288888888888,0.009011952964511403,0.12136546666666675,0.15617115555555558,4.822748789020902e-53,True
Qwen2.5-3B,Qwen,34,False,0.8573671111111111,1.2115707921616332,0.9960213333333333,0.13865422222222223,0.009003060174602744,0.12156102222222226,0.15616551111111115,1.616866266014912e-53,True
Qwen2.5-3B,Qwen,35,False,0.8573671111111111,1.2115707921616332,0.9949386666666666,0.13757155555555556,0.009033807982234852,0.12062542222222217,0.15531968888888886,2.286987488134529e-52,True
Llama-3.2-3B,Llama,0,False,0.859952,1.2151668041997432,0.9241102222222223,0.06415822222222223,0.008437489687891472,0.04689640000000004,0.08020675555555551,2.8723349698981873e-14,True
Llama-3.2-3B,Llama,1,False,0.859952,1.2151668041997432,0.96808,0.108128,0.00855813050499463,0.09112688888888883,0.12430475555555552,1.3619678582323966e-36,True
Llama-3.2-3B,Llama,2,False,0.859952,1.2151668041997432,0.985248,0.12529599999999996,0.008749054175741532,0.1081153333333333,0.14202968888888895,1.6156700526840079e-46,True
Llama-3.2-3B,Llama,3,False,0.859952,1.2151668041997432,0.9949244444444444,0.13497244444444434,0.00896747200214873,0.11816644444444445,0.1523913777777778,3.383261322819439e-51,True
Llama-3.2-3B,Llama,4,False,0.859952,1.2151668041997432,0.9975093333333334,0.1375573333333333,0.009006045402603956,0.12048435555555556,0.15469404444444435,1.141578845058071e-52,True
Llama-3.2-3B,Llama,5,False,0.859952,1.2151668041997432,0.9979342222222222,0.13798222222222212,0.009016766594946483,0.12084013333333334,0.15507528888888886,7.318112395132296e-53,True
Llama-3.2-3B,Llama,6,False,0.859952,1.2151668041997432,0.9980675555555556,0.13811555555555555,0.009007561802001822,0.1211585333333334,0.15526666666666672,4.581814703695849e-53,True
Llama-3.2-3B,Llama,7,False,0.859952,1.2151668041997432,0.9984053333333334,0.13845333333333332,0.009020240383004464,0.12131920000000003,0.1556757333333334,3.5866705253473756e-53,True
Llama-3.2-3B,Llama,8,False,0.859952,1.2151668041997432,0.9984284444444445,0.1384764444444444,0.009021133520437975,0.12127737777777783,0.1557772888888888,3.5295096090784174e-53,True
Llama-3.2-3B,Llama,9,False,0.859952,1.2151668041997432,0.9984017777777778,0.13844977777777778,0.009018320811561398,0.12129964444444437,0.1558116888888889,3.4312982481561556e-53,True
Llama-3.2-3B,Llama,10,True,0.859952,1.2151668041997432,0.9980302222222223,0.1380782222222222,0.009029280300951651,0.12095075555555555,0.15543368888888884,8.609169688512297e-53,True
Llama-3.2-3B,Llama,11,False,0.859952,1.2151668041997432,0.9983537777777778,0.13840177777777773,0.009015120682755236,0.12133217777777774,0.15564604444444446,3.4246824121004026e-53,True
Llama-3.2-3B,Llama,12,False,0.859952,1.2151668041997432,0.9984977777777778,0.13854577777777777,0.009014804756714633,0.12148422222222229,0.15588835555555558,2.6546559939157526e-53,True
Llama-3.2-3B,Llama,13,False,0.859952,1.2151668041997432,0.9986648888888889,0.13871288888888889,0.009014271290099655,0.12170973333333339,0.15598644444444446,1.9659606764171473e-53,True
Llama-3.2-3B,Llama,14,False,0.859952,1.2151668041997432,0.9982417777777778,0.13828977777777773,0.009000729734164532,0.12131991111111104,0.1554965777777778,2.8415574462540214e-53,True
Llama-3.2-3B,Llama,15,False,0.859952,1.2151668041997432,0.9982346666666667,0.13828266666666666,0.008994019610426786,0.12130826666666666,0.15550933333333328,2.410025782088564e-53,True
Llama-3.2-3B,Llama,16,False,0.859952,1.2151668041997432,0.9979822222222222,0.13803022222222217,0.009003718512664658,0.12099351111111109,0.15550244444444444,4.793423185590689e-53,True
Llama-3.2-3B,Llama,17,False,0.859952,1.2151668041997432,0.997744,0.13779199999999991,0.008990851801907559,0.12093573333333331,0.15513115555555554,5.141727236902475e-53,True
Llama-3.2-3B,Llama,18,False,0.859952,1.2151668041997432,0.9974506666666667,0.13749866666666666,0.00898387857159,0.12054120000000008,0.15483862222222225,7.075293746003299e-53,True
Llama-3.2-3B,Llama,19,False,0.859952,1.2151668041997432,0.9975484444444445,0.1375964444444444,0.00899254519530405,0.12055022222222228,0.15483755555555562,7.509676355981406e-53,True
Llama-3.2-3B,Llama,20,False,0.859952,1.2151668041997432,0.9974577777777778,0.13750577777777773,0.00898198778170208,0.12045768888888893,0.15461573333333337,6.651970976442508e-53,True
Llama-3.2-3B,Llama,21,False,0.859952,1.2151668041997432,0.9973528888888888,0.1374008888888888,0.008975385680321302,0.12038711111111114,0.1546552888888889,6.695603291441846e-53,True
Llama-3.2-3B,Llama,22,False,0.859952,1.2151668041997432,0.9972408888888888,0.1372888888888888,0.008967944792838682,0.12026471111111109,0.15448604444444436,6.673718048795773e-53,True
Llama-3.2-3B,Llama,23,False,0.859952,1.2151668041997432,0.9977795555555555,0.13782755555555548,0.008977173862942769,0.12104884444444441,0.1552077333333333,3.375955585339826e-53,True
Llama-3.2-3B,Llama,24,False,0.859952,1.2151668041997432,0.9973706666666666,0.13741866666666658,0.00897201110992994,0.12061142222222225,0.15448848888888891,5.94434613462037e-53,True
Llama-3.2-3B,Llama,25,False,0.859952,1.2151668041997432,0.9974631111111111,0.13751111111111103,0.008976724588241725,0.12056973333333337,0.15474884444444448,5.741605945537162e-53,True
Llama-3.2-3B,Llama,26,False,0.859952,1.2151668041997432,0.9976995555555556,0.1377475555555555,0.008977755704018021,0.12081462222222225,0.15495262222222214,3.9328185063848215e-53,True
Llama-3.2-3B,Llama,27,False,0.859952,1.2151668041997432,0.9972462222222223,0.1372942222222222,0.008963375563766236,0.12040657777777779,0.15432071111111112,5.865100970465799e-53,True
SmolLM3-3B-Base,SmolLM,0,False,0.847152,1.23410845464926,0.8671911111111111,0.02003911111111112,0.007844607738278213,0.004986000000000027,0.035504488888888866,0.010633806836107174,True
SmolLM3-3B-Base,SmolLM,1,False,0.847152,1.23410845464926,0.9471751111111111,0.10002311111111106,0.008505042974900026,0.0831834666666667,0.11644120000000004,6.240269316971184e-32,True
SmolLM3-3B-Base,SmolLM,2,False,0.847152,1.23410845464926,0.9811057777777777,0.13395377777777773,0.009010826483415453,0.11671119999999997,0.15148977777777772,5.489683016373277e-50,True
SmolLM3-3B-Base,SmolLM,3,False,0.847152,1.23410845464926,0.9896337777777777,0.1424817777777777,0.009167548584781924,0.12492399999999995,0.1607259555555556,1.8034911588348224e-54,True
SmolLM3-3B-Base,SmolLM,4,False,0.847152,1.23410845464926,0.9957671111111112,0.14861511111111114,0.009257040174401767,0.13114324444444442,0.1674867111111111,5.335481340497346e-58,True
SmolLM3-3B-Base,SmolLM,5,False,0.847152,1.23410845464926,0.9962453333333333,0.1490933333333333,0.009250982671848136,0.1314361777777778,0.1678511555555556,1.954092965789748e-58,True
SmolLM3-3B-Base,SmolLM,6,False,0.847152,1.23410845464926,0.9964355555555555,0.1492835555555555,0.009278714245519341,0.13164924444444442,0.16810337777777787,3.0561068419105677e-58,True
SmolLM3-3B-Base,SmolLM,7,False,0.847152,1.23410845464926,0.9974595555555555,0.15030755555555553,0.00926043377555278,0.13253431111111105,0.16875813333333342,3.0368032883478793e-59,True
SmolLM3-3B-Base,SmolLM,8,False,0.847152,1.23410845464926,0.9976568888888889,0.1505048888888889,0.009252907669151945,0.13278737777777774,0.1687811555555555,1.729201104563181e-59,True
SmolLM3-3B-Base,SmolLM,9,False,0.847152,1.23410845464926,0.9980462222222222,0.15089422222222215,0.009254709172317216,0.13316591111111117,0.16922564444444452,9.15538383271702e-60,True
SmolLM3-3B-Base,SmolLM,10,False,0.847152,1.23410845464926,0.9980248888888889,0.15087288888888883,0.009255452765333643,0.13318839999999993,0.16926235555555563,9.713286835168166e-60,True
SmolLM3-3B-Base,SmolLM,11,False,0.847152,1.23410845464926,0.9977493333333334,0.15059733333333336,0.009262667640864338,0.13292213333333341,0.16911684444444441,1.9435402195668314e-59,True
SmolLM3-3B-Base,SmolLM,12,False,0.847152,1.23410845464926,0.9981315555555555,0.15097955555555553,0.00926805887977166,0.1333276,0.16926817777777783,1.156408977069864e-59,True
SmolLM3-3B-Base,SmolLM,13,False,0.847152,1.23410845464926,0.9976551111111112,0.15050311111111114,0.009277440804494708,0.13296160000000007,0.1687893777777778,3.4977326218051315e-59,True
SmolLM3-3B-Base,SmolLM,14,False,0.847152,1.23410845464926,0.9977315555555556,0.15057955555555558,0.00927227662398473,0.13297262222222223,0.16900728888888883,2.6395083930402094e-59,True
SmolLM3-3B-Base,SmolLM,15,False,0.847152,1.23410845464926,0.9976213333333334,0.15046933333333334,0.009263200648773036,0.1328118222222223,0.16895951111111113,2.47236673356115e-59,True
SmolLM3-3B-Base,SmolLM,16,False,0.847152,1.23410845464926,0.9976604444444445,0.15050844444444444,0.009264113217750265,0.13291093333333337,0.16896471111111108,2.3689013353321555e-59,True
SmolLM3-3B-Base,SmolLM,17,True,0.847152,1.23410845464926,0.9981102222222222,0.15095822222222222,0.009262482799556203,0.13337231111111117,0.16930084444444451,1.0228541330495057e-59,True
SmolLM3-3B-Base,SmolLM,18,False,0.847152,1.23410845464926,0.9983413333333333,0.1511893333333333,0.00926569586848754,0.13353355555555554,0.16953795555555556,7.458986500620473e-60,True
SmolLM3-3B-Base,SmolLM,19,False,0.847152,1.23410845464926,0.9980017777777778,0.15084977777777775,0.009257945073756678,0.13325635555555554,0.16912080000000004,1.087120591150993e-59,True
SmolLM3-3B-Base,SmolLM,20,False,0.847152,1.23410845464926,0.998016,0.150864,0.00925671752161403,0.13325808888888885,0.16926760000000005,1.0233256572519033e-59,True
SmolLM3-3B-Base,SmolLM,21,False,0.847152,1.23410845464926,0.9983324444444445,0.15118044444444445,0.009252861581024677,0.13356880000000002,0.1694284,5.22910537471212e-60,True
SmolLM3-3B-Base,SmolLM,22,False,0.847152,1.23410845464926,0.9980551111111111,0.1509031111111111,0.009247391420619418,0.13332604444444446,0.16918564444444445,7.296265366475488e-60,True
SmolLM3-3B-Base,SmolLM,23,False,0.847152,1.23410845464926,0.9977048888888889,0.15055288888888885,0.009245899201293421,0.13300462222222215,0.16878777777777781,1.2988069113435933e-59,True
SmolLM3-3B-Base,SmolLM,24,False,0.847152,1.23410845464926,0.9971946666666667,0.15004266666666666,0.00924325352284539,0.13247057777777776,0.16825119999999988,2.9629539016837337e-59,True
SmolLM3-3B-Base,SmolLM,25,False,0.847152,1.23410845464926,0.9974346666666667,0.15028266666666668,0.009240617367494396,0.13274857777777788,0.16852399999999992,1.7987256596355147e-59,True
SmolLM3-3B-Base,SmolLM,26,False,0.847152,1.23410845464926,0.9971786666666667,0.15002666666666664,0.009242316939760308,0.13236048888888896,0.16820471111111115,2.967118728126785e-59,True
SmolLM3-3B-Base,SmolLM,27,False,0.847152,1.23410845464926,0.9971928888888889,0.1500408888888889,0.009243318398338248,0.13228786666666664,0.16846408888888895,2.9777763919811257e-59,True
SmolLM3-3B-Base,SmolLM,28,False,0.847152,1.23410845464926,0.9968195555555556,0.14966755555555555,0.009238056347937043,0.13200973333333327,0.1679461777777777,4.945630694843882e-59,True
SmolLM3-3B-Base,SmolLM,29,False,0.847152,1.23410845464926,0.9969831111111112,0.14983111111111114,0.009251522619540695,0.1322149333333334,0.16819057777777768,5.443861541937915e-59,True
SmolLM3-3B-Base,SmolLM,30,False,0.847152,1.23410845464926,0.9970257777777778,0.14987377777777777,0.009265708878843362,0.13226599999999997,0.16810644444444442,7.557361630921291e-59,True
SmolLM3-3B-Base,SmolLM,31,False,0.847152,1.23410845464926,0.9968426666666667,0.14969066666666664,0.009269429692072076,0.13207595555555554,0.16793577777777777,1.1569114078601994e-58,True
SmolLM3-3B-Base,SmolLM,32,False,0.847152,1.23410845464926,0.9968053333333333,0.1496533333333333,0.00926547790565547,0.1320248444444444,0.16790822222222226,1.1045255960959547e-58,True
SmolLM3-3B-Base,SmolLM,33,False,0.847152,1.23410845464926,0.99672,0.14956800000000003,0.009280075837067138,0.13180408888888884,0.1680278222222222,1.9344774925471803e-58,True
SmolLM3-3B-Base,SmolLM,34,False,0.847152,1.23410845464926,0.9969297777777778,0.1497777777777778,0.009257964904345835,0.13211484444444443,0.16807142222222218,7.179302463566932e-59,True
SmolLM3-3B-Base,SmolLM,35,False,0.847152,1.23410845464926,0.9966186666666667,0.14946666666666664,0.009233090577712214,0.1317913777777778,0.1678043111111111,6.113803438307978e-59,True
Qwen3-4B-Base,Qwen,0,False,0.8635502222222222,1.2042182278974725,0.933696,0.07014577777777775,0.00837890031612654,0.05434373333333333,0.08724111111111114,5.678494115137112e-17,True
Qwen3-4B-Base,Qwen,1,False,0.8635502222222222,1.2042182278974725,0.9564124444444444,0.09286222222222218,0.008486828829548636,0.07624800000000004,0.11013591111111107,7.2643030841386735e-28,True
Qwen3-4B-Base,Qwen,2,False,0.8635502222222222,1.2042182278974725,0.9734435555555555,0.10989333333333329,0.008729653301552577,0.09242986666666662,0.12730817777777767,2.442382134479097e-36,True
Qwen3-4B-Base,Qwen,3,False,0.8635502222222222,1.2042182278974725,0.97864,0.11508977777777774,0.00867914523875305,0.0980749333333333,0.13263475555555557,3.9228826865433216e-40,True
Qwen3-4B-Base,Qwen,4,False,0.8635502222222222,1.2042182278974725,0.9874791111111111,0.12392888888888887,0.008683561247993568,0.1068172888888889,0.14119733333333334,3.2863110649212905e-46,True
Qwen3-4B-Base,Qwen,5,False,0.8635502222222222,1.2042182278974725,0.992048,0.12849777777777782,0.008684942136809032,0.11169053333333338,0.14596080000000003,1.566922040025307e-49,True
Qwen3-4B-Base,Qwen,6,False,0.8635502222222222,1.2042182278974725,0.9932871111111111,0.1297368888888889,0.008747167988716867,0.11283871111111111,0.1474224,9.115298586823626e-50,True
Qwen3-4B-Base,Qwen,7,False,0.8635502222222222,1.2042182278974725,0.9942204444444445,0.13067022222222224,0.008768724443499746,0.11372177777777775,0.14826395555555558,3.205754944231776e-50,True
Qwen3-4B-Base,Qwen,8,False,0.8635502222222222,1.2042182278974725,0.9945831111111111,0.13103288888888887,0.00880147778593877,0.11394253333333333,0.14881902222222226,3.9675223768643396e-50,True
Qwen3-4B-Base,Qwen,9,False,0.8635502222222222,1.2042182278974725,0.9953973333333334,0.13184711111111114,0.008781143865308733,0.11483013333333339,0.14940195555555558,5.873955977760166e-51,True
Qwen3-4B-Base,Qwen,10,False,0.8635502222222222,1.2042182278974725,0.9961688888888889,0.13261866666666666,0.008807557156355318,0.11575813333333332,0.15049244444444443,3.088199343212227e-51,True
Qwen3-4B-Base,Qwen,11,False,0.8635502222222222,1.2042182278974725,0.9963644444444445,0.13281422222222228,0.008778509611991923,0.11587542222222216,0.15052022222222217,1.0352142658345265e-51,True
Qwen3-4B-Base,Qwen,12,False,0.8635502222222222,1.2042182278974725,0.9964426666666667,0.13289244444444448,0.008791350721633001,0.11605084444444447,0.15062657777777774,1.2650542532870111e-51,True
Qwen3-4B-Base,Qwen,13,False,0.8635502222222222,1.2042182278974725,0.9962933333333334,0.13274311111111115,0.008804380125210318,0.11582084444444439,0.1504573333333333,2.296692077350432e-51,True
Qwen3-4B-Base,Qwen,14,False,0.8635502222222222,1.2042182278974725,0.9966951111111111,0.13314488888888887,0.008794746299401445,0.11643760000000003,0.1508370666666666,8.937580887239594e-52,True
Qwen3-4B-Base,Qwen,15,False,0.8635502222222222,1.2042182278974725,0.9969084444444445,0.13335822222222227,0.008812703758418477,0.11661733333333331,0.15118626666666665,9.886995871929683e-52,True
Qwen3-4B-Base,Qwen,16,False,0.8635502222222222,1.2042182278974725,0.9967164444444444,0.13316622222222219,0.008810165195475153,0.11638324444444438,0.15106146666666662,1.288433072997818e-51,True
Qwen3-4B-Base,Qwen,17,False,0.8635502222222222,1.2042182278974725,0.9967182222222222,0.13316799999999995,0.00880756326625604,0.11639288888888887,0.1510987555555555,1.200293066149875e-51,True
Qwen3-4B-Base,Qwen,18,False,0.8635502222222222,1.2042182278974725,0.9969991111111111,0.13344888888888884,0.008794149365860385,0.11665222222222223,0.15129444444444445,5.198703345720869e-52,True
Qwen3-4B-Base,Qwen,19,False,0.8635502222222222,1.2042182278974725,0.9971697777777778,0.1336195555555556,0.008798368632555098,0.11691866666666673,0.1515087555555556,4.321571685929932e-52,True
Qwen3-4B-Base,Qwen,20,False,0.8635502222222222,1.2042182278974725,0.9970293333333333,0.1334791111111111,0.00881497623702813,0.11673026666666675,0.1513456888888889,8.516756426377297e-52,True
Qwen3-4B-Base,Qwen,21,False,0.8635502222222222,1.2042182278974725,0.996928,0.13337777777777782,0.008820311166049383,0.11667884444444439,0.15129164444444446,1.1656040839503869e-51,True
Qwen3-4B-Base,Qwen,22,True,0.8635502222222222,1.2042182278974725,0.9970062222222222,0.13345600000000002,0.008821652255729357,0.11671982222222227,0.15143920000000002,1.0549197189645565e-51,True
Qwen3-4B-Base,Qwen,23,False,0.8635502222222222,1.2042182278974725,0.9968195555555556,0.13326933333333335,0.00881232644045135,0.11641235555555554,0.15132626666666668,1.1411588001703922e-51,True
Qwen3-4B-Base,Qwen,24,False,0.8635502222222222,1.2042182278974725,0.9965653333333333,0.13301511111111108,0.008797997258133624,0.11631084444444448,0.15088911111111117,1.2175134858772782e-51,True
Qwen3-4B-Base,Qwen,25,False,0.8635502222222222,1.2042182278974725,0.9964,0.13284977777777773,0.008790799789860406,0.11624013333333333,0.15063137777777783,1.3423352305057762e-51,True
Qwen3-4B-Base,Qwen,26,False,0.8635502222222222,1.2042182278974725,0.9960853333333334,0.13253511111111116,0.008781633888698702,0.11579924444444449,0.15051084444444443,1.8196804759246663e-51,True
Qwen3-4B-Base,Qwen,27,False,0.8635502222222222,1.2042182278974725,0.9958666666666667,0.13231644444444446,0.008790641490884241,0.11544502222222218,0.15034595555555552,3.351206166873368e-51,True
Qwen3-4B-Base,Qwen,28,False,0.8635502222222222,1.2042182278974725,0.9952764444444444,0.1317262222222222,0.008782392713690631,0.11517555555555553,0.1496042666666666,7.464717882518166e-51,True
Qwen3-4B-Base,Qwen,29,False,0.8635502222222222,1.2042182278974725,0.9945973333333333,0.13104711111111111,0.008803282082250298,0.11406266666666662,0.1489502666666667,4.0536245581187695e-50,True
Qwen3-4B-Base,Qwen,30,False,0.8635502222222222,1.2042182278974725,0.9945688888888888,0.13101866666666662,0.008778822086044278,0.11421884444444445,0.1489426222222222,2.2867770413523316e-50,True
Qwen3-4B-Base,Qwen,31,False,0.8635502222222222,1.2042182278974725,0.9949351111111111,0.13138488888888888,0.008778578427874061,0.1147762666666667,0.1493977777777777,1.2149067114836804e-50,True
Qwen3-4B-Base,Qwen,32,False,0.8635502222222222,1.2042182278974725,0.9954204444444444,0.13187022222222222,0.008762327158446994,0.11522951111111113,0.14989817777777784,3.469067996760625e-51,True
Qwen3-4B-Base,Qwen,33,False,0.8635502222222222,1.2042182278974725,0.9948835555555555,0.1313333333333333,0.008781950361163776,0.11470311111111113,0.14916226666666668,1.4466330349387175e-50,True
Qwen3-4B-Base,Qwen,34,False,0.8635502222222222,1.2042182278974725,0.9947555555555555,0.13120533333333328,0.008758304431132525,0.1146477777777778,0.1491601777777778,9.82108925001566e-51,True
Qwen3-4B-Base,Qwen,35,False,0.8635502222222222,1.2042182278974725,0.99416,0.13060977777777782,0.008769354115585215,0.11386111111111115,0.1485668,3.611432949226981e-50,True
