model,regime,policy,layer,probe,test_auc,test_accuracy,control_train_accuracy,mlp_minus_linear_auc,mdl_bits,mdl_compression
SmolLM2-360M,control,no_reuse,8,linear,0.9853315555555554,0.934,0.6453809340794882,0.00019081481481497686,1868.443314473892,3.746434235266608
SmolLM2-360M,control,no_reuse,8,mlp_1x256,0.9855223703703704,0.9348888888888888,0.6641904711723328,0.00019081481481497686,1868.443314473892,3.746434235266608
SmolLM2-360M,control,no_reuse,8,mlp_512x256,0.9854773333333333,0.9364444444444443,0.7141904632250468,0.00019081481481497686,1868.443314473892,3.746434235266608
SmolLM2-360M,control,no_reuse,16,linear,0.9923176296296295,0.9557777777777777,0.649142841498057,7.525925925933041e-05,1476.6272194328046,4.7405329577283615
SmolLM2-360M,control,no_reuse,16,mlp_1x256,0.9923928888888889,0.9582222222222222,0.6364761789639791,7.525925925933041e-05,1476.6272194328046,4.7405329577283615
SmolLM2-360M,control,no_reuse,16,mlp_512x256,0.992162962962963,0.9591111111111111,0.6879523793856303,7.525925925933041e-05,1476.6272194328046,4.7405329577283615
SmolLM2-360M,control,no_reuse,24,linear,0.990685037037037,0.9551111111111111,0.6476666529973348,-0.0003395555555555374,1553.8226120577383,4.505018749038444
SmolLM2-360M,control,no_reuse,24,mlp_1x256,0.9903454814814815,0.956,0.663857122262319,-0.0003395555555555374,1553.8226120577383,4.505018749038444
SmolLM2-360M,control,no_reuse,24,mlp_512x256,0.9898702222222223,0.9555555555555556,0.6493809620539347,-0.0003395555555555374,1553.8226120577383,4.505018749038444
SmolLM2-360M,control,no_reuse,31,linear,0.9869001481481482,0.950888888888889,0.6486190358797709,-0.0012865185185185757,1972.5836546665623,3.548645444485979
SmolLM2-360M,control,no_reuse,31,mlp_1x256,0.9856136296296296,0.9488888888888889,0.6572380860646566,-0.0012865185185185757,1972.5836546665623,3.548645444485979
SmolLM2-360M,control,no_reuse,31,mlp_512x256,0.9845973333333333,0.9444444444444445,0.6248571475346884,-0.0012865185185185757,1972.5836546665623,3.548645444485979
SmolLM2-360M,rf2_ex20,full,8,linear,0.9830820740740741,0.9295555555555556,0.6418095231056213,0.0005149629629629393,1905.6264877935505,3.673332651932763
SmolLM2-360M,rf2_ex20,full,8,mlp_1x256,0.9830951111111111,0.9317777777777777,0.6620952089627584,0.0005149629629629393,1905.6264877935505,3.673332651932763
SmolLM2-360M,rf2_ex20,full,8,mlp_512x256,0.983597037037037,0.9346666666666668,0.711476186911265,0.0005149629629629393,1905.6264877935505,3.673332651932763
SmolLM2-360M,rf2_ex20,full,16,linear,0.9843099259259258,0.9324444444444445,0.6539999842643738,0.00023407407407416425,2110.069611973016,3.3174260983051957
SmolLM2-360M,rf2_ex20,full,16,mlp_1x256,0.984048,0.9377777777777778,0.6456666588783264,0.00023407407407416425,2110.069611973016,3.3174260983051957
SmolLM2-360M,rf2_ex20,full,16,mlp_512x256,0.984544,0.9402222222222223,0.6827619075775146,0.00023407407407416425,2110.069611973016,3.3174260983051957
SmolLM2-360M,rf2_ex20,full,24,linear,0.9827952592592594,0.9364444444444445,0.6518571376800537,0.0016912592592592812,2115.574181911128,3.308794397214883
SmolLM2-360M,rf2_ex20,full,24,mlp_1x256,0.9844865185185186,0.9402222222222222,0.6437142888704935,0.0016912592592592812,2115.574181911128,3.308794397214883
SmolLM2-360M,rf2_ex20,full,24,mlp_512x256,0.983674074074074,0.9386666666666666,0.6824285586675009,0.0016912592592592812,2115.574181911128,3.308794397214883
SmolLM2-360M,rf2_ex20,full,31,linear,0.9645037037037038,0.9042222222222223,0.6446190277735392,0.00030903703703688556,2855.497307355625,2.451411872099593
SmolLM2-360M,rf2_ex20,full,31,mlp_1x256,0.9647917037037036,0.9064444444444444,0.6589047511418661,0.00030903703703688556,2855.497307355625,2.451411872099593
SmolLM2-360M,rf2_ex20,full,31,mlp_512x256,0.9648127407407406,0.9051111111111111,0.6993809541066488,0.00030903703703688556,2855.497307355625,2.451411872099593
Qwen2.5-1.5B,control,no_reuse,7,linear,0.9935958518518518,0.9644444444444445,0.6848571300506592,0.00021037037037030526,1300.7179325742443,5.381643340725175
Qwen2.5-1.5B,control,no_reuse,7,mlp_1x256,0.9938062222222221,0.9651111111111111,0.6965238054593405,0.00021037037037030526,1300.7179325742443,5.381643340725175
Qwen2.5-1.5B,control,no_reuse,7,mlp_512x256,0.9934008888888889,0.9633333333333334,0.7299047509829203,0.00021037037037030526,1300.7179325742443,5.381643340725175
Qwen2.5-1.5B,control,no_reuse,14,linear,0.9959549629629629,0.968888888888889,0.6921428442001343,0.000240000000000129,1282.6263925230874,5.457551817743373
Qwen2.5-1.5B,control,no_reuse,14,mlp_1x256,0.9961949629629631,0.9697777777777778,0.6529523730278015,0.000240000000000129,1282.6263925230874,5.457551817743373
Qwen2.5-1.5B,control,no_reuse,14,mlp_512x256,0.995901037037037,0.9704444444444444,0.66995237270991,0.000240000000000129,1282.6263925230874,5.457551817743373
Qwen2.5-1.5B,control,no_reuse,21,linear,0.9957605925925925,0.9655555555555556,0.6933809518814087,-0.00042548148148158216,1324.589988296866,5.284654166079327
Qwen2.5-1.5B,control,no_reuse,21,mlp_1x256,0.995335111111111,0.9664444444444446,0.6620476245880127,-0.00042548148148158216,1324.589988296866,5.284654166079327
Qwen2.5-1.5B,control,no_reuse,21,mlp_512x256,0.9949748148148149,0.9677777777777777,0.6614761749903361,-0.00042548148148158216,1324.589988296866,5.284654166079327
Qwen2.5-1.5B,control,no_reuse,27,linear,0.9913457777777778,0.9551111111111111,0.6898571252822876,6.87407407408136e-05,1684.999407487104,4.154304131441408
Qwen2.5-1.5B,control,no_reuse,27,mlp_1x256,0.9914145185185186,0.9533333333333333,0.6276666522026062,6.87407407408136e-05,1684.999407487104,4.154304131441408
Qwen2.5-1.5B,control,no_reuse,27,mlp_512x256,0.9912835555555556,0.9555555555555556,0.6441904703776041,6.87407407408136e-05,1684.999407487104,4.154304131441408
Qwen2.5-1.5B,rf2_ex20,full,7,linear,0.9931419259259258,0.9604444444444443,0.6850952307383219,0.0002785185185186778,1355.903344985496,5.162609876203882
Qwen2.5-1.5B,rf2_ex20,full,7,mlp_1x256,0.9934204444444444,0.9626666666666667,0.6939047574996948,0.0002785185185186778,1355.903344985496,5.162609876203882
Qwen2.5-1.5B,rf2_ex20,full,7,mlp_512x256,0.9930797037037037,0.9624444444444444,0.7357618808746338,0.0002785185185186778,1355.903344985496,5.162609876203882
Qwen2.5-1.5B,rf2_ex20,full,14,linear,0.9926524444444444,0.958888888888889,0.6697142720222473,0.0006062222222222857,1400.705172596247,4.997482794345151
Qwen2.5-1.5B,rf2_ex20,full,14,mlp_1x256,0.9932586666666667,0.9613333333333335,0.6552380919456482,0.0006062222222222857,1400.705172596247,4.997482794345151
Qwen2.5-1.5B,rf2_ex20,full,14,mlp_512x256,0.9930074074074074,0.9622222222222222,0.6843809684117635,0.0006062222222222857,1400.705172596247,4.997482794345151
Qwen2.5-1.5B,rf2_ex20,full,21,linear,0.987901037037037,0.9475555555555556,0.6813333431879679,-4.325925925929841e-05,1648.5562031094114,4.24613973536177
Qwen2.5-1.5B,rf2_ex20,full,21,mlp_1x256,0.9878577777777777,0.9504444444444444,0.680476188659668,-4.325925925929841e-05,1648.5562031094114,4.24613973536177
Qwen2.5-1.5B,rf2_ex20,full,21,mlp_512x256,0.987307851851852,0.9475555555555556,0.7256666620572408,-4.325925925929841e-05,1648.5562031094114,4.24613973536177
Qwen2.5-1.5B,rf2_ex20,full,27,linear,0.9700699259259259,0.9062222222222222,0.6886666615804037,0.0011591111111111108,2724.2756884319306,2.569490316168823
Qwen2.5-1.5B,rf2_ex20,full,27,mlp_1x256,0.971229037037037,0.9066666666666666,0.7077619036038717,0.0011591111111111108,2724.2756884319306,2.569490316168823
Qwen2.5-1.5B,rf2_ex20,full,27,mlp_512x256,0.9701730370370371,0.9073333333333333,0.7583333253860474,0.0011591111111111108,2724.2756884319306,2.569490316168823
Llama-3.2-1B,control,no_reuse,4,linear,0.9957285925925926,0.9688888888888889,0.7375237941741943,0.0006850370370371506,1120.6593952046733,6.246322504369443
Llama-3.2-1B,control,no_reuse,4,mlp_1x256,0.9964136296296298,0.9722222222222223,0.6925238172213236,0.0006850370370371506,1120.6593952046733,6.246322504369443
Llama-3.2-1B,control,no_reuse,4,mlp_512x256,0.9963057777777777,0.9706666666666667,0.7267618974049886,0.0006850370370371506,1120.6593952046733,6.246322504369443
Llama-3.2-1B,control,no_reuse,8,linear,0.9966708148148148,0.971111111111111,0.7218095262845358,0.00029274074074070455,1024.6832518582607,6.831379343134101
Llama-3.2-1B,control,no_reuse,8,mlp_1x256,0.9969635555555555,0.9737777777777779,0.6915237903594971,0.00029274074074070455,1024.6832518582607,6.831379343134101
Llama-3.2-1B,control,no_reuse,8,mlp_512x256,0.9968361481481481,0.9724444444444446,0.6705238024393717,0.00029274074074070455,1024.6832518582607,6.831379343134101
Llama-3.2-1B,control,no_reuse,12,linear,0.9947757037037038,0.9664444444444444,0.7317618926366171,0.0006915555555555564,1202.8327489545686,5.819595455880286
Llama-3.2-1B,control,no_reuse,12,mlp_1x256,0.9954672592592594,0.9675555555555556,0.6897618969281515,0.0006915555555555564,1202.8327489545686,5.819595455880286
Llama-3.2-1B,control,no_reuse,12,mlp_512x256,0.9951484444444444,0.9686666666666666,0.6930952469507853,0.0006915555555555564,1202.8327489545686,5.819595455880286
Llama-3.2-1B,control,no_reuse,15,linear,0.9928219259259259,0.9591111111111111,0.7244285742441813,0.0008319999999999439,1447.9769324870176,4.834331157456309
Llama-3.2-1B,control,no_reuse,15,mlp_1x256,0.9936539259259258,0.9637777777777777,0.6496666669845581,0.0008319999999999439,1447.9769324870176,4.834331157456309
Llama-3.2-1B,control,no_reuse,15,mlp_512x256,0.9935111111111111,0.9648888888888889,0.6407618920008341,0.0008319999999999439,1447.9769324870176,4.834331157456309
Llama-3.2-1B,rf2_ex20,full,4,linear,0.9957285925925926,0.9688888888888889,0.7375237941741943,0.0006850370370371506,1120.6593952046733,6.246322504369443
Llama-3.2-1B,rf2_ex20,full,4,mlp_1x256,0.9964136296296298,0.9722222222222223,0.6925238172213236,0.0006850370370371506,1120.6593952046733,6.246322504369443
Llama-3.2-1B,rf2_ex20,full,4,mlp_512x256,0.9963057777777777,0.9706666666666667,0.7267618974049886,0.0006850370370371506,1120.6593952046733,6.246322504369443
Llama-3.2-1B,rf2_ex20,full,8,linear,0.9965102222222221,0.9742222222222224,0.7245238025983175,0.00045274074074086457,1187.755258518369,5.8934700139588925
Llama-3.2-1B,rf2_ex20,full,8,mlp_1x256,0.9969629629629629,0.9744444444444446,0.7065714200337728,0.00045274074074086457,1187.755258518369,5.8934700139588925
Llama-3.2-1B,rf2_ex20,full,8,mlp_512x256,0.9962441481481482,0.9740000000000001,0.7028095126152039,0.00045274074074086457,1187.755258518369,5.8934700139588925
Llama-3.2-1B,rf2_ex20,full,12,linear,0.9937451851851852,0.9635555555555556,0.7285714348157247,0.0008118518518518414,1371.0706225762142,5.105499224282948
Llama-3.2-1B,rf2_ex20,full,12,mlp_1x256,0.994557037037037,0.966888888888889,0.685952365398407,0.0008118518518518414,1371.0706225762142,5.105499224282948
Llama-3.2-1B,rf2_ex20,full,12,mlp_512x256,0.9936183703703705,0.9635555555555557,0.7081904808680216,0.0008118518518518414,1371.0706225762142,5.105499224282948
Llama-3.2-1B,rf2_ex20,full,15,linear,0.9907917037037036,0.9531111111111111,0.7401904662450155,0.0004788148148149318,1575.5753588524203,4.442821449745502
Llama-3.2-1B,rf2_ex20,full,15,mlp_1x256,0.9912705185185186,0.9522222222222223,0.7129999995231628,0.0004788148148149318,1575.5753588524203,4.442821449745502
Llama-3.2-1B,rf2_ex20,full,15,mlp_512x256,0.9898002962962963,0.9517777777777777,0.6782856980959574,0.0004788148148149318,1575.5753588524203,4.442821449745502
Qwen2.5-3B,control,no_reuse,9,linear,0.9909315555555557,0.9486666666666667,0.7403333385785421,0.00252918518518519,1528.8743412747342,4.578531937532282
Qwen2.5-3B,control,no_reuse,9,mlp_1x256,0.9926619259259258,0.9540000000000001,0.7420476078987122,0.00252918518518519,1528.8743412747342,4.578531937532282
Qwen2.5-3B,control,no_reuse,9,mlp_512x256,0.9934607407407409,0.9564444444444445,0.8040952285130819,0.00252918518518519,1528.8743412747342,4.578531937532282
Qwen2.5-3B,control,no_reuse,18,linear,0.9980823703703705,0.9744444444444446,0.7301904757817587,-8.533333333338167e-05,933.2870193170322,7.500372184671027
Qwen2.5-3B,control,no_reuse,18,mlp_1x256,0.9979970370370371,0.9768888888888889,0.648285706837972,-8.533333333338167e-05,933.2870193170322,7.500372184671027
Qwen2.5-3B,control,no_reuse,18,mlp_512x256,0.9978257777777778,0.9751111111111112,0.6614761749903361,-8.533333333338167e-05,933.2870193170322,7.500372184671027
Qwen2.5-3B,control,no_reuse,27,linear,0.997666962962963,0.9746666666666668,0.7289047638575236,0.0003555555555554424,1010.1640061858636,6.929567829713432
Qwen2.5-3B,control,no_reuse,27,mlp_1x256,0.9979780740740741,0.9753333333333334,0.6657618880271912,0.0003555555555554424,1010.1640061858636,6.929567829713432
Qwen2.5-3B,control,no_reuse,27,mlp_512x256,0.9980225185185184,0.974888888888889,0.6652856866518656,0.0003555555555554424,1010.1640061858636,6.929567829713432
Qwen2.5-3B,control,no_reuse,35,linear,0.9946477037037038,0.9637777777777777,0.7307142814000448,0.001370074074073968,1345.760153750753,5.2015212224038425
Qwen2.5-3B,control,no_reuse,35,mlp_1x256,0.9960177777777778,0.9682222222222223,0.62800000111262,0.001370074074073968,1345.760153750753,5.2015212224038425
Qwen2.5-3B,control,no_reuse,35,mlp_512x256,0.9957025185185185,0.9677777777777777,0.6347142656644186,0.001370074074073968,1345.760153750753,5.2015212224038425
Qwen2.5-3B,rf2_ex20,full,9,linear,0.9928011851851851,0.9571111111111111,0.7231904665629069,0.0002951111111112459,1562.190258016609,4.480888268300529
Qwen2.5-3B,rf2_ex20,full,9,mlp_1x256,0.9921392592592592,0.9524444444444445,0.741952379544576,0.0002951111111112459,1562.190258016609,4.480888268300529
Qwen2.5-3B,rf2_ex20,full,9,mlp_512x256,0.9930962962962964,0.9562222222222223,0.8001904884974161,0.0002951111111112459,1562.190258016609,4.480888268300529
Qwen2.5-3B,rf2_ex20,full,18,linear,0.9950275555555556,0.9671111111111111,0.7331904570261637,0.000952888888888781,1263.4331795936623,5.540459213087389
Qwen2.5-3B,rf2_ex20,full,18,mlp_1x256,0.9959804444444443,0.9677777777777777,0.6904285748799642,0.000952888888888781,1263.4331795936623,5.540459213087389
Qwen2.5-3B,rf2_ex20,full,18,mlp_512x256,0.9951727407407409,0.9644444444444445,0.6927142937978109,0.000952888888888781,1263.4331795936623,5.540459213087389
Qwen2.5-3B,rf2_ex20,full,27,linear,0.9921303703703703,0.9553333333333334,0.7358095049858093,0.000993185185185097,1563.6415845227798,4.476729238520723
Qwen2.5-3B,rf2_ex20,full,27,mlp_1x256,0.9931235555555554,0.9562222222222223,0.7076666553815206,0.000993185185185097,1563.6415845227798,4.476729238520723
Qwen2.5-3B,rf2_ex20,full,27,mlp_512x256,0.9924681481481481,0.9557777777777777,0.7112380862236023,0.000993185185185097,1563.6415845227798,4.476729238520723
Qwen2.5-3B,rf2_ex20,full,35,linear,0.9784065185185185,0.9202222222222222,0.7200476129849752,-0.0004237037037037039,2238.7674198918294,3.1267205060265795
Qwen2.5-3B,rf2_ex20,full,35,mlp_1x256,0.9774814814814815,0.9271111111111111,0.7197142839431763,-0.0004237037037037039,2238.7674198918294,3.1267205060265795
Qwen2.5-3B,rf2_ex20,full,35,mlp_512x256,0.9779828148148147,0.9273333333333333,0.758047620455424,-0.0004237037037037039,2238.7674198918294,3.1267205060265795
Llama-3.2-3B,control,no_reuse,7,linear,0.9983229629629631,0.9826666666666667,0.8015238046646118,0.0002939259259258087,757.629285376505,9.239347178246073
Llama-3.2-3B,control,no_reuse,7,mlp_1x256,0.9986168888888889,0.9824444444444446,0.7208571235338846,0.0002939259259258087,757.629285376505,9.239347178246073
Llama-3.2-3B,control,no_reuse,7,mlp_512x256,0.9985315555555556,0.9817777777777777,0.7137142817179362,0.0002939259259258087,757.629285376505,9.239347178246073
Llama-3.2-3B,control,no_reuse,14,linear,0.9981635555555556,0.9806666666666667,0.784333328406016,-0.00015229629629631702,659.4666553888561,10.614638272912272
Llama-3.2-3B,control,no_reuse,14,mlp_1x256,0.9980112592592593,0.9802222222222223,0.6911428570747375,-0.00015229629629631702,659.4666553888561,10.614638272912272
Llama-3.2-3B,control,no_reuse,14,mlp_512x256,0.997988148148148,0.9808888888888888,0.6864761908849081,-0.00015229629629631702,659.4666553888561,10.614638272912272
Llama-3.2-3B,control,no_reuse,21,linear,0.9971620740740742,0.9757777777777777,0.8047142823537191,0.00027199999999982793,825.4883055370353,8.479829396790826
Llama-3.2-3B,control,no_reuse,21,mlp_1x256,0.997434074074074,0.9757777777777777,0.688095231850942,0.00027199999999982793,825.4883055370353,8.479829396790826
Llama-3.2-3B,control,no_reuse,21,mlp_512x256,0.9974299259259259,0.9760000000000001,0.7138571341832479,0.00027199999999982793,825.4883055370353,8.479829396790826
Llama-3.2-3B,control,no_reuse,27,linear,0.9971164444444444,0.9755555555555556,0.7889047463734945,0.00019614814814827852,964.6756445567776,7.256325003640126
Llama-3.2-3B,control,no_reuse,27,mlp_1x256,0.9973125925925926,0.9806666666666667,0.6604285637537638,0.00019614814814827852,964.6756445567776,7.256325003640126
Llama-3.2-3B,control,no_reuse,27,mlp_512x256,0.9969108148148148,0.9795555555555557,0.6440476179122925,0.00019614814814827852,964.6756445567776,7.256325003640126
Llama-3.2-3B,rf2_ex20,full,7,linear,0.9980094814814815,0.9837777777777778,0.8040952285130819,0.00011259259259255305,740.3839507024747,9.454553942394908
Llama-3.2-3B,rf2_ex20,full,7,mlp_1x256,0.998122074074074,0.9822222222222221,0.7156190474828085,0.00011259259259255305,740.3839507024747,9.454553942394908
Llama-3.2-3B,rf2_ex20,full,7,mlp_512x256,0.9976930370370369,0.9802222222222222,0.7115714152654012,0.00011259259259255305,740.3839507024747,9.454553942394908
Llama-3.2-3B,rf2_ex20,full,14,linear,0.9984687407407407,0.9833333333333334,0.7855714162190756,-0.00021333333333328763,721.5713269522595,9.701050663371404
Llama-3.2-3B,rf2_ex20,full,14,mlp_1x256,0.9982554074074074,0.9828888888888887,0.6981904705365499,-0.00021333333333328763,721.5713269522595,9.701050663371404
Llama-3.2-3B,rf2_ex20,full,14,mlp_512x256,0.9979905185185185,0.9817777777777777,0.6946190396944681,-0.00021333333333328763,721.5713269522595,9.701050663371404
Llama-3.2-3B,rf2_ex20,full,21,linear,0.9973262222222221,0.9744444444444444,0.8031904697418213,-1.955555555543942e-05,937.7493856557792,7.464680976682078
Llama-3.2-3B,rf2_ex20,full,21,mlp_1x256,0.9973066666666667,0.9775555555555556,0.6847142775853475,-1.955555555543942e-05,937.7493856557792,7.464680976682078
Llama-3.2-3B,rf2_ex20,full,21,mlp_512x256,0.997130074074074,0.9780000000000001,0.7154285709063212,-1.955555555543942e-05,937.7493856557792,7.464680976682078
Llama-3.2-3B,rf2_ex20,full,27,linear,0.9963703703703705,0.9731111111111111,0.7948095003763834,0.00021570370370371794,1182.4927232044697,5.919698161888479
Llama-3.2-3B,rf2_ex20,full,27,mlp_1x256,0.9965860740740742,0.974888888888889,0.7015238006909689,0.00021570370370371794,1182.4927232044697,5.919698161888479
Llama-3.2-3B,rf2_ex20,full,27,mlp_512x256,0.9965410370370371,0.971777777777778,0.6968095103899637,0.00021570370370371794,1182.4927232044697,5.919698161888479
SmolLM3-3B-Base,control,no_reuse,9,linear,0.9979241481481482,0.9806666666666667,0.7334285577138265,-2.192592592609177e-05,886.7667874081844,7.893845483838419
SmolLM3-3B-Base,control,no_reuse,9,mlp_1x256,0.9979022222222221,0.978888888888889,0.7171904643376669,-2.192592592609177e-05,886.7667874081844,7.893845483838419
SmolLM3-3B-Base,control,no_reuse,9,mlp_512x256,0.9972308148148148,0.9784444444444444,0.7150952418645223,-2.192592592609177e-05,886.7667874081844,7.893845483838419
SmolLM3-3B-Base,control,no_reuse,18,linear,0.9982548148148149,0.9808888888888888,0.7210000157356262,0.00023703703703681356,793.5425362439511,8.821203250342283
SmolLM3-3B-Base,control,no_reuse,18,mlp_1x256,0.9984740740740742,0.9813333333333333,0.652904748916626,0.00023703703703681356,793.5425362439511,8.821203250342283
SmolLM3-3B-Base,control,no_reuse,18,mlp_512x256,0.9984918518518517,0.9824444444444443,0.6470476190249125,0.00023703703703681356,793.5425362439511,8.821203250342283
SmolLM3-3B-Base,control,no_reuse,27,linear,0.9970565925925926,0.9762222222222222,0.7349999944368998,0.0001274074074073539,1066.452941922715,6.563815171609594
SmolLM3-3B-Base,control,no_reuse,27,mlp_1x256,0.997184,0.9768888888888889,0.6816190282503763,0.0001274074074073539,1066.452941922715,6.563815171609594
SmolLM3-3B-Base,control,no_reuse,27,mlp_512x256,0.9968977777777775,0.9784444444444444,0.7096666495005289,0.0001274074074073539,1066.452941922715,6.563815171609594
SmolLM3-3B-Base,control,no_reuse,35,linear,0.9963217777777778,0.9715555555555556,0.7248571515083313,0.0003383703703705443,1338.1078340277372,5.231267482329753
SmolLM3-3B-Base,control,no_reuse,35,mlp_1x256,0.9966601481481483,0.9733333333333333,0.6674761772155762,0.0003383703703705443,1338.1078340277372,5.231267482329753
SmolLM3-3B-Base,control,no_reuse,35,mlp_512x256,0.9962453333333333,0.9702222222222222,0.6694285670916239,0.0003383703703705443,1338.1078340277372,5.231267482329753
SmolLM3-3B-Base,rf2_ex20,full,9,linear,0.9978773333333333,0.9762222222222223,0.7374761700630188,0.00022518518518521713,866.1742311046737,8.081514952335356
SmolLM3-3B-Base,rf2_ex20,full,9,mlp_1x256,0.9981025185185185,0.9793333333333333,0.7205714186032613,0.00022518518518521713,866.1742311046737,8.081514952335356
SmolLM3-3B-Base,rf2_ex20,full,9,mlp_512x256,0.9977108148148148,0.9786666666666667,0.7316666642824808,0.00022518518518521713,866.1742311046737,8.081514952335356
SmolLM3-3B-Base,rf2_ex20,full,18,linear,0.9985060740740742,0.9819999999999999,0.7263809442520142,0.0002702222222220607,833.1544926511469,8.401803101037823
SmolLM3-3B-Base,rf2_ex20,full,18,mlp_1x256,0.9987762962962963,0.9822222222222221,0.6775237917900085,0.0002702222222220607,833.1544926511469,8.401803101037823
SmolLM3-3B-Base,rf2_ex20,full,18,mlp_512x256,0.9985967407407408,0.9817777777777777,0.6831904649734497,0.0002702222222220607,833.1544926511469,8.401803101037823
SmolLM3-3B-Base,rf2_ex20,full,27,linear,0.9975419259259258,0.9771111111111113,0.7382380962371826,-2.4296296296300035e-05,1054.8115178055878,6.63625669784369
SmolLM3-3B-Base,rf2_ex20,full,27,mlp_1x256,0.997448,0.9768888888888889,0.7095237771670023,-2.4296296296300035e-05,1054.8115178055878,6.63625669784369
SmolLM3-3B-Base,rf2_ex20,full,27,mlp_512x256,0.9975176296296295,0.9786666666666667,0.7122856974601746,-2.4296296296300035e-05,1054.8115178055878,6.63625669784369
SmolLM3-3B-Base,rf2_ex20,full,35,linear,0.9951810370370371,0.9722222222222223,0.7285237908363342,0.0006340740740741202,1270.851313120738,5.50811879228468
SmolLM3-3B-Base,rf2_ex20,full,35,mlp_1x256,0.9958151111111112,0.9755555555555556,0.7262380917867025,0.0006340740740741202,1270.851313120738,5.50811879228468
SmolLM3-3B-Base,rf2_ex20,full,35,mlp_512x256,0.9956254814814817,0.9744444444444446,0.6691904664039612,0.0006340740740741202,1270.851313120738,5.50811879228468
Qwen3-4B-Base,control,no_reuse,9,linear,0.995234962962963,0.9673333333333334,0.7442857027053833,-2.6666666666730343e-05,1091.9671315933767,6.410449360124731
Qwen3-4B-Base,control,no_reuse,9,mlp_1x256,0.9950405925925927,0.9695555555555556,0.7477142810821533,-2.6666666666730343e-05,1091.9671315933767,6.410449360124731
Qwen3-4B-Base,control,no_reuse,9,mlp_512x256,0.9952082962962963,0.9671111111111111,0.7942380905151367,-2.6666666666730343e-05,1091.9671315933767,6.410449360124731
Qwen3-4B-Base,control,no_reuse,18,linear,0.996954074074074,0.9768888888888889,0.7024762034416199,0.0001967407407408306,791.2901177962342,8.846312929441355
Qwen3-4B-Base,control,no_reuse,18,mlp_1x256,0.9971508148148148,0.9755555555555556,0.6548095146814982,0.0001967407407408306,791.2901177962342,8.846312929441355
Qwen3-4B-Base,control,no_reuse,18,mlp_512x256,0.9971359999999999,0.9764444444444446,0.6473809281984965,0.0001967407407408306,791.2901177962342,8.846312929441355
Qwen3-4B-Base,control,no_reuse,27,linear,0.9956124444444444,0.9731111111111111,0.7657618920008341,-1.7777777776561976e-06,979.3160675711374,7.147845554460405
Qwen3-4B-Base,control,no_reuse,27,mlp_1x256,0.9955312592592592,0.9724444444444446,0.6727618972460429,-1.7777777776561976e-06,979.3160675711374,7.147845554460405
Qwen3-4B-Base,control,no_reuse,27,mlp_512x256,0.9956106666666668,0.9744444444444444,0.6985237995783488,-1.7777777776561976e-06,979.3160675711374,7.147845554460405
Qwen3-4B-Base,control,no_reuse,35,linear,0.9938317037037038,0.9673333333333334,0.7566666404406229,2.6074074074067255e-05,1230.197549555685,5.690143020141939
Qwen3-4B-Base,control,no_reuse,35,mlp_1x256,0.9938577777777778,0.9684444444444446,0.6446666518847147,2.6074074074067255e-05,1230.197549555685,5.690143020141939
Qwen3-4B-Base,control,no_reuse,35,mlp_512x256,0.9933220740740741,0.9684444444444443,0.6734285553296407,2.6074074074067255e-05,1230.197549555685,5.690143020141939
Qwen3-4B-Base,rf2_ex20,full,9,linear,0.9945333333333334,0.9677777777777777,0.7416666547457377,0.0001825185185185818,1108.9820421919544,6.312094996745101
Qwen3-4B-Base,rf2_ex20,full,9,mlp_1x256,0.9944219259259258,0.9673333333333334,0.741523802280426,0.0001825185185185818,1108.9820421919544,6.312094996745101
Qwen3-4B-Base,rf2_ex20,full,9,mlp_512x256,0.994715851851852,0.9671111111111111,0.7912380894025167,0.0001825185185185818,1108.9820421919544,6.312094996745101
Qwen3-4B-Base,rf2_ex20,full,18,linear,0.9949517037037037,0.9702222222222222,0.7704285581906637,7.28888888889001e-05,998.4399432871096,7.010937460048202
Qwen3-4B-Base,rf2_ex20,full,18,mlp_1x256,0.9950245925925926,0.971777777777778,0.6932857235272726,7.28888888889001e-05,998.4399432871096,7.010937460048202
Qwen3-4B-Base,rf2_ex20,full,18,mlp_512x256,0.9942678518518516,0.9693333333333335,0.6700952251752218,7.28888888889001e-05,998.4399432871096,7.010937460048202
Qwen3-4B-Base,rf2_ex20,full,27,linear,0.9915988148148148,0.9615555555555556,0.7310476104418436,-3.67407407407816e-05,1327.345095071266,5.273685062002783
Qwen3-4B-Base,rf2_ex20,full,27,mlp_1x256,0.991562074074074,0.9620000000000001,0.7155237992604574,-3.67407407407816e-05,1327.345095071266,5.273685062002783
Qwen3-4B-Base,rf2_ex20,full,27,mlp_512x256,0.9909961481481483,0.9628888888888888,0.7610952258110046,-3.67407407407816e-05,1327.345095071266,5.273685062002783
Qwen3-4B-Base,rf2_ex20,full,35,linear,0.9789973333333334,0.9248888888888889,0.7467618981997172,0.0002441481481481045,2173.257730209297,3.220970942698941
Qwen3-4B-Base,rf2_ex20,full,35,mlp_1x256,0.9788160000000001,0.9246666666666666,0.7361428538958231,0.0002441481481481045,2173.257730209297,3.220970942698941
Qwen3-4B-Base,rf2_ex20,full,35,mlp_512x256,0.9792414814814815,0.9253333333333332,0.7882857124010721,0.0002441481481481045,2173.257730209297,3.220970942698941
