model,family_model,readout,substituted_layers,n_words,beta_ntok,p_ntok,beta_freq,p_freq
SmolLM2-360M,SmolLM,final_layer,1-15,750,0.08767244576094696,2.434738807800738e-08,0.06796574381206241,3.6132758229105226e-08
SmolLM2-360M,SmolLM,behavior,1-15,750,0.05494893189460483,0.028982480000650637,0.017285089076894324,0.38427066833348833
Qwen2.5-1.5B,Qwen,final_layer,1-13,750,-0.024275122694795752,0.11699713968462566,0.0607723056861697,1.665962336706981e-06
Qwen2.5-1.5B,Qwen,behavior,1-13,750,-0.07785486529525829,0.006074216758327456,0.16665399120080732,3.231692465014451e-13
Llama-3.2-1B,Llama,final_layer,1-7,750,0.16225984632768267,2.9900319319945975e-07,0.04480490092655643,0.05229118802768065
Llama-3.2-1B,Llama,behavior,1-7,750,-0.2878807719752427,1.9564335726193356e-07,0.4703631533567224,3.0846411716913673e-23
Qwen2.5-3B,Qwen,final_layer,1-17,750,0.0013080267090195786,0.9102816657621208,-0.007826484814350172,0.35333974513565813
Qwen2.5-3B,Qwen,behavior,1-17,750,-0.022637385507141783,0.06902376316818477,0.01066825040359806,0.2996679778047632
Llama-3.2-3B,Llama,final_layer,1-13,750,0.1208196261326964,7.300447782495751e-10,0.05981150126166302,5.674947797216681e-05
Llama-3.2-3B,Llama,behavior,1-13,750,0.21839871287550486,6.041213926114456e-09,0.11977433865409547,2.5092546098297574e-05
SmolLM3-3B-Base,SmolLM,final_layer,1-17,750,0.0662070859806965,3.518232976757615e-06,-0.01802075635777553,0.11916814598975593
SmolLM3-3B-Base,SmolLM,behavior,1-17,750,0.24550082520093205,3.975600286896154e-13,0.22557617770313848,8.3188503363857e-14
Qwen3-4B-Base,Qwen,final_layer,1-17,750,0.0636857796950213,2.8537191303071664e-11,0.00638610624017035,0.3607309686724135
Qwen3-4B-Base,Qwen,behavior,1-17,750,0.012212281444863126,0.4624847977768366,0.003956077518896846,0.7499504365804841
