target,source,cka_k,cka_v,cka,cka_half1,cka_half2,kvsharer_distance,kvsharer_distance_half1,kvsharer_distance_half2,rel_kv_distance,attn_out_rel_err,attn_out_rel_err_half1,attn_out_rel_err_half2,rope_mismatch,model
8,7,0.888380052972146,0.532127570355626,0.7102538116638859,0.7093034951995308,0.7114849680051423,37.879702561510186,37.86736656988968,37.89263956456627,1.392731547355652,2.340314234213864,2.341526508464003,2.3391047900974318,False,SmolLM2-360M
10,9,0.6654063443267886,0.7190445480098943,0.6922254461683415,0.6932733088849444,0.6901507980265169,35.16585669488596,35.14186303195121,35.19067017302632,1.398796558380127,3.558064900884469,3.5469389080695897,3.569274739582984,False,SmolLM2-360M
12,11,0.8629562363969696,0.7659530543877066,0.814454645392338,0.8155661672113438,0.8138753422849874,38.49577178233871,38.47822159545152,38.51377729421685,1.323138952255249,1.944880698668649,1.9408394878269115,1.9489505995607652,False,SmolLM2-360M
14,13,0.9061676279804688,0.860298807227579,0.8832332176040238,0.8814939116657017,0.8852634944912442,46.46512260382115,46.45025434737976,46.48031315017055,1.4967503547668457,1.9081021451540972,1.9086929575251916,1.9075115289464997,False,SmolLM2-360M
16,15,0.9413535652388682,0.871578877836049,0.9064662215374586,0.9048733922013128,0.9081931286255704,43.17625524323555,43.17254560951172,43.180199011213375,1.412260890007019,1.8024643796266453,1.8023657999787224,1.8025629864889927,False,SmolLM2-360M
18,17,0.9334327709579864,0.9531769280395288,0.9433048494987576,0.941688361160234,0.945082086511357,39.2918899524853,39.27924953337391,39.30487200766858,1.430928349494934,2.068080561625292,2.0673709747723694,2.0687917449312674,False,SmolLM2-360M
20,19,0.9524635338556036,0.9278568169206214,0.9401601753881124,0.93953776002986,0.9409647425116038,40.67376215556434,40.65662190118832,40.69108516278801,1.4398003816604614,2.156041083254645,2.156073072776676,2.156009238765087,False,SmolLM2-360M
22,21,0.9041766659752808,0.8848597041228836,0.8945181850490822,0.8914428505090248,0.897756550654639,42.23209939129166,42.22042323576181,42.244012347816565,1.3741639852523804,1.7208020584918364,1.7215926934862615,1.720011911340882,False,SmolLM2-360M
24,23,0.7552585122583577,0.6664168637827416,0.7108376880205496,0.7072370390085687,0.7149194303022394,39.284197675001245,39.267795750045,39.30127443232856,1.3234604597091677,2.390383990756581,2.391083547114377,2.3896846895242283,False,SmolLM2-360M
26,25,0.9546310503111474,0.7107017601589734,0.8326664052350603,0.8338724291692183,0.832100436884639,38.424620528839824,38.40851188404508,38.44217914543537,1.2362303733825684,3.0894181316560654,3.079055276264412,3.099801226504754,False,SmolLM2-360M
28,27,0.9355451426176374,0.8430295758626528,0.8892873592401451,0.8885056461799382,0.8904965185015727,40.9501574540113,40.942654581169045,40.95986783278315,1.4253127574920654,1.9161574719627348,1.918266150826745,1.914048705389609,False,SmolLM2-360M
30,29,0.8705855602629009,0.6536819510656714,0.7621337556642862,0.7620470773346516,0.7631734320149606,50.99233375295549,50.97381051840772,51.01236032539626,1.490139722824097,2.0696426132850405,2.071567980544779,2.067716893305729,False,SmolLM2-360M
7,6,0.6851275476227512,0.7730912143425904,0.7291093809826708,0.7240199079103342,0.7338763371862822,52.971354011794936,52.96275817758914,52.9802487972159,1.1486330032348633,1.5604455164207949,1.559036189484915,1.561860642363961,False,Qwen2.5-1.5B
9,8,0.8173101565175147,0.7824219654141584,0.7998660609658366,0.7970472851935375,0.8023484244733092,28.06179180649433,28.07252058233826,28.05152050461391,1.4559712409973145,1.6387639241534977,1.6380876834638998,1.6394399040538452,False,Qwen2.5-1.5B
11,10,0.922613231611182,0.7903007509280131,0.8564569912695975,0.8553850399976315,0.8582681564353385,25.89898938381693,25.903122550034343,25.895222126233804,1.4866827726364136,1.1951698225937126,1.194735209832958,1.195603531069672,False,Qwen2.5-1.5B
13,12,0.854513928220705,0.9039909970238378,0.8792524626222714,0.8774548581402756,0.8811429590971832,26.651399193176697,26.66080755101712,26.64230156692261,1.4203838109970093,1.500171254021571,1.5025972800446488,1.4977418696864149,False,Qwen2.5-1.5B
15,14,0.7586379999975148,0.7397066802092318,0.7491723401033733,0.7485675306984192,0.7491127154017192,97.08018266537714,97.0791632277221,97.08126685222776,1.0679246187210083,1.211875830891751,1.2122290729932992,1.211522982645547,False,Qwen2.5-1.5B
17,16,0.9226390896827338,0.8306077220946037,0.8766234058886687,0.8755998027286472,0.8775278759119722,23.084873028421544,23.0899581969128,23.08001808679146,1.4030390977859497,1.7727359749163534,1.7729692821581184,1.7725027265966626,False,Qwen2.5-1.5B
19,18,0.918659864280878,0.8591771622275924,0.8889185132542352,0.8862029921881153,0.89124522427206,33.633699725707466,33.63387585853902,33.63367035502928,1.540002942085266,2.740231665274955,2.7429681911697124,2.7375009480441377,False,Qwen2.5-1.5B
21,20,0.9294346877179824,0.8695114719363863,0.8994730798271844,0.8984106530037579,0.9005047604224352,26.113938589459103,26.12367969792312,26.104647280922663,1.4469796419143677,2.181899264639956,2.182992778570695,2.180805334706311,False,Qwen2.5-1.5B
23,22,0.9278518929743448,0.8673408887035031,0.897596390838924,0.8960164276676736,0.8993499492705335,24.964905129162133,24.969283362304743,24.961596898814232,1.3510005474090576,1.3144578365449808,1.3153695308571909,1.3135470441118204,False,Qwen2.5-1.5B
25,24,0.8389194899611809,0.9341694844746904,0.8865444872179358,0.8849689243666679,0.8882944214025663,28.93859024658002,28.955563561013665,28.924437233931805,1.3099881410598757,3.483230792996016,3.4876273307896843,3.47885128021192,False,Qwen2.5-1.5B
27,26,0.9086666634962856,0.9213702094982515,0.9150184364972688,0.9139846830293884,0.9163973262190672,31.53117156493219,31.535513630435883,31.531558019696323,1.4177093505859375,1.5138420504968204,1.514732941711237,1.5129532796490737,False,Qwen2.5-1.5B
5,4,0.9467638830949674,0.8866665031354969,0.9167151931152322,0.9155867687088308,0.917802519214409,56.83727697338653,56.84221102699826,56.83268463320452,1.31601083278656,2.4518767791807847,2.449175068846729,2.4545811721661432,False,Llama-3.2-1B
7,6,0.9125624873761606,0.8777848861324076,0.8951736867542841,0.8942942587333134,0.8959944073910203,53.77199742683187,53.77675009191128,53.76757569452815,1.5184593200683594,2.433226733040191,2.4351824363329966,2.431265762415008,False,Llama-3.2-1B
9,8,0.9187672352970429,0.9008446446700904,0.9098059399835666,0.9063413027855046,0.9130598039295312,57.2150293016801,57.22762306949995,57.202618087892965,1.407489538192749,2.868789367412261,2.8675751240658744,2.8700051465704,False,Llama-3.2-1B
11,10,0.9581632458204772,0.8347264909116723,0.8964448683660748,0.8942371615615757,0.8991272038495748,56.58267426030773,56.5930605132544,56.57248691369388,1.3043909072875977,2.769326836910323,2.76446091796406,2.774213756349454,False,Llama-3.2-1B
13,12,0.960703163668339,0.7667309168586816,0.8637170402635103,0.8615142879645905,0.8661836983402416,53.52069702783485,53.53034385436731,53.51128835325973,1.4453206062316897,2.7759455242563487,2.774285430848054,2.7776092208172547,False,Llama-3.2-1B
15,14,0.964271177263724,0.861217244346845,0.9127442108052846,0.9106570179774044,0.9150593592540048,51.79794623830152,51.792979498553855,51.80333121105258,1.3486946821212769,2.1997309111267795,2.1987885754401377,2.200674674386981,False,Llama-3.2-1B
9,8,0.9253286142716978,0.3962412370957344,0.6607849256837162,0.6583042638787795,0.6680560297854157,22.16726305539815,22.17483926031157,22.16031660253028,1.4310771226882937,2.1954658077886737,2.1958465781372363,2.195084809149702,False,Qwen2.5-3B
11,10,0.8501896483591569,0.652467418677895,0.751328533518526,0.7501566209150095,0.7532175004223634,23.62217381649096,23.610798014281748,23.634120233907595,1.3980554342269895,2.1307406332132333,2.132026032890824,2.1294585506355967,False,Qwen2.5-3B
13,12,0.8124267185983414,0.5401469293649724,0.6762868239816568,0.6762254656815815,0.6757594996759184,25.32680066241132,25.320297310308227,25.333846797944343,1.2950834035873413,2.326089119204146,2.323792957052469,2.328386302462049,False,Qwen2.5-3B
15,14,0.9282230729932563,0.7886247094031277,0.8584238911981921,0.8552901183201556,0.8615460789673209,28.7513967370818,28.743202580840983,28.759929720411066,1.4478533267974854,1.947396181058976,1.948205041822808,1.9465877080159917,False,Qwen2.5-3B
17,16,0.6327685679839609,0.725960872075089,0.679364720029525,0.677909709965574,0.6797609890304899,25.8073207287581,25.81581244155307,25.79925625180808,1.4766569137573242,1.4919476214991203,1.492329384197027,1.4915653888892482,False,Qwen2.5-3B
19,18,0.9445266776885852,0.8540157829235404,0.8992712303060628,0.8987079433823193,0.8998385880590869,47.35108269056226,47.3486775035182,47.3536255569618,1.6402053833007812,1.4760398991157544,1.4763493554305378,1.4757304733815175,False,Qwen2.5-3B
21,20,0.6462290308147984,0.7729859978326955,0.709607514323747,0.7080934511990984,0.710918317556597,39.27977530301192,39.27464765878827,39.28509199805327,1.532241940498352,1.094195752178509,1.093115421440593,1.095272809126636,False,Qwen2.5-3B
23,22,0.844645686835418,0.8291882266628319,0.8369169567491249,0.8335104727693661,0.8405073396379886,27.254657937869386,27.24957249037324,27.26009622104197,1.3956507444381714,1.622992036076126,1.6224551351991832,1.6235299184890806,False,Qwen2.5-3B
25,24,0.9484897713292214,0.8797516494360925,0.914120710382657,0.9137765939171484,0.9145040605754348,24.77681468028009,24.77420565956564,24.779616898107065,1.3505915403366089,2.8242992575728207,2.818917715466825,2.829706191342952,False,Qwen2.5-3B
27,26,0.921671300848976,0.8818352408974698,0.9017532708732228,0.8992627907777017,0.9041249040220504,75.94984204212658,75.95170456408218,75.94808182418993,1.0969154834747314,1.774233867019637,1.77331788019735,1.7751512651654806,False,Qwen2.5-3B
29,28,0.9378508966737368,0.7977989007646946,0.8678248987192156,0.8663737218547433,0.8693479874445023,33.95081578684556,33.96471386227519,33.93717840505119,1.3182530403137207,2.25388696411499,2.254496855333324,2.253276864568329,False,Qwen2.5-3B
31,30,0.959749966369444,0.7775376610421557,0.8686438137057998,0.8673400881101546,0.8703363606519339,25.83095871247864,25.830522816077195,25.832794793443167,1.2995219230651855,1.2417722996531233,1.241256687058379,1.242288092454888,False,Qwen2.5-3B
33,32,0.955277139474346,0.971411424102518,0.963344281788432,0.9630899989830908,0.9637056004216592,29.31079177496397,29.36626501887735,29.268081607711142,1.1944221258163452,1.7831476881739583,1.7819030831958311,1.7843929478550782,False,Qwen2.5-3B
35,34,0.9228996026830332,0.4588490647616762,0.6908743337223547,0.6870238768478829,0.6931443401008898,33.283465489885394,33.287332967040406,33.280135572995135,1.3067609071731567,1.182797687676195,1.1821231871335538,1.183472547856053,False,Qwen2.5-3B
7,6,0.9683320828834832,0.8992639746446593,0.9337980287640713,0.93242260492907,0.9352159651629004,58.58020150734873,58.58196127139136,58.57888447940934,1.4210461378097534,2.226072659728389,2.225001818412031,2.227144874335333,False,Llama-3.2-3B
9,8,0.9581280744880653,0.9084665524486408,0.9332973134683528,0.9339187833411192,0.932487710813828,55.96809649712829,55.95283831960143,55.98376380481859,1.4268063306808472,2.978114892282154,2.979793087412065,2.9764397653040304,False,Llama-3.2-3B
11,10,0.9363831389150492,0.947648836114297,0.9420159875146732,0.9409756818758536,0.9430365075734204,54.09313150563423,54.09398506469616,54.0926068232006,1.3035835027694702,2.479496411563902,2.4794391061635097,2.4795535830955773,False,Llama-3.2-3B
13,12,0.9559144551508504,0.9303123016140274,0.9431133783824388,0.9432195333641576,0.942942468686145,50.03384465178287,50.041251163162265,50.02686791153588,1.2768223285675049,2.146595267060437,2.1473936247179077,2.145799316718081,False,Llama-3.2-3B
15,14,0.9417811843618988,0.918235234132078,0.9300082092469883,0.9285276470793806,0.9312194484773604,55.25560074751714,55.252521685101925,55.258994298178926,1.4721994400024414,3.131531092760344,3.1403636336746827,3.122785987797818,False,Llama-3.2-3B
17,16,0.970945541398994,0.9010498128187132,0.9359976771088536,0.9354265344391144,0.936954956936314,53.57267539308676,53.56832567252285,53.57750638692729,1.4217149019241333,4.686059900880797,4.70712418098399,4.66528466748374,False,Llama-3.2-3B
19,18,0.9662098635034014,0.8484964581270279,0.9073531608152148,0.9058043867860248,0.9091521988645004,56.70881271383314,56.71102144322964,56.7070645609922,1.41265070438385,3.497206661731098,3.4961658718817983,3.498247209287874,False,Llama-3.2-3B
21,20,0.9681758095506164,0.8696220127727873,0.918898911161702,0.9182866099234592,0.9201600579465952,55.399197545642046,55.38864910000125,55.41035458908343,1.426915407180786,6.092582544659628,6.087968759222657,6.097204220531701,False,Llama-3.2-3B
23,22,0.9535730858284064,0.8485220363086974,0.901047561068552,0.9015337845366996,0.9010204451822356,56.5101577474026,56.49830133624744,56.52251118687396,1.4697964191436768,4.078364230253194,4.0835669936341015,4.073181430393441,False,Llama-3.2-3B
25,24,0.9341056871770947,0.7786680623300907,0.8563868747535928,0.8541309058581973,0.8585148445973148,55.69871672711367,55.68203369236432,55.71601687115489,1.3887181282043457,2.6970209126692257,2.6995779032493026,2.694473574276627,False,Llama-3.2-3B
27,26,0.9297489398172636,0.866541705088212,0.8981453224527378,0.8966626826684365,0.8995008269594598,55.90922096546727,55.8965770728322,55.92242497742885,1.339753270149231,1.6741874248183186,1.674294810247306,1.6740802724545871,False,Llama-3.2-3B
9,8,0.9449040918044432,0.8358630337666767,0.89038356278556,0.8871896167080515,0.8935831469045867,48.10171861009982,48.08728037940764,48.11647316383498,1.4951565265655518,2.3295683620313024,2.3302555393593853,2.3288819084658066,False,SmolLM3-3B-Base
11,10,0.7337487495073753,0.8942683981177274,0.8140085738125513,0.8086052757181923,0.8189879151497617,37.40918345268885,37.40029621147768,37.41847835897135,1.8285953998565676,1.860383625904044,1.8608563340680015,1.8599126492442544,True,SmolLM3-3B-Base
13,12,0.9361160473254118,0.9261200143809702,0.931118030853191,0.9291656741349242,0.933140016339252,43.71057491955936,43.717105517355705,43.70445879804424,1.5084835290908811,2.3971836494858416,2.394187180801488,2.4001910738999674,False,SmolLM3-3B-Base
15,14,0.9223216684428168,0.9222325991287832,0.9222771337858,0.9201903757245532,0.9246203024046176,37.59922018576744,37.58486501450746,37.61382106887695,1.6872704029083252,2.2381284049932018,2.234468936654645,2.241806883816293,True,SmolLM3-3B-Base
17,16,0.9759350989412088,0.9403842562422448,0.9581596775917268,0.9565870530277416,0.959640144047444,48.17350956640357,48.15368575242774,48.19345980516677,1.5214667320251465,2.707116789348655,2.7069328685320238,2.7073011692885065,False,SmolLM3-3B-Base
19,18,0.9621283084024363,0.9513888523690044,0.9567585803857204,0.955975361485218,0.9573782443982042,36.62041189346667,36.60109812881346,36.63998597055936,1.617069959640503,2.272040716592917,2.2732041085409,2.270881341150849,True,SmolLM3-3B-Base
21,20,0.9528935878057953,0.7204412389120464,0.8366674133589207,0.8335757385807769,0.8396234884372061,45.41748909575748,45.41463550812279,45.42052010191744,1.4732170104980469,2.399050976125476,2.401697381191026,2.396418349844708,False,SmolLM3-3B-Base
23,22,0.9168259760950694,0.8857327487782596,0.9012793624366644,0.8976925644739423,0.9048893369038196,39.57374422585652,39.57966544821716,39.56818642257679,1.7244112491607666,4.609553733085816,4.595083343724959,4.624176208232056,True,SmolLM3-3B-Base
25,24,0.9206510621401336,0.4292475048001455,0.6749492834701396,0.6707996507998779,0.6787763061904287,45.44417499531113,45.446846975443485,45.4417939179824,1.4300376176834106,3.969681650762957,3.9687763416799777,3.970589095103474,False,SmolLM3-3B-Base
27,26,0.9160978102417284,0.8509886656376677,0.8835432379396981,0.8823923359638641,0.8850829190496929,34.30236535035416,34.3014251138922,34.30393755429171,1.6571040153503418,9.17851627346394,9.153393086415717,9.20382782512185,True,SmolLM3-3B-Base
29,28,0.93733691140371,0.7290621034491435,0.8331995074264267,0.8317944669008882,0.8356333051798996,39.64243652037616,39.63511955504419,39.650157259012,1.4033271074295044,4.117849682944744,4.115569221313598,4.120135550936616,False,SmolLM3-3B-Base
31,30,0.7069887539066726,0.3815893459039172,0.5442890499052949,0.5390668749763351,0.5501256764872275,33.29765146473653,33.29628699071519,33.29974432814451,1.4469302892684937,5.407365492606173,5.385180304876124,5.429830832266175,True,SmolLM3-3B-Base
33,32,0.9414516603601616,0.8343452143414853,0.8878984373508234,0.8881084666059085,0.8878029717290452,34.039046353767155,34.02799430149657,34.05056845732218,1.3911586999893188,3.635788049290657,3.630501297565301,3.641092704161271,False,SmolLM3-3B-Base
35,34,0.6596147898897647,0.6639180728481483,0.6617664313689565,0.6541840995322374,0.6689246676786403,37.94962359130834,37.9544705966015,37.94518320094474,1.863340973854065,3.921936760561189,3.923792487090001,3.9200867789356058,True,SmolLM3-3B-Base
9,8,0.8552028639600335,0.8599699584729849,0.8575864112165092,0.8544414840615606,0.8609027872216478,90.2409001433758,90.25107351553048,90.23149129470896,1.9095747470855715,2.366178665041939,2.367545252355016,2.3648189828741755,False,Qwen3-4B-Base
11,10,0.918709690857165,0.8463632431284854,0.8825364669928253,0.8816193156335628,0.8837685122932539,97.00897156849152,97.03137845601329,96.98715141604248,1.3999433517456057,2.8202287347873325,2.8202349135762392,2.820222555931363,False,Qwen3-4B-Base
13,12,0.9183809603453068,0.9122329751631476,0.9153069677542272,0.9138567799538476,0.9166669272644876,70.37190049890584,70.37267164489803,70.37178169894734,1.5801677703857422,1.7508443923942882,1.7496922966482,1.7519969764060324,False,Qwen3-4B-Base
15,14,0.971274554811736,0.9582488514268478,0.964761703119292,0.9634285719473517,0.9660637531474724,77.76498428273554,77.73582723957267,77.79454070095925,1.5436021089553833,1.5250115862846587,1.525487655985026,1.5245359106363006,False,Qwen3-4B-Base
17,16,0.947372449998512,0.952144276553748,0.9497583632761302,0.9475224050917336,0.9518822687224612,70.27682795394502,70.24605440402466,70.30799229014902,1.4166866540908811,4.802626356140806,4.801370637559368,4.803883734958447,False,Qwen3-4B-Base
19,18,0.884195225784637,0.9292667393873252,0.9067309825859812,0.905646297331448,0.9077006250760508,73.7075414662179,73.69373440138683,73.72179283517555,1.396552562713623,4.402663110393733,4.404547514440998,4.400775243973754,False,Qwen3-4B-Base
21,20,0.9372895190740822,0.9535648809207132,0.9454271999973975,0.9442795975060756,0.9464609391694402,72.84970894274213,72.84522716080674,72.85454978411904,1.4007999897003174,2.0244540725649016,2.023505820937168,2.0254034425340253,False,Qwen3-4B-Base
23,22,0.8832920457084437,0.9121941444527506,0.8977430950805971,0.8970928990990635,0.8981452512818552,85.10843861936047,85.10270196262344,85.11463912562743,1.3135206699371338,2.0597746208722656,2.058968768028377,2.060581604862881,False,Qwen3-4B-Base
25,24,0.955695907127808,0.8807064503227676,0.9182011787252878,0.9156262813032462,0.9211479976424376,77.87649567214048,77.86664939693559,77.88759790281105,1.3794450759887695,4.055886645899792,4.055611876994473,4.05616092196827,False,Qwen3-4B-Base
27,26,0.9639437527053744,0.8794235805685562,0.9216836666369652,0.920010591780304,0.9235590059152404,69.75734526782146,69.7248168494933,69.79150204347225,1.4132812023162842,4.307824198394632,4.314082583412489,4.3015835990378415,False,Qwen3-4B-Base
29,28,0.9488850695397892,0.5935552596162144,0.7712201645780018,0.7694350076249357,0.7735418483607488,72.97080883916587,72.96349403546807,72.98358850115524,1.2164515256881714,3.415191395820385,3.410984856055882,3.419412584037515,False,Qwen3-4B-Base
31,30,0.9450597847465376,0.9136839267633188,0.9293718557549282,0.927749472947029,0.9312796908666592,85.5223383936245,85.49837362974066,85.55362391401951,1.3117763996124268,4.603873310331871,4.6074017532509615,4.600354982979733,False,Qwen3-4B-Base
33,32,0.9369387628777974,0.9516391642788342,0.9442889635783158,0.9438164975449086,0.9448164733406004,96.94185088750312,96.98586298574251,96.923672022843,1.1826273202896118,3.901492849902056,3.912901076868793,3.890183188973797,False,Qwen3-4B-Base
35,34,0.9230765528955308,0.7872232730921926,0.8551499129938618,0.8518525023252703,0.8585064542256473,126.5760310267386,126.60823958711914,126.5535128492713,1.6228110790252686,1.5936009272152938,1.5941119126873702,1.5930901572434226,False,Qwen3-4B-Base
