model,regime,policy,family,token_stratum,n_words,n_nonwords,base_auc,estimate,se,ci_low,ci_high,p_value,ci_excludes_zero
SmolLM2-360M,rf2_ex00,full,full,1,292,7,0.9688875978473581,-0.11478718199608609,0.04246057399285947,-0.20591031814288047,-0.03156778281294914,0.006863766521404237,True
SmolLM2-360M,rf2_ex00,full,full,2,336,319,0.9619468624048365,-0.39040720863188544,0.014636584464906984,-0.41826903345576777,-0.3616490397998547,9.58642243834997e-157,True
SmolLM2-360M,rf2_ex00,full,full,3,103,332,0.9486142385074278,-0.45689371563925596,0.019267280408829482,-0.4936776401824895,-0.4185954988421226,2.619703087690973e-124,True
SmolLM2-360M,rf2_ex00,full,full,>=4,19,92,0.9329233409610984,-0.46000786613272315,0.045819048893709496,-0.5514208094922751,-0.37148492959152485,1.020208363007562e-23,True
SmolLM2-360M,rf2_ex20,cf_next_head,cf_next_head,1,292,7,0.9930724070450099,-0.09113502935420743,0.024464700868674277,-0.14129977335276026,-0.046342162021236255,0.00019518807959355397,True
SmolLM2-360M,rf2_ex20,cf_next_head,cf_next_head,2,336,319,0.9816159128228094,-0.08951559934318556,0.00674344001440727,-0.10348845663050613,-0.0771183221677965,3.2556175512655637e-40,True
SmolLM2-360M,rf2_ex20,cf_next_head,cf_next_head,3,103,332,0.9872523102117207,-0.11770967364604047,0.010309044216209696,-0.1374870834091291,-0.09732393019159508,3.395857262273346e-30,True
SmolLM2-360M,rf2_ex20,cf_next_head,cf_next_head,>=4,19,92,0.979908466819222,-0.12569794050343253,0.023101265714442265,-0.1752162132222616,-0.08354520655607613,5.2931430353831e-08,True
SmolLM2-360M,rf2_ex20,cf_prev_head,cf_prev_head,1,292,7,0.9930724070450099,-0.1313111545988258,0.06895087445485451,-0.2865698899969295,-0.033039872649146845,0.056856015578042804,True
SmolLM2-360M,rf2_ex20,cf_prev_head,cf_prev_head,2,336,319,0.9816159128228094,-0.07010897148828184,0.005544620666869969,-0.08114210919615575,-0.059020104877151494,1.1998114194309078e-36,True
SmolLM2-360M,rf2_ex20,cf_prev_head,cf_prev_head,3,103,332,0.9872523102117207,-0.11267165750380162,0.010601482945756227,-0.13473262071269687,-0.09207389692959694,2.2099837760409306e-26,True
SmolLM2-360M,rf2_ex20,cf_prev_head,cf_prev_head,>=4,19,92,0.979908466819222,-0.16258581235697941,0.03860870535141758,-0.24689406685029405,-0.09644356623186538,2.5411001199170308e-05,True
SmolLM2-360M,rf2_ex20,cka_high@k4,cka_high,1,292,7,0.9930724070450099,-0.002289628180039136,0.0018154072985039182,-0.006200092592592589,0.0009141964004853332,0.20722955769939133,False
SmolLM2-360M,rf2_ex20,cka_high@k4,cka_high,2,336,319,0.9816159128228094,-0.004766009852216748,0.0011632715760492396,-0.007141230276218946,-0.00255974371086976,4.1840499013953076e-05,True
SmolLM2-360M,rf2_ex20,cka_high@k4,cka_high,3,103,332,0.9872523102117207,-0.007648847818458307,0.0024664314064121455,-0.013247524990268973,-0.0036996971068399623,0.001927510635608128,True
SmolLM2-360M,rf2_ex20,cka_high@k4,cka_high,>=4,19,92,0.979908466819222,-0.008741418764302051,0.004078642858078837,-0.0182281900371788,-0.0021325118980398635,0.0320956374288047,True
SmolLM2-360M,rf2_ex20,cka_low@k4,cka_low,1,292,7,0.9930724070450099,-0.1053816046966732,0.04718497010945711,-0.20762498636370716,-0.029952146464646497,0.025524404018254763,True
SmolLM2-360M,rf2_ex20,cka_low@k4,cka_low,2,336,319,0.9816159128228094,-0.04658008658008658,0.004723630146649699,-0.05622415489436556,-0.03770548695971726,6.138657734425694e-23,True
SmolLM2-360M,rf2_ex20,cka_low@k4,cka_low,3,103,332,0.9872523102117207,-0.04773540765001754,0.0069735010619144675,-0.0625601378132976,-0.0350357171912316,7.63386454129253e-12,True
SmolLM2-360M,rf2_ex20,cka_low@k4,cka_low,>=4,19,92,0.979908466819222,-0.08375286041189932,0.027329793911236775,-0.14377437578524532,-0.0363317655297919,0.002180153195259483,True
SmolLM2-360M,rf2_ex20,fidelity_high@k4,fidelity_high,1,292,7,0.9930724070450099,-0.002818003913894329,0.0017755387438111564,-0.006671394821620337,1.110223024619098e-19,0.11248408361893228,False
SmolLM2-360M,rf2_ex20,fidelity_high@k4,fidelity_high,2,336,319,0.9816159128228094,-0.005574712643678148,0.0011157267928582565,-0.007803070078441324,-0.003468003789450461,5.838458992349519e-07,True
SmolLM2-360M,rf2_ex20,fidelity_high@k4,fidelity_high,3,103,332,0.9872523102117207,-0.008301555737513153,0.0020214177633847024,-0.012492464332162409,-0.004805935034413294,4.011806559392583e-05,True
SmolLM2-360M,rf2_ex20,fidelity_high@k4,fidelity_high,>=4,19,92,0.979908466819222,-0.009885583524027458,0.004381842634605166,-0.019271505096733928,-0.002499462134251298,0.024068536800302694,True
SmolLM2-360M,rf2_ex20,full,full,1,292,7,0.9930724070450099,-0.14463796477495106,0.07409419848595364,-0.31203787198371363,-0.03901308316430025,0.05092844812349493,True
SmolLM2-360M,rf2_ex20,full,full,2,336,319,0.9816159128228094,-0.0888404985818779,0.006354798077395735,-0.10164315700052987,-0.07652381573764064,2.0629568858067167e-44,True
SmolLM2-360M,rf2_ex20,full,full,3,103,332,0.9872523102117207,-0.14178851327640657,0.011379933908101679,-0.16389785567582732,-0.11959743050933426,1.2411550833074935e-35,True
SmolLM2-360M,rf2_ex20,full,full,>=4,19,92,0.979908466819222,-0.1930892448512586,0.03564062005822715,-0.2691748610404154,-0.12680794943870516,6.037952803360394e-08,True
SmolLM2-360M,rf2_ex20,kvdist_high@k4,kvdist_high,1,292,7,0.9930724070450099,-0.001780821917808222,0.0013402183970352335,-0.004797802821069232,0.00016125782789851194,0.18392880755701724,False
SmolLM2-360M,rf2_ex20,kvdist_high@k4,kvdist_high,2,336,319,0.9816159128228094,-0.005061203164651426,0.0010605347966183237,-0.007175702777119712,-0.0030897906004814972,1.8212288804363297e-06,True
SmolLM2-360M,rf2_ex20,kvdist_high@k4,kvdist_high,3,103,332,0.9872523102117207,-0.005784302257573985,0.0017144332705293038,-0.009332194987968464,-0.002712853582292518,0.0007411507833020944,True
SmolLM2-360M,rf2_ex20,kvdist_high@k4,kvdist_high,>=4,19,92,0.979908466819222,-0.007803203661327234,0.0037463617666040213,-0.01574674922600619,-0.0013476715686274526,0.03726260928544583,True
SmolLM2-360M,rf2_ex20,kvdist_low@k4,kvdist_low,1,292,7,0.9930724070450099,-0.08999999999999998,0.05262832279012804,-0.20993254067886627,-0.01285282837967405,0.08724631063260524,True
SmolLM2-360M,rf2_ex20,kvdist_low@k4,kvdist_low,2,336,319,0.9816159128228094,-0.05586318853560233,0.0054591210519092616,-0.06642087605456108,-0.04541066312090182,1.4107922176440734e-24,True
SmolLM2-360M,rf2_ex20,kvdist_low@k4,kvdist_low,3,103,332,0.9872523102117207,-0.08272195578430225,0.009744900033602111,-0.10291086104642257,-0.06433142994825178,2.088833750512277e-17,True
SmolLM2-360M,rf2_ex20,kvdist_low@k4,kvdist_low,>=4,19,92,0.979908466819222,-0.13871853546910753,0.030334987833248925,-0.2047341999273212,-0.08227823845591613,4.810447600524963e-06,True
SmolLM2-360M,rf2_ex20,kvsharer_dissimilar@k4,kvsharer_dissimilar,1,292,7,0.9930724070450099,-0.0030919765166340517,0.0019580912725358046,-0.007516053653099665,-0.0002997729603890766,0.11431844051821215,True
SmolLM2-360M,rf2_ex20,kvsharer_dissimilar@k4,kvsharer_dissimilar,2,336,319,0.9816159128228094,-0.002441409165547097,0.0008513148371823152,-0.004143799691560996,-0.0008136911471405287,0.004133237238101033,True
SmolLM2-360M,rf2_ex20,kvsharer_dissimilar@k4,kvsharer_dissimilar,3,103,332,0.9872523102117207,-0.007478067610246817,0.0024275427396937992,-0.01287404338944499,-0.0034913266287890338,0.0020664700842311116,True
SmolLM2-360M,rf2_ex20,kvsharer_dissimilar@k4,kvsharer_dissimilar,>=4,19,92,0.979908466819222,-0.006887871853546912,0.003322086062036713,-0.014011219336219339,-0.0012534798395045293,0.03813902667826604,True
SmolLM2-360M,rf2_ex20,kvsharer_similar@k4,kvsharer_similar,1,292,7,0.9930724070450099,-0.010410958904109582,0.0074548764630453165,-0.027947835758305065,-0.0015383275261324038,0.1625549418852097,True
SmolLM2-360M,rf2_ex20,kvsharer_similar@k4,kvsharer_similar,2,336,319,0.9816159128228094,-0.002298104194655917,0.0007919540118237856,-0.0038591060951644125,-0.0007645348218005399,0.0037100732363796866,True
SmolLM2-360M,rf2_ex20,kvsharer_similar@k4,kvsharer_similar,3,103,332,0.9872523102117207,-0.004140835185401799,0.001151980681185086,-0.0065471767135987175,-0.0021241954351891032,0.0003249711257132349,True
SmolLM2-360M,rf2_ex20,kvsharer_similar@k4,kvsharer_similar,>=4,19,92,0.979908466819222,-0.005125858123569804,0.00398542626620748,-0.01421612766318649,8.11005522383826e-05,0.19839053044438182,False
SmolLM2-360M,rf4_ex20,full,full,1,292,7,0.9930724070450099,-0.13927592954990214,0.06066977921169025,-0.27728904391852116,-0.05392272551296945,0.021696513683213188,True
SmolLM2-360M,rf4_ex20,full,full,2,336,319,0.9816159128228094,-0.14652037617554858,0.007461621956719045,-0.16117319507622527,-0.13168560481424307,7.537339824812064e-86,True
SmolLM2-360M,rf4_ex20,full,full,3,103,332,0.9872523102117207,-0.20763130190665574,0.012424100163140573,-0.23180714001735997,-0.18287388810080216,1.0721729610904614e-62,True
SmolLM2-360M,rf4_ex20,full,full,>=4,19,92,0.979908466819222,-0.2744393592677346,0.036161914450248245,-0.35140694682675816,-0.20834423346197206,3.219306941844665e-14,True
Qwen2.5-1.5B,rf2_ex00,full,full,1,295,9,0.9859698681732579,-0.5753968253968254,0.04827863878664501,-0.6657303173091186,-0.47905291323260074,9.508625717583755e-33,True
Qwen2.5-1.5B,rf2_ex00,full,full,2,343,345,0.9874704984034431,-0.4508006929479867,0.008824093075163878,-0.46797682948132824,-0.4342672765553161,0.0,True
Qwen2.5-1.5B,rf2_ex00,full,full,3,96,325,0.9706272893772893,-0.46539720695970693,0.012327337191187825,-0.48872584610245784,-0.4410507264225412,0.0,True
Qwen2.5-1.5B,rf2_ex00,full,full,>=4,16,71,0.9610789738430583,-0.4742517605633803,0.034235478007931024,-0.5346521528231195,-0.4022752334071459,1.226207313729008e-43,True
Qwen2.5-1.5B,rf2_ex20,cf_next_head,cf_next_head,1,295,9,0.985190891970553,-0.11388460879986305,0.026623423542621524,-0.16818292758776363,-0.06319963900404038,1.8891105972126e-05,True
Qwen2.5-1.5B,rf2_ex20,cf_next_head,cf_next_head,2,343,345,0.9922546545439183,-0.07916354571190418,0.005054089814954791,-0.08871309789432696,-0.06909508981150932,2.6969123090010415e-55,True
Qwen2.5-1.5B,rf2_ex20,cf_next_head,cf_next_head,3,96,325,0.9941360722610721,-0.13537004662004662,0.010508839614668669,-0.15682462040148432,-0.1156374368784009,5.718242024823066e-38,True
Qwen2.5-1.5B,rf2_ex20,cf_next_head,cf_next_head,>=4,16,71,0.9920374519846351,-0.14396606914212545,0.02046355858245791,-0.18498791178833793,-0.10605698129621575,1.989166912819686e-12,True
Qwen2.5-1.5B,rf2_ex20,cf_prev_head,cf_prev_head,1,295,9,0.985190891970553,-0.1059065228556754,0.023359963422267947,-0.1536076239235207,-0.06217452728187169,5.796571947892642e-06,True
Qwen2.5-1.5B,rf2_ex20,cf_prev_head,cf_prev_head,2,343,345,0.9922546545439183,-0.06026880543295805,0.0047098531515582165,-0.06985945432524046,-0.051384826477704024,1.7189828970702507e-37,True
Qwen2.5-1.5B,rf2_ex20,cf_prev_head,cf_prev_head,3,96,325,0.9941360722610721,-0.10934003496503494,0.008712281950897353,-0.12760810634175973,-0.09331743138920967,3.9699380913793136e-36,True
Qwen2.5-1.5B,rf2_ex20,cf_prev_head,cf_prev_head,>=4,16,71,0.9920374519846351,-0.12215909090909091,0.019724910482559654,-0.16246335691223318,-0.08681618279908475,5.897808127072273e-10,True
Qwen2.5-1.5B,rf2_ex20,cka_high@k4,cka_high,1,295,9,0.985190891970553,-0.018798151001540832,0.0072434439936645955,-0.034737279447645306,-0.006249186664747768,0.009453721462146104,True
Qwen2.5-1.5B,rf2_ex20,cka_high@k4,cka_high,2,343,345,0.9922546545439183,-0.007050092764378472,0.0009752739907048844,-0.009042525367945534,-0.005224880202551177,4.871622014402425e-13,True
Qwen2.5-1.5B,rf2_ex20,cka_high@k4,cka_high,3,96,325,0.9941360722610721,-0.004678030303030308,0.001116215467316534,-0.007065825106384223,-0.0026989024493279277,2.7775916146247506e-05,True
Qwen2.5-1.5B,rf2_ex20,cka_high@k4,cka_high,>=4,16,71,0.9920374519846351,-0.0020806658130601815,0.0017907622745910342,-0.006137863979299165,0.0010870293602488175,0.24528082252345973,False
Qwen2.5-1.5B,rf2_ex20,cka_low@k4,cka_low,1,295,9,0.985190891970553,-0.0692004793699709,0.020516946264505266,-0.11270154400599071,-0.03139295361442387,0.0007439582309769352,True
Qwen2.5-1.5B,rf2_ex20,cka_low@k4,cka_low,2,343,345,0.9922546545439183,-0.012776900709465038,0.0019114122299395764,-0.016695087726375263,-0.009194869161748501,2.3166006024864656e-11,True
Qwen2.5-1.5B,rf2_ex20,cka_low@k4,cka_low,3,96,325,0.9941360722610721,-0.021040209790209777,0.003746490201521328,-0.029001239999698968,-0.01437424063248706,1.9545255224401814e-08,True
Qwen2.5-1.5B,rf2_ex20,cka_low@k4,cka_low,>=4,16,71,0.9920374519846351,-0.027248719590268877,0.010106892525379609,-0.048639399948762235,-0.009822612517887531,0.007016646650699005,True
Qwen2.5-1.5B,rf2_ex20,fidelity_high@k4,fidelity_high,1,295,9,0.985190891970553,-0.02292415682246191,0.006734041786819587,-0.03748484423308455,-0.010281785363790997,0.0006635339350989383,True
Qwen2.5-1.5B,rf2_ex20,fidelity_high@k4,fidelity_high,2,343,345,0.9922546545439183,-0.013968049105582374,0.0021360172167187944,-0.018261415495326738,-0.00998838359338332,6.180903601108204e-11,True
Qwen2.5-1.5B,rf2_ex20,fidelity_high@k4,fidelity_high,3,96,325,0.9941360722610721,-0.033388694638694635,0.004902350858364003,-0.043763827848263846,-0.024510354544716652,9.709005428719338e-12,True
Qwen2.5-1.5B,rf2_ex20,fidelity_high@k4,fidelity_high,>=4,16,71,0.9920374519846351,-0.0556978233034571,0.01867970189598091,-0.0968220470006184,-0.023214995948208576,0.0028662487008101383,True
Qwen2.5-1.5B,rf2_ex20,full,full,1,295,9,0.985190891970553,-0.10912514980311588,0.025496755181423397,-0.16328800895553475,-0.0630183671781354,1.8692501227598387e-05,True
Qwen2.5-1.5B,rf2_ex20,full,full,2,343,345,0.9922546545439183,-0.05920441581488609,0.004099316515377013,-0.06736578903694601,-0.05168474837446729,2.794799804927475e-47,True
Qwen2.5-1.5B,rf2_ex20,full,full,3,96,325,0.9941360722610721,-0.10683566433566431,0.007721773722488788,-0.12247807127943189,-0.09235554450501926,1.5535240440381794e-43,True
Qwen2.5-1.5B,rf2_ex20,full,full,>=4,16,71,0.9920374519846351,-0.11639724711907813,0.021236425081338734,-0.15969034232318202,-0.07541690788342162,4.228833124885749e-08,True
Qwen2.5-1.5B,rf2_ex20,kvdist_high@k4,kvdist_high,1,295,9,0.985190891970553,-0.014278376990241386,0.006223192040142856,-0.027915873885807574,-0.0036213600953977874,0.02176859206914924,True
Qwen2.5-1.5B,rf2_ex20,kvdist_high@k4,kvdist_high,2,343,345,0.9922546545439183,-0.003869599787967122,0.0009381335474716928,-0.0057535261054146945,-0.0021170578333461754,3.710801975615625e-05,True
Qwen2.5-1.5B,rf2_ex20,kvdist_high@k4,kvdist_high,3,96,325,0.9941360722610721,-0.005992132867132859,0.0016865698828000836,-0.009599744481323435,-0.0029964373873583076,0.00038107906853294325,True
Qwen2.5-1.5B,rf2_ex20,kvdist_high@k4,kvdist_high,>=4,16,71,0.9920374519846351,-0.010843469910371318,0.0061444028890656815,-0.02481752288662859,-0.0006970350547074273,0.07760209951814089,True
Qwen2.5-1.5B,rf2_ex20,kvdist_low@k4,kvdist_low,1,295,9,0.985190891970553,-0.027615134394795415,0.009663575589912507,-0.04887991987284525,-0.011135619503859542,0.004267884097683014,True
Qwen2.5-1.5B,rf2_ex20,kvdist_low@k4,kvdist_low,2,343,345,0.9922546545439183,-0.010625842657785862,0.0016824485728082893,-0.014008656489649553,-0.007554166139297476,2.6893904071219927e-10,True
Qwen2.5-1.5B,rf2_ex20,kvdist_low@k4,kvdist_low,3,96,325,0.9941360722610721,-0.02172785547785547,0.003950844203708056,-0.030436691584013745,-0.01476717139497162,3.8076706386218115e-08,True
Qwen2.5-1.5B,rf2_ex20,kvdist_low@k4,kvdist_low,>=4,16,71,0.9920374519846351,-0.02164692701664533,0.009654158627318566,-0.042003771691271695,-0.0049908341435747836,0.024945956384945043,True
Qwen2.5-1.5B,rf2_ex20,kvsharer_dissimilar@k4,kvsharer_dissimilar,1,295,9,0.985190891970553,-0.013268275980140394,0.006196270631582283,-0.0278893218529281,-0.003572423166248344,0.03224723016048969,True
Qwen2.5-1.5B,rf2_ex20,kvsharer_dissimilar@k4,kvsharer_dissimilar,2,343,345,0.9922546545439183,-0.00399482209597559,0.0008313134233093948,-0.005614103746255243,-0.0024613221192201977,1.544158872510326e-06,True
Qwen2.5-1.5B,rf2_ex20,kvsharer_dissimilar@k4,kvsharer_dissimilar,3,96,325,0.9941360722610721,-0.006217948717948714,0.0014661451959328898,-0.009442295749568869,-0.0035901547974090463,2.2250791680476975e-05,True
Qwen2.5-1.5B,rf2_ex20,kvsharer_dissimilar@k4,kvsharer_dissimilar,>=4,16,71,0.9920374519846351,-0.01140364916773367,0.005129512774591024,-0.022728707529843906,-0.002999726146133018,0.026206043943959728,True
Qwen2.5-1.5B,rf2_ex20,kvsharer_similar@k4,kvsharer_similar,1,295,9,0.985190891970553,-0.009964047252182846,0.00543117712587545,-0.022203437658905114,-0.002489343220778761,0.06656471394761668,True
Qwen2.5-1.5B,rf2_ex20,kvsharer_similar@k4,kvsharer_similar,2,343,345,0.9922546545439183,-0.0012280236770032588,0.00037794973453165743,-0.0020095500304274966,-0.0005508367939141449,0.001157414905171454,True
Qwen2.5-1.5B,rf2_ex20,kvsharer_similar@k4,kvsharer_similar,3,96,325,0.9941360722610721,-0.0024752331002331003,0.0008437710880591727,-0.004323533956372498,-0.0010679921271790306,0.003351244836803339,True
Qwen2.5-1.5B,rf2_ex20,kvsharer_similar@k4,kvsharer_similar,>=4,16,71,0.9920374519846351,0.00044014084507041566,0.0010205682258745568,-0.001574662391693464,0.002645021849914031,0.6662717859112872,False
Qwen2.5-1.5B,rf2_ex20,live_prev_head,live_prev_head,1,295,9,0.985190891970553,-0.11200136962848826,0.026095250541619028,-0.16794619831192456,-0.06508441268867632,1.7705400623125054e-05,True
Qwen2.5-1.5B,rf2_ex20,live_prev_head,live_prev_head,2,343,345,0.9922546545439183,-0.05829520967054241,0.004085180820735475,-0.06651859612629162,-0.05090698590555082,3.3695764541252426e-46,True
Qwen2.5-1.5B,rf2_ex20,live_prev_head,live_prev_head,3,96,325,0.9941360722610721,-0.10609702797202795,0.007678641074786783,-0.12162342164260329,-0.09167813456580795,2.008326343726874e-43,True
Qwen2.5-1.5B,rf2_ex20,live_prev_head,live_prev_head,>=4,16,71,0.9920374519846351,-0.11699743918053779,0.020945554175961854,-0.1602431008570144,-0.07708890374331553,2.3264200130456395e-08,True
Qwen2.5-1.5B,rf4_ex20,full,full,1,295,9,0.985190891970553,-0.13379558294812532,0.024290821956480184,-0.18333594990769828,-0.08712243096628203,3.627861630355148e-08,True
Qwen2.5-1.5B,rf4_ex20,full,full,2,343,345,0.9922546545439183,-0.07680852126282472,0.004394013591744439,-0.08566113350343535,-0.067990789353745,2.025561218921931e-68,True
Qwen2.5-1.5B,rf4_ex20,full,full,3,96,325,0.9941360722610721,-0.1336756993006993,0.010662491950407438,-0.15577655112156158,-0.11395470994892311,4.6837284595619494e-36,True
Qwen2.5-1.5B,rf4_ex20,full,full,>=4,16,71,0.9920374519846351,-0.14060499359795137,0.027495169713487345,-0.20064557556341142,-0.09133838172086049,3.15729815762285e-07,True
Llama-3.2-1B,rf2_ex00,full,full,1,295,10,0.986228813559322,-0.22023305084745762,0.03617366022685104,-0.2977024090620206,-0.15537832397267362,1.1417588682171103e-09,True
Llama-3.2-1B,rf2_ex00,full,full,2,343,345,0.9846553217560317,-0.25442018422275736,0.010272812544631521,-0.2753324312925329,-0.23509170603418517,2.066315212120517e-135,True
Llama-3.2-1B,rf2_ex00,full,full,3,96,326,0.9687280323364008,-0.3770889251022495,0.01766289825697509,-0.41077050734205517,-0.3423241279373842,3.9658538558095474e-101,True
Llama-3.2-1B,rf2_ex00,full,full,>=4,16,69,0.9528419384057971,-0.4274230072463768,0.053103766330158446,-0.5286665118543903,-0.3230294109574002,8.359157726597741e-16,True
Llama-3.2-1B,rf2_ex20,cf_next_head,cf_next_head,1,295,10,0.9883615819209038,-0.13584745762711864,0.038445345418536364,-0.22101570910735968,-0.0742706809686332,0.0004100626145167823,True
Llama-3.2-1B,rf2_ex20,cf_next_head,cf_next_head,2,343,345,0.9928712271658146,-0.07037858621709553,0.005285279665100351,-0.08116085763797865,-0.060175085383040526,1.869473640385152e-40,True
Llama-3.2-1B,rf2_ex20,cf_next_head,cf_next_head,3,96,326,0.9963946404226314,-0.12206298994546694,0.011115102943610032,-0.14453976347712738,-0.10144812226315174,4.679091026921385e-28,True
Llama-3.2-1B,rf2_ex20,cf_next_head,cf_next_head,>=4,16,69,0.9988677536231885,-0.11435688405797102,0.026214406370590745,-0.17298222610722613,-0.06948447048028923,1.2866229174233115e-05,True
Llama-3.2-1B,rf2_ex20,cf_prev_head,cf_prev_head,1,295,10,0.9883615819209038,-0.06257062146892654,0.03258511369428269,-0.13748740843852741,-0.0123761142278903,0.05482998289995649,True
Llama-3.2-1B,rf2_ex20,cf_prev_head,cf_prev_head,2,343,345,0.9928712271658146,-0.04344938803678822,0.004239570110172418,-0.05222145029108509,-0.03575682483303197,1.20149178787655e-24,True
Llama-3.2-1B,rf2_ex20,cf_prev_head,cf_prev_head,3,96,326,0.9963946404226314,-0.07461017382413089,0.0076727247793719625,-0.09013840584175227,-0.06023963973811366,2.3805228003994096e-22,True
Llama-3.2-1B,rf2_ex20,cf_prev_head,cf_prev_head,>=4,16,69,0.9988677536231885,-0.080012077294686,0.018445742537397617,-0.12077904429878113,-0.0477292556980057,1.4398221146088484e-05,True
Llama-3.2-1B,rf2_ex20,cka_high@k2,cka_high,1,295,10,0.9883615819209038,-0.016355932203389833,0.00840807521592535,-0.03491629154385067,-0.002388448594072296,0.0517431241969538,True
Llama-3.2-1B,rf2_ex20,cka_high@k2,cka_high,2,343,345,0.9928712271658146,-0.010779425641892373,0.0017412556957937296,-0.014276379875147472,-0.007565688693153379,5.993385321144114e-10,True
Llama-3.2-1B,rf2_ex20,cka_high@k2,cka_high,3,96,326,0.9963946404226314,-0.020713509713701422,0.003851901419396093,-0.028537770867492363,-0.013695686849647181,7.553703049771357e-08,True
Llama-3.2-1B,rf2_ex20,cka_high@k2,cka_high,>=4,16,69,0.9988677536231885,-0.027853260869565216,0.009352777216616025,-0.04756739978058472,-0.012093652565192752,0.002900661237483821,True
Llama-3.2-1B,rf2_ex20,cka_low@k2,cka_low,1,295,10,0.9883615819209038,-0.013926553672316369,0.010094626817532999,-0.03669984948002189,0.0004766015484784502,0.16770963863496957,False
Llama-3.2-1B,rf2_ex20,cka_low@k2,cka_low,2,343,345,0.9928712271658146,-0.005791467725806669,0.0013242692261046377,-0.008599534996190436,-0.0035721973784817057,1.2236494986855723e-05,True
Llama-3.2-1B,rf2_ex20,cka_low@k2,cka_low,3,96,326,0.9963946404226314,-0.004516019086571242,0.0014232175815025007,-0.007510413227971148,-0.001956409606751516,0.0015081787366554068,True
Llama-3.2-1B,rf2_ex20,cka_low@k2,cka_low,>=4,16,69,0.9988677536231885,-0.003925120772946877,0.0021915129477076546,-0.00887695637695638,-0.0005331064118571731,0.07328442914235114,True
Llama-3.2-1B,rf2_ex20,fidelity_high@k2,fidelity_high,1,295,10,0.9883615819209038,-0.005169491525423721,0.0050565200989745865,-0.01684851694915255,0.00281375649849255,0.3066191872194233,False
Llama-3.2-1B,rf2_ex20,fidelity_high@k2,fidelity_high,2,343,345,0.9928712271658146,-0.004928099604230925,0.0011154147627348901,-0.007378187550905191,-0.002982940168300723,9.953699454854397e-06,True
Llama-3.2-1B,rf2_ex20,fidelity_high@k2,fidelity_high,3,96,326,0.9963946404226314,-0.004233767893660534,0.0013232323586145566,-0.006949081372710648,-0.001841649613574491,0.0013763516493770038,True
Llama-3.2-1B,rf2_ex20,fidelity_high@k2,fidelity_high,>=4,16,69,0.9988677536231885,-0.00928442028985508,0.004207661224972182,-0.018772468652605637,-0.0027363184079602083,0.02734542342946775,True
Llama-3.2-1B,rf2_ex20,full,full,1,295,10,0.9883615819209038,-0.045395480225988695,0.019540741914684658,-0.08625310836815415,-0.010853563510693807,0.02017272919335786,True
Llama-3.2-1B,rf2_ex20,full,full,2,343,345,0.9928712271658146,-0.04128040450134504,0.003667243421282848,-0.049041744520507365,-0.034516673495996825,2.1508178866134073e-29,True
Llama-3.2-1B,rf2_ex20,full,full,3,96,326,0.9963946404226314,-0.06764176465576006,0.0075923166847263,-0.08254963993729443,-0.05333963266859772,5.138399032110035e-19,True
Llama-3.2-1B,rf2_ex20,full,full,>=4,16,69,0.9988677536231885,-0.09548611111111112,0.022294102477047033,-0.1405964871824436,-0.053167353479853525,1.8437268732450233e-05,True
Llama-3.2-1B,rf2_ex20,kvdist_high@k2,kvdist_high,1,295,10,0.9883615819209038,-0.022344632768361582,0.015881969530772724,-0.05785476638866472,0.00038495782869189647,0.15945163147425634,False
Llama-3.2-1B,rf2_ex20,kvdist_high@k2,kvdist_high,2,343,345,0.9928712271658146,-0.017457500598583125,0.0024598309530681887,-0.022515154157467004,-0.0130281962055196,1.2746395023555994e-12,True
Llama-3.2-1B,rf2_ex20,kvdist_high@k2,kvdist_high,3,96,326,0.9963946404226314,-0.03668732958418541,0.005623797186364954,-0.048313764481634214,-0.026028475589429678,6.864561568804064e-11,True
Llama-3.2-1B,rf2_ex20,kvdist_high@k2,kvdist_high,>=4,16,69,0.9988677536231885,-0.05064915458937198,0.01467540197383363,-0.08298933161573085,-0.025531893179919513,0.0005579015539325834,True
Llama-3.2-1B,rf2_ex20,kvdist_low@k2,kvdist_low,1,295,10,0.9883615819209038,-0.012542372881355929,0.007544399940787843,-0.02987744045285426,-0.001626459892764239,0.09641766249408222,True
Llama-3.2-1B,rf2_ex20,kvdist_low@k2,kvdist_low,2,343,345,0.9928712271658146,-0.002195039506485826,0.000476763354197489,-0.0031634448537269265,-0.0013086188388792182,4.143646654518943e-06,True
Llama-3.2-1B,rf2_ex20,kvdist_low@k2,kvdist_low,3,96,326,0.9963946404226314,-0.0009053340149965857,0.00029106322107861547,-0.0015307515680648125,-0.00040910146156329994,0.001868103003550206,True
Llama-3.2-1B,rf2_ex20,kvdist_low@k2,kvdist_low,>=4,16,69,0.9988677536231885,-0.0021890096618357446,0.001431090495733189,-0.005483741091008771,0.0,0.12611340889500353,False
Llama-3.2-1B,rf2_ex20,kvsharer_dissimilar@k2,kvsharer_dissimilar,1,295,10,0.9883615819209038,-0.006920903954802243,0.0037391873728775307,-0.015412883032254136,-0.001156810805651026,0.06418232277047985,True
Llama-3.2-1B,rf2_ex20,kvsharer_dissimilar@k2,kvsharer_dissimilar,2,343,345,0.9928712271658146,-0.005247109195645139,0.0012766743621278086,-0.007948541655368659,-0.0029223807829948656,3.956892255268093e-05,True
Llama-3.2-1B,rf2_ex20,kvsharer_dissimilar@k2,kvsharer_dissimilar,3,96,326,0.9963946404226314,-0.0023245782208588897,0.0008751264861966354,-0.004280077792956224,-0.0008270287885339783,0.007900872316851642,True
Llama-3.2-1B,rf2_ex20,kvsharer_dissimilar@k2,kvsharer_dissimilar,>=4,16,69,0.9988677536231885,-0.0036986714975845345,0.002091149588960945,-0.008952773080410745,-0.0005116164505466581,0.07693954333261738,True
Llama-3.2-1B,rf2_ex20,kvsharer_similar@k2,kvsharer_similar,1,295,10,0.9883615819209038,-0.009971751412429378,0.0072252957916531585,-0.026839836393596987,-0.0013300173868502102,0.1675507150031671,True
Llama-3.2-1B,rf2_ex20,kvsharer_similar@k2,kvsharer_similar,2,343,345,0.9928712271658146,-0.002138702271798983,0.0005411837507661805,-0.003235168002443033,-0.0011196239917592764,7.753421495671353e-05,True
Llama-3.2-1B,rf2_ex20,kvsharer_similar@k2,kvsharer_similar,3,96,326,0.9963946404226314,-0.0008361025903203719,0.00038196393491008856,-0.0016375759784831266,-0.0002068013856296841,0.028599972895882918,True
Llama-3.2-1B,rf2_ex20,kvsharer_similar@k2,kvsharer_similar,>=4,16,69,0.9988677536231885,-0.00015096618357487065,0.0002111803691080321,-0.00073260073260073,0.0,0.4746903325747438,False
Llama-3.2-1B,rf2_ex20,live_prev_head,live_prev_head,1,295,10,0.9883615819209038,-0.05240112994350282,0.02060260404244619,-0.09614513059891848,-0.016648116698148276,0.01097723557995932,True
Llama-3.2-1B,rf2_ex20,live_prev_head,live_prev_head,2,343,345,0.9928712271658146,-0.03990648019041984,0.003656775024345772,-0.04724032591791499,-0.03313539170463416,9.987564072104301e-28,True
Llama-3.2-1B,rf2_ex20,live_prev_head,live_prev_head,3,96,326,0.9963946404226314,-0.06065471625766872,0.007497597250492871,-0.07515997872121792,-0.04638481329685414,5.971999747258669e-16,True
Llama-3.2-1B,rf2_ex20,live_prev_head,live_prev_head,>=4,16,69,0.9988677536231885,-0.08907004830917875,0.02078082940727998,-0.1313885220798682,-0.04929013835263841,1.817845959136594e-05,True
Llama-3.2-1B,rf4_ex20,full,full,1,295,10,0.9883615819209038,-0.12259887005649717,0.027965965835032476,-0.18494201463298485,-0.07184178358843538,1.1659488978951098e-05,True
Llama-3.2-1B,rf4_ex20,full,full,2,343,345,0.9928712271658146,-0.0732489683243898,0.005446717402066799,-0.08387503589343571,-0.06276611097048504,3.151267234306368e-41,True
Llama-3.2-1B,rf4_ex20,full,full,3,96,326,0.9963946404226314,-0.10010331458759374,0.011016088353529244,-0.12298656342335135,-0.07873634578715959,1.0179921612828754e-19,True
Llama-3.2-1B,rf4_ex20,full,full,>=4,16,69,0.9988677536231885,-0.11881038647342995,0.022147290895203106,-0.16575570569136744,-0.07985463308457716,8.114849571097287e-08,True
Qwen2.5-3B,rf2_ex00,full,full,1,295,9,0.9926658296714793,-0.4281335007323707,0.03566696934164953,-0.5021291844576878,-0.3593650116474349,3.4000242388361485e-33,True
Qwen2.5-3B,rf2_ex00,full,full,2,343,345,0.9895738557672897,-0.4922043351502091,0.008695057454493057,-0.5088178754540277,-0.4744849796176676,0.0,True
Qwen2.5-3B,rf2_ex00,full,full,3,96,325,0.9811778846153847,-0.4603445512820513,0.014082899275859593,-0.4880407559245565,-0.43252795549111134,2.2982349787765292e-234,True
Qwen2.5-3B,rf2_ex00,full,full,>=4,16,71,0.9443221830985915,-0.42236404538341155,0.03235202246573107,-0.4890311277604477,-0.3627117971557311,5.930767929741684e-39,True
Qwen2.5-3B,rf2_ex20,cf_next_head,cf_next_head,1,295,9,0.9926284638149044,-0.04296475652407856,0.010557097330888396,-0.06447854320583557,-0.023526299451456234,4.706342814241969e-05,True
Qwen2.5-3B,rf2_ex20,cf_next_head,cf_next_head,2,343,345,0.9946851855205259,-0.041330001388310424,0.0037770911685946966,-0.049201123810062475,-0.03443458126869984,7.2354405135654045e-28,True
Qwen2.5-3B,rf2_ex20,cf_next_head,cf_next_head,3,96,325,0.9981593406593408,-0.052268772893772894,0.0058686899565883995,-0.064517171098701,-0.04168194880099148,5.272678619347359e-19,True
Qwen2.5-3B,rf2_ex20,cf_next_head,cf_next_head,>=4,16,71,0.9852867203219317,-0.14263707243460763,0.0338625929319516,-0.21045789967075182,-0.08109353874125422,2.5286046739290282e-05,True
Qwen2.5-3B,rf2_ex20,cf_prev_head,cf_prev_head,1,295,9,0.9926284638149044,-0.05263653483992466,0.017410585332851763,-0.09095868500399334,-0.022366509171048675,0.002500763776382323,True
Qwen2.5-3B,rf2_ex20,cf_prev_head,cf_prev_head,2,343,345,0.9946851855205259,-0.0347566533268143,0.0032678448594830128,-0.04168701835415138,-0.02854250798032049,2.02739319856917e-26,True
Qwen2.5-3B,rf2_ex20,cf_prev_head,cf_prev_head,3,96,325,0.9981593406593408,-0.04799450549450549,0.005067169588275198,-0.05825882229962213,-0.03821177593433782,2.7543229981619076e-21,True
Qwen2.5-3B,rf2_ex20,cf_prev_head,cf_prev_head,>=4,16,71,0.9852867203219317,-0.10720573440643862,0.024338602178051262,-0.16025420970857476,-0.06280561755952384,1.0590039314375933e-05,True
Qwen2.5-3B,rf2_ex20,cka_high@k5,cka_high,1,295,9,0.9926284638149044,-0.006941081517352692,0.0026763718974496826,-0.012467794718523002,-0.0017698574758814054,0.009501372697239342,True
Qwen2.5-3B,rf2_ex20,cka_high@k5,cka_high,2,343,345,0.9946851855205259,-0.004416034381809514,0.0007329908203932115,-0.005934321021025286,-0.003058317380056884,1.6944561154364084e-09,True
Qwen2.5-3B,rf2_ex20,cka_high@k5,cka_high,3,96,325,0.9981593406593408,-0.004750457875457874,0.001077676420779939,-0.007051960214317365,-0.0028327237019755308,1.0430264143662367e-05,True
Qwen2.5-3B,rf2_ex20,cka_high@k5,cka_high,>=4,16,71,0.9852867203219317,-0.009525905432595568,0.003196663916962839,-0.01684105250952055,-0.004185064279949267,0.002882934365524952,True
Qwen2.5-3B,rf2_ex20,cka_low@k5,cka_low,1,295,9,0.9926284638149044,-0.004990583804143122,0.002118482028776149,-0.009712567913071271,-0.0015225734288618236,0.01848606387567521,True
Qwen2.5-3B,rf2_ex20,cka_low@k5,cka_low,2,343,345,0.9946851855205259,-0.00491039361618648,0.0012446194732504549,-0.007526369846531292,-0.0026661604461508744,7.970109116859663e-05,True
Qwen2.5-3B,rf2_ex20,cka_low@k5,cka_low,3,96,325,0.9981593406593408,-0.005299908424908426,0.0014997751166868135,-0.008615251150460138,-0.0026575875284723955,0.000409627697350226,True
Qwen2.5-3B,rf2_ex20,cka_low@k5,cka_low,>=4,16,71,0.9852867203219317,-0.01653672032193158,0.008950595084638448,-0.036619749456491275,-0.0023641972708894955,0.06466668610622604,True
Qwen2.5-3B,rf2_ex20,fidelity_high@k5,fidelity_high,1,295,9,0.9926284638149044,-0.003483992467043316,0.0016406215083067089,-0.007212229550351996,-0.0009231960641399437,0.03370520571751154,True
Qwen2.5-3B,rf2_ex20,fidelity_high@k5,fidelity_high,2,343,345,0.9946851855205259,-0.0022852796841895512,0.0005828254801154222,-0.0035391216530605615,-0.0012559681999822236,8.816909146540926e-05,True
Qwen2.5-3B,rf2_ex20,fidelity_high@k5,fidelity_high,3,96,325,0.9981593406593408,-0.0008596611721611699,0.00034157680024876776,-0.0015934681892750488,-0.00027452653241091704,0.011844504248911494,True
Qwen2.5-3B,rf2_ex20,fidelity_high@k5,fidelity_high,>=4,16,71,0.9852867203219317,-0.007513832997987917,0.004305753464726426,-0.017378162803582977,-0.000864390471635807,0.08097301637221392,True
Qwen2.5-3B,rf2_ex20,full,full,1,295,9,0.9926284638149044,-0.02516814635458703,0.007437263312241913,-0.04102353585112207,-0.011711908995138316,0.0007142235601325046,True
Qwen2.5-3B,rf2_ex20,full,full,2,343,345,0.9946851855205259,-0.03506449607349594,0.0033540645491141503,-0.04229163631425439,-0.029126587390605183,1.3998533373077734e-25,True
Qwen2.5-3B,rf2_ex20,full,full,3,96,325,0.9981593406593408,-0.044610805860805854,0.005173041394411921,-0.05551361784743429,-0.03500776545655901,6.481946552773259e-18,True
Qwen2.5-3B,rf2_ex20,full,full,>=4,16,71,0.9852867203219317,-0.11852364185110664,0.023551499978692714,-0.16817921146191273,-0.07479483611626468,4.840475776232325e-07,True
Qwen2.5-3B,rf2_ex20,kvdist_high@k5,kvdist_high,1,295,9,0.9926284638149044,-0.002569276298089856,0.001868814170669207,-0.006681151513842088,0.0008077718240709653,0.1691883843885299,False
Qwen2.5-3B,rf2_ex20,kvdist_high@k5,kvdist_high,2,343,345,0.9946851855205259,-0.0014073242429181057,0.0004156611700977697,-0.00232272260141653,-0.0006560541191240968,0.0007098437000998644,True
Qwen2.5-3B,rf2_ex20,kvdist_high@k5,kvdist_high,3,96,325,0.9981593406593408,-0.00025412087912088377,0.0001849898735517666,-0.0006397200438714368,7.667759217844864e-05,0.16953435032153719,False
Qwen2.5-3B,rf2_ex20,kvdist_high@k5,kvdist_high,>=4,16,71,0.9852867203219317,-0.0030495472837022064,0.0017620288414296782,-0.00707257390230616,-0.0005034790509977163,0.08350488342014487,True
Qwen2.5-3B,rf2_ex20,kvdist_low@k5,kvdist_low,1,295,9,0.9926284638149044,-0.004708097928436897,0.002008232182402368,-0.009123071779417112,-0.0013126916230657758,0.01905776101835335,True
Qwen2.5-3B,rf2_ex20,kvdist_low@k5,kvdist_low,2,343,345,0.9946851855205259,-0.006998291774562523,0.00154040198258241,-0.010214655682807397,-0.00430209854513203,5.541730935732514e-06,True
Qwen2.5-3B,rf2_ex20,kvdist_low@k5,kvdist_low,3,96,325,0.9981593406593408,-0.009732142857142856,0.0022649603404824308,-0.014551494982143287,-0.005791596915131273,1.7326026897237828e-05,True
Qwen2.5-3B,rf2_ex20,kvdist_low@k5,kvdist_low,>=4,16,71,0.9852867203219317,-0.03165870221327966,0.013373698352133543,-0.061168038504464284,-0.008502937538651825,0.017921493491456053,True
Qwen2.5-3B,rf2_ex20,kvsharer_dissimilar@k5,kvsharer_dissimilar,1,295,9,0.9926284638149044,-0.0021791767554479274,0.0018345741220826823,-0.006314285302760259,0.00040219727719728886,0.23489726167744862,False
Qwen2.5-3B,rf2_ex20,kvsharer_dissimilar@k5,kvsharer_dissimilar,2,343,345,0.9946851855205259,-0.0012150734295492762,0.0007220517144425742,-0.002772370092572309,0.00010797727026910371,0.0924125265140182,False
Qwen2.5-3B,rf2_ex20,kvsharer_dissimilar@k5,kvsharer_dissimilar,3,96,325,0.9981593406593408,-0.0004223901098901076,0.0003088999781184226,-0.0010666664477456355,0.0001387124548870529,0.17149967857574633,False
Qwen2.5-3B,rf2_ex20,kvsharer_dissimilar@k5,kvsharer_dissimilar,>=4,16,71,0.9852867203219317,-0.005407444668008033,0.0035456527142798573,-0.013393663941480203,-0.00025107682841069565,0.12723628746336463,True
Qwen2.5-3B,rf2_ex20,kvsharer_similar@k5,kvsharer_similar,1,295,9,0.9926284638149044,-0.00700834005918751,0.00338257728240121,-0.014855992832998705,-0.001949097512656847,0.03827536947596158,True
Qwen2.5-3B,rf2_ex20,kvsharer_similar@k5,kvsharer_similar,2,343,345,0.9946851855205259,-0.004714219316830541,0.0013682286124063246,-0.007715326203754229,-0.0023677059352459674,0.000570023030672205,True
Qwen2.5-3B,rf2_ex20,kvsharer_similar@k5,kvsharer_similar,3,96,325,0.9981593406593408,-0.004479166666666673,0.0012449672739290724,-0.007142995946921321,-0.0022802719057814086,0.00032089704387889444,True
Qwen2.5-3B,rf2_ex20,kvsharer_similar@k5,kvsharer_similar,>=4,16,71,0.9852867203219317,-0.003615442655935604,0.005923605997641467,-0.01660492944317315,0.006708066904059925,0.5416333657912997,False
Qwen2.5-3B,rf2_ex20,live_prev_head,live_prev_head,1,295,9,0.9926284638149044,-0.024387947269303194,0.007544124420533344,-0.04059169298200756,-0.010860206088881977,0.0012262306443200101,True
Qwen2.5-3B,rf2_ex20,live_prev_head,live_prev_head,2,343,345,0.9946851855205259,-0.034451526839662204,0.0033494897486903417,-0.04159341548142216,-0.028514682447158036,8.1826979974993435e-25,True
Qwen2.5-3B,rf2_ex20,live_prev_head,live_prev_head,3,96,325,0.9981593406593408,-0.04478365384615384,0.005197760318134635,-0.05570802176732776,-0.03509289614472543,6.936276346509308e-18,True
Qwen2.5-3B,rf2_ex20,live_prev_head,live_prev_head,>=4,16,71,0.9852867203219317,-0.11802062374245473,0.023607375459946962,-0.1673778886554622,-0.07458862605648324,5.753538689219108e-07,True
Qwen2.5-3B,rf4_ex20,full,full,1,295,9,0.9926284638149044,-0.10667204735001341,0.021303224728267435,-0.15090442186870417,-0.067772904305138,5.519333929046198e-07,True
Qwen2.5-3B,rf4_ex20,full,full,2,343,345,0.9946851855205259,-0.07792314796371073,0.005013446446930847,-0.08810823038599153,-0.06836707930714926,1.7794742844894303e-54,True
Qwen2.5-3B,rf4_ex20,full,full,3,96,325,0.9981593406593408,-0.13037774725274726,0.010004641676546598,-0.15032994212258516,-0.11176405712090243,8.076005679857544e-39,True
Qwen2.5-3B,rf4_ex20,full,full,>=4,16,71,0.9852867203219317,-0.20592303822937624,0.03414187298883904,-0.27947232505142267,-0.14693842701014834,1.6255279594979736e-09,True
Llama-3.2-3B,rf2_ex00,full,full,1,295,10,0.9928934624697335,-0.16297820823244555,0.03686211408730414,-0.23334324367286696,-0.09176402439313315,9.811201139421795e-06,True
Llama-3.2-3B,rf2_ex00,full,full,2,343,345,0.9930705201335192,-0.2482748733921252,0.010131866012964584,-0.2680922793215787,-0.2291734082162364,1.3273009869477427e-132,True
Llama-3.2-3B,rf2_ex00,full,full,3,96,326,0.9850425887379491,-0.39557314490213263,0.019289608028442557,-0.43463114590663854,-0.35904517780222023,1.8621632111578973e-93,True
Llama-3.2-3B,rf2_ex00,full,full,>=4,16,69,0.971176242236025,-0.3674948240165631,0.047282264021819606,-0.465595547309833,-0.27953906846829646,7.703653291522935e-15,True
Llama-3.2-3B,rf2_ex20,cf_next_head,cf_next_head,1,295,10,0.9926656394453004,-0.013189522342064703,0.00440522756142317,-0.02229996870148385,-0.004774072903211977,0.00275290427974603,True
Llama-3.2-3B,rf2_ex20,cf_next_head,cf_next_head,2,343,345,0.9967845523302489,-0.027735588871347527,0.003104542028681765,-0.034038904801524474,-0.021946256609911185,4.113439161378131e-19,True
Llama-3.2-3B,rf2_ex20,cf_next_head,cf_next_head,3,96,326,0.9987857873210633,-0.04362015476854431,0.0058124270692457135,-0.0554199769893549,-0.03271107626760684,6.159909640955994e-14,True
Llama-3.2-3B,rf2_ex20,cf_next_head,cf_next_head,>=4,16,69,0.9942358366271411,-0.06949934123847168,0.021463927455858324,-0.11613945622455345,-0.0320102556873249,0.0012038763440398858,True
Llama-3.2-3B,rf2_ex20,cf_prev_head,cf_prev_head,1,295,10,0.9926656394453004,-0.13745762711864404,0.03293477230196736,-0.20628828890343262,-0.07826663732949543,2.9978153939062977e-05,True
Llama-3.2-3B,rf2_ex20,cf_prev_head,cf_prev_head,2,343,345,0.9967845523302489,-0.05518001667069992,0.004038254488882513,-0.0629359027942444,-0.04716135271379992,1.658372525166168e-42,True
Llama-3.2-3B,rf2_ex20,cf_prev_head,cf_prev_head,3,96,326,0.9987857873210633,-0.0652958844580777,0.0058932014795613765,-0.07743307261915139,-0.05416206902635778,1.5710699466234487e-28,True
Llama-3.2-3B,rf2_ex20,cf_prev_head,cf_prev_head,>=4,16,69,0.9942358366271411,-0.05986495388669302,0.014830252115483151,-0.0915161818647194,-0.03266041092745639,5.421337396165432e-05,True
Llama-3.2-3B,rf2_ex20,cka_high@k4,cka_high,1,295,10,0.9926656394453004,-0.02405238828967641,0.013932852991711372,-0.05599301409527328,-0.0022877009328280662,0.0842921110089821,True
Llama-3.2-3B,rf2_ex20,cka_high@k4,cka_high,2,343,345,0.9967845523302489,-0.005714516184791255,0.001292580180323736,-0.008432935506573203,-0.0034178149559742662,9.823841692136906e-06,True
Llama-3.2-3B,rf2_ex20,cka_high@k4,cka_high,3,96,326,0.9987857873210633,-0.00572393799962817,0.001671474078909536,-0.009291449244642555,-0.0028567198547286778,0.0006159657273790843,True
Llama-3.2-3B,rf2_ex20,cka_high@k4,cka_high,>=4,16,69,0.9942358366271411,-0.011610671936758894,0.005680232747448593,-0.025130478662053042,-0.0027946342678485453,0.04094874373189053,True
Llama-3.2-3B,rf2_ex20,cka_low@k4,cka_low,1,295,10,0.9926656394453004,-0.007087827426810472,0.0031627155494481016,-0.014004844361987229,-0.0016106841999699154,0.025022350173112582,True
Llama-3.2-3B,rf2_ex20,cka_low@k4,cka_low,2,343,345,0.9967845523302489,-0.0011657966405082593,0.000330139270066174,-0.001862908556330136,-0.0005779553708640738,0.0004136369024123088,True
Llama-3.2-3B,rf2_ex20,cka_low@k4,cka_low,3,96,326,0.9987857873210633,-0.0010384713701431438,0.0004141848504055431,-0.0019531072761519246,-0.0003461487626732949,0.012166929694706124,True
Llama-3.2-3B,rf2_ex20,cka_low@k4,cka_low,>=4,16,69,0.9942358366271411,-0.0030055994729907627,0.002118928872864899,-0.007589849386724404,0.0005274368357922484,0.15605876386826142,False
Llama-3.2-3B,rf2_ex20,fidelity_high@k4,fidelity_high,1,295,10,0.9926656394453004,-0.01359013867488442,0.007099902625353733,-0.029474568743785297,-0.0013005513005513061,0.05560351003935544,True
Llama-3.2-3B,rf2_ex20,fidelity_high@k4,fidelity_high,2,343,345,0.9967845523302489,-0.005391473359530158,0.0013733701340068163,-0.008275843127276451,-0.0029459784447271368,8.6468928423265e-05,True
Llama-3.2-3B,rf2_ex20,fidelity_high@k4,fidelity_high,3,96,326,0.9987857873210633,-0.005296930191485391,0.0016680730802263722,-0.008809847667055403,-0.0023752749104713066,0.0014958960976778615,True
Llama-3.2-3B,rf2_ex20,fidelity_high@k4,fidelity_high,>=4,16,69,0.9942358366271411,-0.011116600790513837,0.005191354703558089,-0.02354079355814029,-0.002835085505018138,0.032244374129732724,True
Llama-3.2-3B,rf2_ex20,full,full,1,295,10,0.9926656394453004,-0.1396302003081664,0.03889280356123716,-0.22537690961596493,-0.07520857040013004,0.00033051375161491045,True
Llama-3.2-3B,rf2_ex20,full,full,2,343,345,0.9967845523302489,-0.036706653299377355,0.0032576232815931996,-0.043254012338689196,-0.03050960989839006,1.8897183359710271e-29,True
Llama-3.2-3B,rf2_ex20,full,full,3,96,326,0.9987857873210633,-0.035581079196876725,0.004402767229316837,-0.0445328642604387,-0.027490225531173824,6.396112484924536e-16,True
Llama-3.2-3B,rf2_ex20,full,full,>=4,16,69,0.9942358366271411,-0.06567028985507246,0.01700736644864617,-0.10167395735577554,-0.03544462244592417,0.00011279221652130138,True
Llama-3.2-3B,rf2_ex20,kvdist_high@k4,kvdist_high,1,295,10,0.9926656394453004,-0.06146379044684128,0.02032203640966303,-0.10437921195578483,-0.026436024962810688,0.002490529258867741,True
Llama-3.2-3B,rf2_ex20,kvdist_high@k4,kvdist_high,2,343,345,0.9967845523302489,-0.021241698260331808,0.00262241655453752,-0.026345082149057727,-0.01634440202974415,5.493780151456741e-16,True
Llama-3.2-3B,rf2_ex20,kvdist_high@k4,kvdist_high,3,96,326,0.9987857873210633,-0.01333600576315299,0.0029181839119423996,-0.019519813367676303,-0.00813144358973285,4.877997548150436e-06,True
Llama-3.2-3B,rf2_ex20,kvdist_high@k4,kvdist_high,>=4,16,69,0.9942358366271411,-0.023756587615283275,0.009050444296891553,-0.04345536510058569,-0.008869446409985713,0.00866722707331,True
Llama-3.2-3B,rf2_ex20,kvdist_low@k4,kvdist_low,1,295,10,0.9926656394453004,-0.02548536209553158,0.010344188976063085,-0.04825057623353078,-0.00844937683104117,0.013749692403182991,True
Llama-3.2-3B,rf2_ex20,kvdist_low@k4,kvdist_low,2,343,345,0.9967845523302489,-0.0038258103919150965,0.0009763398528635739,-0.005881978643613086,-0.0019889592843445464,8.909314493908268e-05,True
Llama-3.2-3B,rf2_ex20,kvdist_low@k4,kvdist_low,3,96,326,0.9987857873210633,-0.005491552797917823,0.0020225352048007456,-0.009878519299171096,-0.0019023443393363674,0.006623919714579265,True
Llama-3.2-3B,rf2_ex20,kvdist_low@k4,kvdist_low,>=4,16,69,0.9942358366271411,-0.004487812911725958,0.00315588901915204,-0.012176518334606562,-0.00020537859412539787,0.1550134902509454,True
Llama-3.2-3B,rf2_ex20,kvsharer_dissimilar@k4,kvsharer_dissimilar,1,295,10,0.9926656394453004,-0.0017257318952234187,0.0010170839688562407,-0.00396741901864793,-0.00010371541828496562,0.08974492630770663,True
Llama-3.2-3B,rf2_ex20,kvsharer_dissimilar@k4,kvsharer_dissimilar,2,343,345,0.9967845523302489,-0.0021629656944652494,0.0008231435132749418,-0.003974820311995068,-0.0007612027631054567,0.008596690552357197,True
Llama-3.2-3B,rf2_ex20,kvsharer_dissimilar@k4,kvsharer_dissimilar,3,96,326,0.9987857873210633,-0.0011880693437441782,0.0005944439438254081,-0.0024501803785290845,-0.0001981910631733112,0.0456491589224561,True
Llama-3.2-3B,rf2_ex20,kvsharer_dissimilar@k4,kvsharer_dissimilar,>=4,16,69,0.9942358366271411,-0.004734848484848478,0.003498576994607226,-0.013426900029984456,0.0,0.1759393423527873,False
Llama-3.2-3B,rf2_ex20,kvsharer_similar@k4,kvsharer_similar,1,295,10,0.9926656394453004,-0.00477657935285053,0.0033714742741770363,-0.012334097303167283,0.0001345309345893671,0.15655228750573102,False
Llama-3.2-3B,rf2_ex20,kvsharer_similar@k4,kvsharer_similar,2,343,345,0.9967845523302489,-0.0021137986532840077,0.0007267171653608244,-0.0036606684008829234,-0.0009001367211972016,0.0036294064407052904,True
Llama-3.2-3B,rf2_ex20,kvsharer_similar@k4,kvsharer_similar,3,96,326,0.9987857873210633,-0.002689858709797342,0.0008378948621006118,-0.004506187398329374,-0.0012408651096200264,0.0013261586881710404,True
Llama-3.2-3B,rf2_ex20,kvsharer_similar@k4,kvsharer_similar,>=4,16,69,0.9942358366271411,-0.00897562582345192,0.00672813253132368,-0.025600604769283754,-0.0005825661680092049,0.18218938873058188,True
Llama-3.2-3B,rf2_ex20,live_prev_head,live_prev_head,1,295,10,0.9926656394453004,-0.14073959938366715,0.03951396527745538,-0.22763129971789464,-0.07610729985035546,0.00036836503663391894,True
Llama-3.2-3B,rf2_ex20,live_prev_head,live_prev_head,2,343,345,0.9967845523302489,-0.03692329557458219,0.003267051711057169,-0.043460901632074944,-0.030628772256934007,1.286764182728498e-29,True
Llama-3.2-3B,rf2_ex20,live_prev_head,live_prev_head,3,96,326,0.9987857873210633,-0.03617947109128089,0.0044224586098959365,-0.04504615702461818,-0.02789710224166211,2.8184827634200184e-16,True
Llama-3.2-3B,rf2_ex20,live_prev_head,live_prev_head,>=4,16,69,0.9942358366271411,-0.06719367588932806,0.0175654866021424,-0.10431443556443555,-0.035650411679823434,0.0001306002578656477,True
Llama-3.2-3B,rf4_ex20,full,full,1,295,10,0.9926656394453004,-0.15627118644067797,0.04158265496783133,-0.24271780303030305,-0.08090995572159956,0.00017121815444036672,True
Llama-3.2-3B,rf4_ex20,full,full,2,343,345,0.9967845523302489,-0.05252998997453302,0.004348598341756015,-0.061463762679557034,-0.044203470458278556,1.3512649505150782e-33,True
Llama-3.2-3B,rf4_ex20,full,full,3,96,326,0.9987857873210633,-0.05770996002974531,0.006800091778272877,-0.07163172000642332,-0.045232441831732195,2.126895418033971e-17,True
Llama-3.2-3B,rf4_ex20,full,full,>=4,16,69,0.9942358366271411,-0.07390480895915678,0.01844328499228624,-0.11200940953341723,-0.03974206832197342,6.145866299418957e-05,True
SmolLM3-3B-Base,rf2_ex00,full,full,1,295,10,0.9875235404896423,-0.1188229755178908,0.01917478572569476,-0.15836072581527902,-0.08249702432168876,5.760998641149478e-10,True
SmolLM3-3B-Base,rf2_ex00,full,full,2,343,345,0.9904527166284045,-0.22222104852983285,0.011300686093600819,-0.2443092706754781,-0.20105748043193666,4.3541004918640516e-86,True
SmolLM3-3B-Base,rf2_ex00,full,full,3,96,326,0.9789465462394911,-0.36266038613383333,0.01901419370250157,-0.40020038118722195,-0.3273587327494666,4.221740334242467e-81,True
SmolLM3-3B-Base,rf2_ex00,full,full,>=4,16,69,0.9704609500805152,-0.30344202898550715,0.043124271574453366,-0.39001717539105213,-0.22109745517640264,1.9719122471847537e-12,True
SmolLM3-3B-Base,rf2_ex20,cf_next_head,cf_next_head,1,295,10,0.987953995157385,-0.016113801452784515,0.011275115787704923,-0.04258400344435717,-0.001957309298579132,0.15296189670223775,True
SmolLM3-3B-Base,rf2_ex20,cf_next_head,cf_next_head,2,343,345,0.997146418460907,-0.01889731935365097,0.0025472420768435575,-0.024190303868658856,-0.014153835759277178,1.18242333054335e-13,True
SmolLM3-3B-Base,rf2_ex20,cf_next_head,cf_next_head,3,96,326,0.9953565494449312,-0.029749351811276647,0.0055183082881309865,-0.04122306237815039,-0.019479893235780484,7.005594633900317e-08,True
SmolLM3-3B-Base,rf2_ex20,cf_next_head,cf_next_head,>=4,16,69,0.9987060041407868,-0.04273421325051761,0.011796228565644067,-0.06882267614353357,-0.021927872234375454,0.0002915423513081423,True
SmolLM3-3B-Base,rf2_ex20,cf_prev_head,cf_prev_head,1,295,10,0.987953995157385,-0.030363196125907984,0.015430613468660115,-0.06633591952841349,-0.008034174537550773,0.049099745623818664,True
SmolLM3-3B-Base,rf2_ex20,cf_prev_head,cf_prev_head,2,343,345,0.997146418460907,-0.014967797234244188,0.002032816192864914,-0.019074485653960548,-0.011234600043667354,1.797086432290994e-13,True
SmolLM3-3B-Base,rf2_ex20,cf_prev_head,cf_prev_head,3,96,326,0.9953565494449312,-0.01883969653812445,0.004845813768714664,-0.028948277621130183,-0.009993153048769137,0.00010114473404505195,True
SmolLM3-3B-Base,rf2_ex20,cf_prev_head,cf_prev_head,>=4,16,69,0.9987060041407868,-0.03597308488612838,0.01172571721690822,-0.06112509847689074,-0.016825504658385105,0.0021558368961031465,True
SmolLM3-3B-Base,rf2_ex20,cka_high@k5,cka_high,1,295,10,0.987953995157385,-0.008753026634382575,0.003233625400136342,-0.015943128818570518,-0.00324433934689217,0.006791939041793366,True
SmolLM3-3B-Base,rf2_ex20,cka_high@k5,cka_high,2,343,345,0.997146418460907,-0.003175307390036769,0.0007835950809292413,-0.004828748049270298,-0.0017584062377213156,5.073178392117386e-05,True
SmolLM3-3B-Base,rf2_ex20,cka_high@k5,cka_high,3,96,326,0.9953565494449312,-0.006901840490797554,0.0018656694972739426,-0.010865649299065059,-0.0036719881765374324,0.0002161176409330835,True
SmolLM3-3B-Base,rf2_ex20,cka_high@k5,cka_high,>=4,16,69,0.9987060041407868,-0.009510869565217394,0.0047268353325865915,-0.020668480824730825,-0.002332487548833704,0.04420930320839957,True
SmolLM3-3B-Base,rf2_ex20,cka_low@k5,cka_low,1,295,10,0.987953995157385,0.0010895883777239618,0.0016296082635229932,-0.0018259722046120215,0.004686558257913473,0.503738028471902,False
SmolLM3-3B-Base,rf2_ex20,cka_low@k5,cka_low,2,343,345,0.997146418460907,-0.0007626653145730419,0.0004924590736643747,-0.0017981932426746994,9.870268627979493e-05,0.12145680992829075,False
SmolLM3-3B-Base,rf2_ex20,cka_low@k5,cka_low,3,96,326,0.9953565494449312,0.001384248101080926,0.0015539264647692695,-0.000686204090075829,0.004929088937495783,0.37303288188227035,False
SmolLM3-3B-Base,rf2_ex20,cka_low@k5,cka_low,>=4,16,69,0.9987060041407868,-0.0007440476190476164,0.0008583725919118876,-0.00257132573309044,0.0008040075944170775,0.38604505418350077,False
SmolLM3-3B-Base,rf2_ex20,fidelity_high@k5,fidelity_high,1,295,10,0.987953995157385,-0.007118644067796613,0.0031395692655552176,-0.014117432496145364,-0.001785325129120847,0.02336609863599472,True
SmolLM3-3B-Base,rf2_ex20,fidelity_high@k5,fidelity_high,2,343,345,0.997146418460907,-0.005941968624184367,0.001157966155088198,-0.00834819212501461,-0.003856040268931084,2.876199543512613e-07,True
SmolLM3-3B-Base,rf2_ex20,fidelity_high@k5,fidelity_high,3,96,326,0.9953565494449312,-0.003478308501314638,0.0027548162318940684,-0.00847809154654755,0.002300701253617854,0.20672284919233086,False
SmolLM3-3B-Base,rf2_ex20,fidelity_high@k5,fidelity_high,>=4,16,69,0.9987060041407868,-0.022192028985507265,0.010213092050225001,-0.04585300890291461,-0.006158803849428751,0.029787835125677713,True
SmolLM3-3B-Base,rf2_ex20,full,full,1,295,10,0.987953995157385,-0.016549636803874106,0.004999316230579671,-0.02697602458074613,-0.00764790179030052,0.00093169368965724,True
SmolLM3-3B-Base,rf2_ex20,full,full,2,343,345,0.997146418460907,-0.016083274481043526,0.0022283884216449013,-0.02090733401808395,-0.012007335950925043,5.297277836413572e-13,True
SmolLM3-3B-Base,rf2_ex20,full,full,3,96,326,0.9953565494449312,-0.02035632120946537,0.004574867771221962,-0.029920823350506043,-0.01197233530655034,8.603127898246234e-06,True
SmolLM3-3B-Base,rf2_ex20,full,full,>=4,16,69,0.9987060041407868,-0.040405020703933765,0.014145241902773806,-0.07118720780316175,-0.016231833642547926,0.004284223120464326,True
SmolLM3-3B-Base,rf2_ex20,kvdist_high@k5,kvdist_high,1,295,10,0.987953995157385,-0.009043583535108963,0.0036604568400261496,-0.016807980538663284,-0.002349794691051525,0.013488053536243242,True
SmolLM3-3B-Base,rf2_ex20,kvdist_high@k5,kvdist_high,2,343,345,0.997146418460907,-0.007334202536382791,0.0013077688388676402,-0.0100086333239579,-0.0049579665738661,2.0446577931701668e-08,True
SmolLM3-3B-Base,rf2_ex20,kvdist_high@k5,kvdist_high,3,96,326,0.9953565494449312,-0.009071218594799884,0.003454566209360269,-0.016060667246751908,-0.0020841396347020887,0.00864295226489637,True
SmolLM3-3B-Base,rf2_ex20,kvdist_high@k5,kvdist_high,>=4,16,69,0.9987060041407868,-0.023712474120082823,0.007847082325094814,-0.040458367598684215,-0.0103047267377931,0.002512595062954763,True
SmolLM3-3B-Base,rf2_ex20,kvdist_low@k5,kvdist_low,1,295,10,0.987953995157385,-0.0023123486682808786,0.0023011972446073596,-0.0069039925494007205,0.0020224738113546,0.31497104723878866,False
SmolLM3-3B-Base,rf2_ex20,kvdist_low@k5,kvdist_low,2,343,345,0.997146418460907,-0.0015890118247831597,0.000488518933869007,-0.0026677773665724994,-0.0007170521331518807,0.001143089390175003,True
SmolLM3-3B-Base,rf2_ex20,kvdist_low@k5,kvdist_low,3,96,326,0.9953565494449312,0.00038115322816243254,0.0015335948280257642,-0.0018916109665833884,0.0037816885295398877,0.8037198690114535,False
SmolLM3-3B-Base,rf2_ex20,kvdist_low@k5,kvdist_low,>=4,16,69,0.9987060041407868,-0.0009057971014492834,0.0009973336965344833,-0.0033183490214740243,0.0006660036520151311,0.36376269239847103,False
SmolLM3-3B-Base,rf2_ex20,kvsharer_dissimilar@k5,kvsharer_dissimilar,1,295,10,0.987953995157385,-0.010532687651331732,0.004249969561565724,-0.01951837740407511,-0.003210384853241999,0.013201113447741693,True
SmolLM3-3B-Base,rf2_ex20,kvsharer_dissimilar@k5,kvsharer_dissimilar,2,343,345,0.997146418460907,-0.0024742106248000655,0.0008597459044519689,-0.004356211863729191,-0.000993599923498612,0.004004089473064351,True
SmolLM3-3B-Base,rf2_ex20,kvsharer_dissimilar@k5,kvsharer_dissimilar,3,96,326,0.9953565494449312,6.847063978966077e-05,0.0008552411417990078,-0.0015064097344713384,0.0018712484993997547,0.9361895043647899,False
SmolLM3-3B-Base,rf2_ex20,kvsharer_dissimilar@k5,kvsharer_dissimilar,>=4,16,69,0.9987060041407868,-0.005725931677018637,0.004061592851203484,-0.015432628713878719,-0.0001345371998419242,0.15860615875558692,True
SmolLM3-3B-Base,rf2_ex20,kvsharer_similar@k5,kvsharer_similar,1,295,10,0.987953995157385,-0.00020581113801453253,0.0012298276114855395,-0.002657655568633958,0.002072547547126798,0.8670949925387758,False
SmolLM3-3B-Base,rf2_ex20,kvsharer_similar@k5,kvsharer_similar,2,343,345,0.997146418460907,-0.0009422402501373304,0.0004305214467127472,-0.0018641435630969586,-0.00018111249299955279,0.028625754854101286,True
SmolLM3-3B-Base,rf2_ex20,kvsharer_similar@k5,kvsharer_similar,3,96,326,0.9953565494449312,0.0009620124890446978,0.001982028894293212,-0.0017815002179503822,0.005523279234541881,0.6274156534912523,False
SmolLM3-3B-Base,rf2_ex20,kvsharer_similar@k5,kvsharer_similar,>=4,16,69,0.9987060041407868,-0.00449663561076606,0.003313761681142369,-0.012804186228481985,-0.000416048237476804,0.17479453808177992,True
SmolLM3-3B-Base,rf2_ex20,live_prev_head,live_prev_head,1,295,10,0.987953995157385,-0.018995157384987908,0.005169131802740487,-0.029625752983873984,-0.009435826836836156,0.00023810221324193932,True
SmolLM3-3B-Base,rf2_ex20,live_prev_head,live_prev_head,2,343,345,0.997146418460907,-0.016152086389125304,0.002219212021848394,-0.020931745106429,-0.012111356087077536,3.3805797210217494e-13,True
SmolLM3-3B-Base,rf2_ex20,live_prev_head,live_prev_head,3,96,326,0.9953565494449312,-0.020115532792871735,0.00455577346426504,-0.029682315542517053,-0.011794472093736012,1.0082638485806285e-05,True
SmolLM3-3B-Base,rf2_ex20,live_prev_head,live_prev_head,>=4,16,69,0.9987060041407868,-0.04030797101449277,0.014127448769685321,-0.07118238903953189,-0.01616294642857143,0.00432858637078095,True
SmolLM3-3B-Base,rf4_ex20,full,full,1,295,10,0.987953995157385,-0.12822033898305088,0.02092635459525247,-0.17478097246225877,-0.08984338710052027,8.942884055731549e-10,True
SmolLM3-3B-Base,rf4_ex20,full,full,2,343,345,0.997146418460907,-0.04643807833692483,0.004156887073989191,-0.05521567317385643,-0.03856117764794771,5.631255263368022e-29,True
SmolLM3-3B-Base,rf4_ex20,full,full,3,96,326,0.9953565494449312,-0.03906364117732982,0.0050193846741753275,-0.04963756265955749,-0.0298630851843772,7.107385283526541e-15,True
SmolLM3-3B-Base,rf4_ex20,full,full,>=4,16,69,0.9987060041407868,-0.0751164596273292,0.02011971652964532,-0.11940303026240526,-0.04041161572802198,0.00018885591157409776,True
Qwen3-4B-Base,rf2_ex00,full,full,1,295,9,0.994622305921741,-0.18259050010462438,0.03412657637162773,-0.2511554289767423,-0.11745586562667859,8.776478484563364e-08,True
Qwen3-4B-Base,rf2_ex00,full,full,2,343,345,0.9892297291587444,-0.17294991150359385,0.009311605051549996,-0.19163895786145335,-0.1550638067626982,5.257025143540681e-77,True
Qwen3-4B-Base,rf2_ex00,full,full,3,96,325,0.982929131054131,-0.3074510327635328,0.020464219504230403,-0.34943495601850155,-0.26897568816970896,5.125546318326006e-51,True
Qwen3-4B-Base,rf2_ex00,full,full,>=4,16,71,0.9561081768388107,-0.3435054773082943,0.040030790042134445,-0.419561381357434,-0.264723440545809,9.402598414232008e-18,True
Qwen3-4B-Base,rf2_ex20,cf_next_head,cf_next_head,1,295,9,0.9950228679042239,-0.10850147968792033,0.02817299540209548,-0.16792356982547785,-0.05769177354651099,0.00011751251915711925,True
Qwen3-4B-Base,rf2_ex20,cf_next_head,cf_next_head,2,343,345,0.9932337975119063,-0.06301541024573094,0.004162467921170735,-0.07158262272949716,-0.05516112511190107,8.962794791710075e-52,True
Qwen3-4B-Base,rf2_ex20,cf_next_head,cf_next_head,3,96,325,0.9966563644688644,-0.06310096153846152,0.006544991057787192,-0.0761955393331026,-0.05071591876635379,5.360652755557547e-22,True
Qwen3-4B-Base,rf2_ex20,cf_next_head,cf_next_head,>=4,16,71,0.9858526156941648,-0.06564386317907446,0.01685640020270488,-0.10206596810235721,-0.03696979717813052,9.848309607540714e-05,True
Qwen3-4B-Base,rf2_ex20,cf_prev_head,cf_prev_head,1,295,9,0.9950228679042239,-0.09198278181329027,0.023213004772232492,-0.14142750135569382,-0.048876303914308465,7.415226946100553e-05,True
Qwen3-4B-Base,rf2_ex20,cf_prev_head,cf_prev_head,2,343,345,0.9932337975119063,-0.06417223499870224,0.004723280143640778,-0.07354489408179718,-0.055090717570738086,4.82415185195877e-42,True
Qwen3-4B-Base,rf2_ex20,cf_prev_head,cf_prev_head,3,96,325,0.9966563644688644,-0.072569826007326,0.007659449585032233,-0.08833994053125169,-0.0583803384309186,2.679170045574102e-21,True
Qwen3-4B-Base,rf2_ex20,cf_prev_head,cf_prev_head,>=4,16,71,0.9858526156941648,-0.09082620724346077,0.022664377956878395,-0.13874300582767837,-0.05048696397201836,6.137961760747637e-05,True
Qwen3-4B-Base,rf2_ex20,cka_high@k5,cka_high,1,295,9,0.9950228679042239,-0.0023809523809523725,0.002552321850621738,-0.0082121156381605,0.0015916279520572323,0.350893588731627,False
Qwen3-4B-Base,rf2_ex20,cka_high@k5,cka_high,2,343,345,0.9932337975119063,-0.0014049097900029498,0.0006255528593393648,-0.0027041448558582162,-0.0002498498902942571,0.024712398469874063,True
Qwen3-4B-Base,rf2_ex20,cka_high@k5,cka_high,3,96,325,0.9966563644688644,-0.0013461538461538342,0.0007702883045849826,-0.003007172342454307,7.4793511149039e-05,0.08053376412635518,False
Qwen3-4B-Base,rf2_ex20,cka_high@k5,cka_high,>=4,16,71,0.9858526156941648,-0.0075138329979879325,0.004566119668856295,-0.01770027281746032,-0.00047387770544888197,0.09985396883483601,True
Qwen3-4B-Base,rf2_ex20,cka_low@k5,cka_low,1,295,9,0.9950228679042239,-0.00449287059456551,0.0018300643249330132,-0.008502253705084471,-0.0013399064593603816,0.014087116657231438,True
Qwen3-4B-Base,rf2_ex20,cka_low@k5,cka_low,2,343,345,0.9932337975119063,-0.006105849615800181,0.0013538389874214758,-0.008983459837121531,-0.0036423063733348002,6.48195492767548e-06,True
Qwen3-4B-Base,rf2_ex20,cka_low@k5,cka_low,3,96,325,0.9966563644688644,-0.0015384615384615283,0.0008835048520229738,-0.0033184039891486963,0.00011410836947646888,0.08162812311055817,False
Qwen3-4B-Base,rf2_ex20,cka_low@k5,cka_low,>=4,16,71,0.9858526156941648,-0.009683098591549302,0.006970167553873214,-0.025816359554385142,0.00023343167371269014,0.16476575617945355,False
Qwen3-4B-Base,rf2_ex20,fidelity_high@k5,fidelity_high,1,295,9,0.9950228679042239,-0.0023809523809523764,0.0013894771929694552,-0.0052895589261021505,0.00014048478575651323,0.08660958598111496,False
Qwen3-4B-Base,rf2_ex20,fidelity_high@k5,fidelity_high,2,343,345,0.9932337975119063,-0.0020984613898798227,0.0006850410077000372,-0.0034638877503468946,-0.0008855225218824042,0.002189368908083068,True
Qwen3-4B-Base,rf2_ex20,fidelity_high@k5,fidelity_high,3,96,325,0.9966563644688644,-0.0010222069597069466,0.0007156158873806313,-0.0024913415979834425,0.0003011209570375592,0.15316822677960323,False
Qwen3-4B-Base,rf2_ex20,fidelity_high@k5,fidelity_high,>=4,16,71,0.9858526156941648,-0.008928571428571425,0.004792115492592481,-0.019849080490405124,-0.0011895971468756285,0.062437013696624626,True
Qwen3-4B-Base,rf2_ex20,full,full,1,295,9,0.9950228679042239,-0.10640301318267421,0.02590822123550035,-0.15946143126955165,-0.0583652542802806,4.009686052347692e-05,True
Qwen3-4B-Base,rf2_ex20,full,full,2,343,345,0.9932337975119063,-0.07345972994344145,0.0044722330955440405,-0.0823073455339445,-0.06544104518640301,1.2515146755514917e-60,True
Qwen3-4B-Base,rf2_ex20,full,full,3,96,325,0.9966563644688644,-0.07318223443223444,0.006567307197025068,-0.08655167651923153,-0.06055693366303576,7.710424288320561e-29,True
Qwen3-4B-Base,rf2_ex20,full,full,>=4,16,71,0.9858526156941648,-0.11613430583501005,0.023773330263036224,-0.16659313468789277,-0.0732080099064598,1.0339380612068974e-06,True
Qwen3-4B-Base,rf2_ex20,kvdist_high@k5,kvdist_high,1,295,9,0.9950228679042239,-0.005299973096583263,0.002201598028992014,-0.01034200296978941,-0.0015701355888652314,0.016069639569461898,True
Qwen3-4B-Base,rf2_ex20,kvdist_high@k5,kvdist_high,2,343,345,0.9932337975119063,-0.005842674248048816,0.0012017660982309292,-0.008314402842749737,-0.003592423271596839,1.1635842227750846e-06,True
Qwen3-4B-Base,rf2_ex20,kvdist_high@k5,kvdist_high,3,96,325,0.9966563644688644,-0.001805173992673988,0.000933175840497136,-0.00383581125811514,-0.0001564691189731697,0.053058878679748414,True
Qwen3-4B-Base,rf2_ex20,kvdist_high@k5,kvdist_high,>=4,16,71,0.9858526156941648,-0.008960010060362174,0.005012882395490541,-0.02056121861934042,-0.000958728561847278,0.07387337499027084,True
Qwen3-4B-Base,rf2_ex20,kvdist_low@k5,kvdist_low,1,295,9,0.9950228679042239,-0.006860371267150921,0.004016574329359465,-0.015595751723508194,-0.000528881892518265,0.0876334638946913,True
Qwen3-4B-Base,rf2_ex20,kvdist_low@k5,kvdist_low,2,343,345,0.9932337975119063,-0.002183269048524466,0.0008512874763520212,-0.004097970176604858,-0.0006126403560065574,0.010327481491732177,True
Qwen3-4B-Base,rf2_ex20,kvdist_low@k5,kvdist_low,3,96,325,0.9966563644688644,-0.0031238553113553114,0.001053588601702127,-0.005332481116303482,-0.0011964062254125852,0.0030271551582208307,True
Qwen3-4B-Base,rf2_ex20,kvdist_low@k5,kvdist_low,>=4,16,71,0.9858526156941648,-0.00905432595573441,0.004919197894919956,-0.019974096152545525,-0.0013950652600664298,0.06567869791252202,True
Qwen3-4B-Base,rf2_ex20,kvsharer_dissimilar@k5,kvsharer_dissimilar,1,295,9,0.9950228679042239,-0.0029055690072639084,0.0015738895719179414,-0.006377851841347778,-0.0004646956379447434,0.06487662903377267,True
Qwen3-4B-Base,rf2_ex20,kvsharer_dissimilar@k5,kvsharer_dissimilar,2,343,345,0.9932337975119063,-0.0006008969692579691,0.000298303774826982,-0.0012024815141126936,-2.472297618674023e-05,0.043969718876596564,True
Qwen3-4B-Base,rf2_ex20,kvsharer_dissimilar@k5,kvsharer_dissimilar,3,96,325,0.9966563644688644,-0.001868131868131859,0.0006336091208479541,-0.0032692981911602555,-0.000789314377778091,0.0031942552488202908,True
Qwen3-4B-Base,rf2_ex20,kvsharer_dissimilar@k5,kvsharer_dissimilar,>=4,16,71,0.9858526156941648,-0.010689134808853137,0.004973170769016726,-0.02233575495415558,-0.0028278332201320594,0.03160586595639776,True
Qwen3-4B-Base,rf2_ex20,kvsharer_similar@k5,kvsharer_similar,1,295,9,0.9950228679042239,-0.0010895883777239576,0.0011739238342652414,-0.0033474171731747364,0.0012246585400057764,0.3533249193771798,False
Qwen3-4B-Base,rf2_ex20,kvsharer_similar@k5,kvsharer_similar,2,343,345,0.9932337975119063,-0.0016970585927361154,0.0006218721170206659,-0.0030143571992061863,-0.000572577153908015,0.006353612627220307,True
Qwen3-4B-Base,rf2_ex20,kvsharer_similar@k5,kvsharer_similar,3,96,325,0.9966563644688644,-0.0009123168498168481,0.0005048751224082012,-0.001985298394602139,1.5646076447699498e-05,0.07075996190452206,False
Qwen3-4B-Base,rf2_ex20,kvsharer_similar@k5,kvsharer_similar,>=4,16,71,0.9858526156941648,-0.0045271629778672095,0.002634689979061942,-0.010489442055998896,-0.0002124917949635995,0.08574362633081963,True
Qwen3-4B-Base,rf2_ex20,live_prev_head,live_prev_head,1,295,9,0.9950228679042239,-0.10534032822168417,0.025631199768350363,-0.15798041441662578,-0.05812386974719021,3.9592010103461954e-05,True
Qwen3-4B-Base,rf2_ex20,live_prev_head,live_prev_head,2,343,345,0.9932337975119063,-0.07144245453283356,0.004491940080966945,-0.08038137288895493,-0.06322458314983373,5.888981044738775e-57,True
Qwen3-4B-Base,rf2_ex20,live_prev_head,live_prev_head,3,96,325,0.9966563644688644,-0.07223901098901098,0.00651148991903999,-0.08536442407705441,-0.059612543733013876,1.3402713278847403e-28,True
Qwen3-4B-Base,rf2_ex20,live_prev_head,live_prev_head,>=4,16,71,0.9858526156941648,-0.11648013078470824,0.023943783942671673,-0.16745692700156983,-0.07409673844907422,1.1461105904139645e-06,True
Qwen3-4B-Base,rf4_ex20,full,full,1,295,9,0.9950228679042239,-0.08693839117567932,0.014387402887303674,-0.1164803742073019,-0.05900988102440008,1.5158035420042883e-09,True
Qwen3-4B-Base,rf4_ex20,full,full,2,343,345,0.9932337975119063,-0.07507017003784654,0.004294104674207004,-0.08345905817535634,-0.06723007909467474,1.9597827907754442e-68,True
Qwen3-4B-Base,rf4_ex20,full,full,3,96,325,0.9966563644688644,-0.08648122710622709,0.006993269803689722,-0.10060467491576597,-0.07317700413924844,3.974731358954185e-35,True
Qwen3-4B-Base,rf4_ex20,full,full,>=4,16,71,0.9858526156941648,-0.16448692152917507,0.021342281672326338,-0.21016988317065954,-0.12390415478830119,1.2871733366026806e-14,True
