source,n_substituted,kv_memory_fraction,mean_source_distance,delta_primary,delta_auc_all,in_test,model,family_model
no_reuse,0,1.0,0.0,0.0,0.0,True,SmolLM2-360M,SmolLM
random_same_ratio@k2,2,0.9375,1.0,-0.2650891715242365,-0.004120927288888887,True,SmolLM2-360M,SmolLM
random_same_ratio@k4,4,0.875,1.0,-0.6975877531486959,-0.01693813546666666,True,SmolLM2-360M,SmolLM
random_same_ratio@k6,6,0.8125,1.0,-0.9034403470147041,-0.02752143217777777,True,SmolLM2-360M,SmolLM
full[rf2_ex20],12,0.625,1.0,-1.6919986075270328,-0.09128362666666666,True,SmolLM2-360M,SmolLM
full[rf4_ex20],18,0.4375,2.0,-2.1041389913382345,-0.1600215822222222,False,SmolLM2-360M,SmolLM
no_reuse,0,1.0,0.0,0.0,0.0,True,Qwen2.5-1.5B,Qwen
random_same_ratio@k2,2,0.9285714285714287,1.0,-0.31598265406073317,-0.0036306731313131223,True,Qwen2.5-1.5B,Qwen
random_same_ratio@k4,4,0.8571428571428572,1.0,-0.7071890002137369,-0.012217037575757563,True,Qwen2.5-1.5B,Qwen
random_same_ratio@k6,6,0.7857142857142857,1.0,-1.0742961132767481,-0.026885991111111097,True,Qwen2.5-1.5B,Qwen
full[rf2_ex20],11,0.6071428571428572,1.0,-1.758154983678559,-0.07965220202020201,True,Qwen2.5-1.5B,Qwen
full[rf4_ex20],16,0.4285714285714286,1.9375,-1.845683172096051,-0.09347725252525252,False,Qwen2.5-1.5B,Qwen
no_reuse,0,1.0,0.0,0.0,0.0,True,Llama-3.2-1B,Llama
random_same_ratio@k1,1,0.9375,1.0,-0.2902429647904905,-0.0030119753086419714,True,Llama-3.2-1B,Llama
random_same_ratio@k2,2,0.875,1.0,-0.5546152823627347,-0.007507950617283945,True,Llama-3.2-1B,Llama
random_same_ratio@k3,3,0.8125,1.0,-0.7915222776186481,-0.013167340740740732,True,Llama-3.2-1B,Llama
full[rf2_ex20],6,0.625,1.0,-1.326110126801862,-0.03603244444444443,True,Llama-3.2-1B,Llama
full[rf4_ex20],9,0.4375,2.0,-1.594783145750012,-0.061990666666666645,False,Llama-3.2-1B,Llama
no_reuse,0,1.0,0.0,0.0,0.0,True,Qwen2.5-3B,Qwen
random_same_ratio@k2,2,0.9444444444444444,1.0,-0.22091299771607895,-0.0014200552380952346,True,Qwen2.5-3B,Qwen
random_same_ratio@k5,5,0.8611111111111112,1.0,-0.44042263431806483,-0.00397661333333333,True,Qwen2.5-3B,Qwen
random_same_ratio@k7,7,0.8055555555555556,1.0,-0.6225466784833696,-0.006901043809523804,True,Qwen2.5-3B,Qwen
full[rf2_ex20],14,0.6111111111111112,1.0,-1.4646125527140446,-0.0394791111111111,True,Qwen2.5-3B,Qwen
full[rf4_ex20],21,0.41666666666666663,2.0,-2.0401345298704823,-0.08985650793650793,False,Qwen2.5-3B,Qwen
no_reuse,0,1.0,0.0,0.0,0.0,True,Llama-3.2-3B,Llama
random_same_ratio@k2,2,0.9285714285714287,1.0,-0.22735405355502913,-0.0015160549494949494,True,Llama-3.2-3B,Llama
random_same_ratio@k4,4,0.8571428571428572,1.0,-0.543866708760897,-0.004930934949494954,True,Llama-3.2-3B,Llama
random_same_ratio@k6,6,0.7857142857142857,1.0,-0.8134330366020762,-0.009694616565656572,True,Llama-3.2-3B,Llama
full[rf2_ex20],11,0.6071428571428572,1.0,-1.5237669671213554,-0.036654626262626284,True,Llama-3.2-3B,Llama
full[rf4_ex20],16,0.4285714285714286,1.9375,-1.5677438832513884,-0.045582828282828274,False,Llama-3.2-3B,Llama
no_reuse,0,1.0,0.0,0.0,0.0,True,SmolLM3-3B-Base,SmolLM
random_same_ratio@k2,2,0.9444444444444444,1.0,-0.1889311304094958,-0.0007911441269841345,True,SmolLM3-3B-Base,SmolLM
random_same_ratio@k5,5,0.8611111111111112,1.0,-0.37678922122467157,-0.0023448082539682617,True,SmolLM3-3B-Base,SmolLM
random_same_ratio@k7,7,0.8055555555555556,1.0,-0.521048910853759,-0.003860636825396833,True,SmolLM3-3B-Base,SmolLM
full[rf2_ex20],14,0.6111111111111112,1.0,-1.1538788268194629,-0.014939999999999997,True,SmolLM3-3B-Base,SmolLM
full[rf4_ex20],21,0.41666666666666663,2.0,-1.5608506641498792,-0.0369344126984127,False,SmolLM3-3B-Base,SmolLM
no_reuse,0,1.0,0.0,0.0,0.0,True,Qwen3-4B-Base,Qwen
random_same_ratio@k2,2,0.9444444444444444,1.0,-0.20768427596361114,-0.001196379047619042,True,Qwen3-4B-Base,Qwen
random_same_ratio@k5,5,0.8611111111111112,1.0,-0.4293744319513515,-0.0036824736507936454,True,Qwen3-4B-Base,Qwen
random_same_ratio@k7,7,0.8055555555555556,1.0,-0.6679028901399903,-0.008444780952380949,True,Qwen3-4B-Base,Qwen
full[rf2_ex20],14,0.6111111111111112,1.0,-1.624346179300323,-0.06078000000000001,True,Qwen3-4B-Base,Qwen
full[rf4_ex20],21,0.41666666666666663,2.0,-1.9853185129959152,-0.09408869841269842,False,Qwen3-4B-Base,Qwen
