hypothesis,rule,models_meeting_rule,models_evaluated,models_required,verdict,robust_lofo,verdict_excl_mixed_rope,detail
H1[rf2_ex20] (frozen),"full lowers the primary metric (AUC, or d at ceiling) vs no_reuse in >=1 band (Holm, item bootstrap, CI excludes 0)",7,7,6.0,supported,True,supported,bands at ceiling: 21/21
H1[rf2_ex20] (retrained),"full lowers the primary metric (AUC, or d at ceiling) vs no_reuse in >=1 band (Holm, item bootstrap, CI excludes 0)",4,7,6.0,not supported,False,not supported,bands at ceiling: 21/21
H1x[rf4_ex20] (frozen),"full lowers the primary metric (AUC, or d at ceiling) vs no_reuse in >=1 band (Holm, item bootstrap, CI excludes 0)",7,7,6.0,supported,True,supported,bands at ceiling: 21/21
H1x[rf4_ex20] (retrained),"full lowers the primary metric (AUC, or d at ceiling) vs no_reuse in >=1 band (Holm, item bootstrap, CI excludes 0)",5,7,6.0,not supported,False,supported,bands at ceiling: 21/21
H1x[rf2_ex00] (frozen),"full lowers the primary metric (AUC, or d at ceiling) vs no_reuse in >=1 band (Holm, item bootstrap, CI excludes 0)",7,7,6.0,supported,True,supported,bands at ceiling: 17/21
H1x[rf2_ex00] (retrained),"full lowers the primary metric (AUC, or d at ceiling) vs no_reuse in >=1 band (Holm, item bootstrap, CI excludes 0)",7,7,6.0,supported,True,supported,bands at ceiling: 17/21
H1d,damage increases with the number of substituted layers (exact one-sided Spearman p < alpha),7,7,6.0,supported,True,supported,median rho = 1.000
H2,"lower-frequency words lose more evidence (change score, n_tokens and orthographic covariates controlled, no baseline term; HC3, frozen, band 'all'; floor models not evaluable)",0,7,6.0,not supported,True,not supported,at floor: 0; total effect (no n_tokens): 0/7; relative damage: 2/7; direct effect at equal baseline (ANCOVA): 0/7; LM log-prob measure: 0/7; median attenuation by n_tokens 0.25
H5x[rf2_ex00],"exemption-free full: n_token slope of word damage > 0 (change score, HC3)",3,5,6.0,insufficient data,False,insufficient data,frequency slope < 0 in 0
C1_live_vs_clean_semantics,"band 'all' primary-metric difference A - B (Holm, item bootstrap, CI excludes 0); directional",3,7,6.0,not supported,True,not supported,"A = full, B = cf_prev_head"
C2_previous_vs_next_head_source,"band 'all' primary-metric difference A - B (Holm, item bootstrap, CI excludes 0); directional",4,7,6.0,not supported,True,not supported,"A = cf_prev_head, B = cf_next_head"
H3a_cka_similar_vs_dissimilar,"band 'all' primary-metric difference A - B (Holm, item bootstrap, CI excludes 0); directional",4,7,6.0,not supported,False,not supported,"A = cka_high@k4, B = cka_low@k4"
H3a_kvdist_within_cla_similar_vs_dissimilar,"band 'all' primary-metric difference A - B (Holm, item bootstrap, CI excludes 0); directional",3,7,6.0,not supported,True,not supported,"A = kvdist_low@k4, B = kvdist_high@k4"
H3a_kvsharer_search_similar_vs_dissimilar,"band 'all' primary-metric difference A - B (Holm, item bootstrap, CI excludes 0); directional",4,7,6.0,not supported,True,not supported,"A = kvsharer_similar@k4, B = kvsharer_dissimilar@k4"
H3c_fidelity_vs_cka,"band 'all' primary-metric difference A - B (Holm, item bootstrap, CI excludes 0); directional",2,7,6.0,not supported,True,not supported,"A = fidelity_high@k4, B = cka_high@k4"
H3c_fidelity_vs_kvdist_within_cla,"band 'all' primary-metric difference A - B (Holm, item bootstrap, CI excludes 0); directional",3,7,6.0,not supported,True,not supported,"A = fidelity_high@k4, B = kvdist_high@k4"
H3b_cka_high_vs_depth_matched,"Stouffer-combined percentile-rank test of the selected map against random null target sets (mid-p, exact null over the models' reference sets, Holm over contrasts; sensitivity columns unadjusted). Valid under exchangeability of the deterministically selected map with the null draws under H0, which the design does not guarantee; conditional on the test items.",1,6,,not supported,True,not supported,"Z = -0.44, p_holm = 1; per-model upper/lower sig = 0/1; median null space = 36"
H3b_cka_low_vs_depth_matched,"Stouffer-combined percentile-rank test of the selected map against random null target sets (mid-p, exact null over the models' reference sets, Holm over contrasts; sensitivity columns unadjusted). Valid under exchangeability of the deterministically selected map with the null draws under H0, which the design does not guarantee; conditional on the test items.",1,7,,not supported,True,not supported,"Z = 0.45, p_holm = 1; per-model upper/lower sig = 1/0; median null space = 36"
H3b_fidelity_high_vs_depth_matched,"Stouffer-combined percentile-rank test of the selected map against random null target sets (mid-p, exact null over the models' reference sets, Holm over contrasts; sensitivity columns unadjusted). Valid under exchangeability of the deterministically selected map with the null draws under H0, which the design does not guarantee; conditional on the test items.",0,7,,not supported,True,not supported,"Z = 1.30, p_holm = 1; per-model upper/lower sig = 0/0; median null space = 72"
H3b_kvdist_high_vs_depth_matched,"Stouffer-combined percentile-rank test of the selected map against random null target sets (mid-p, exact null over the models' reference sets, Holm over contrasts; sensitivity columns unadjusted). Valid under exchangeability of the deterministically selected map with the null draws under H0, which the design does not guarantee; conditional on the test items.",1,7,,not supported,False,not supported,"Z = -0.60, p_holm = 1; per-model upper/lower sig = 0/1; median null space = 60"
H3b_kvdist_low_vs_depth_matched,"Stouffer-combined percentile-rank test of the selected map against random null target sets (mid-p, exact null over the models' reference sets, Holm over contrasts; sensitivity columns unadjusted). Valid under exchangeability of the deterministically selected map with the null draws under H0, which the design does not guarantee; conditional on the test items.",0,6,,not supported,True,not supported,"Z = 0.15, p_holm = 1; per-model upper/lower sig = 0/0; median null space = 46"
H3d_cka_high_vs_uniform,"Stouffer-combined percentile-rank test of the selected map against random null target sets (mid-p, exact null over the models' reference sets, Holm over contrasts; sensitivity columns unadjusted). Valid under exchangeability of the deterministically selected map with the null draws under H0, which the design does not guarantee; conditional on the test items.",1,7,,not supported,True,not supported,"Z = 0.91, p_holm = 1; per-model upper/lower sig = 1/0; median null space = 495"
H3d_cka_low_vs_uniform,"Stouffer-combined percentile-rank test of the selected map against random null target sets (mid-p, exact null over the models' reference sets, Holm over contrasts; sensitivity columns unadjusted). Valid under exchangeability of the deterministically selected map with the null draws under H0, which the design does not guarantee; conditional on the test items.",3,7,,not supported,True,not supported,"Z = -0.09, p_holm = 1; per-model upper/lower sig = 2/1; median null space = 495"
H3d_fidelity_high_vs_uniform,"Stouffer-combined percentile-rank test of the selected map against random null target sets (mid-p, exact null over the models' reference sets, Holm over contrasts; sensitivity columns unadjusted). Valid under exchangeability of the deterministically selected map with the null draws under H0, which the design does not guarantee; conditional on the test items.",0,7,,not supported,True,not supported,"Z = -0.41, p_holm = 1; per-model upper/lower sig = 0/0; median null space = 495"
H3d_kvdist_high_vs_uniform,"Stouffer-combined percentile-rank test of the selected map against random null target sets (mid-p, exact null over the models' reference sets, Holm over contrasts; sensitivity columns unadjusted). Valid under exchangeability of the deterministically selected map with the null draws under H0, which the design does not guarantee; conditional on the test items.",2,7,,not supported,True,not supported,"Z = 0.09, p_holm = 1; per-model upper/lower sig = 1/1; median null space = 495"
H3d_kvdist_low_vs_uniform,"Stouffer-combined percentile-rank test of the selected map against random null target sets (mid-p, exact null over the models' reference sets, Holm over contrasts; sensitivity columns unadjusted). Valid under exchangeability of the deterministically selected map with the null draws under H0, which the design does not guarantee; conditional on the test items.",2,7,,not supported,True,not supported,"Z = -0.58, p_holm = 1; per-model upper/lower sig = 0/2; median null space = 495"
H3e_kvsharer_dissimilar_vs_random_pairs,"Stouffer-combined percentile-rank test of the selected map against random null target sets (mid-p, exact null over the models' reference sets, Holm over contrasts; sensitivity columns unadjusted). Valid under exchangeability of the deterministically selected map with the null draws under H0, which the design does not guarantee; conditional on the test items. SANITY CHECK, not a finding: the searched map passed an output-similarity acceptance check that the random-pair null draws did not. KVSharer-STYLE search: the acceptance threshold was not verified against the released KVSharer configuration.",0,7,,not supported,True,not supported,"Z = -0.20, p_holm = 1; per-model upper/lower sig = 0/0; median null space = 1227223305"
H3e_kvsharer_similar_vs_random_pairs,"Stouffer-combined percentile-rank test of the selected map against random null target sets (mid-p, exact null over the models' reference sets, Holm over contrasts; sensitivity columns unadjusted). Valid under exchangeability of the deterministically selected map with the null draws under H0, which the design does not guarantee; conditional on the test items. SANITY CHECK, not a finding: the searched map passed an output-similarity acceptance check that the random-pair null draws did not. KVSharer-STYLE search: the acceptance threshold was not verified against the released KVSharer configuration.",0,7,,not supported,True,not supported,"Z = 0.24, p_holm = 1; per-model upper/lower sig = 0/0; median null space = 1227223305"
H4_own_head_vs_random_source,"Stouffer-combined percentile-rank test of the selected map against random null target sets (mid-p, exact null over the models' reference sets, Holm over contrasts; sensitivity columns unadjusted). Valid under exchangeability of the deterministically selected map with the null draws under H0, which the design does not guarantee; conditional on the test items. SANITY CHECK, not a finding: the null replaces the adjacent head by any eligible head, so `full` is expected to win.",0,7,,not supported,True,not supported,"Z = -0.94, p_holm = 1; per-model upper/lower sig = 0/0; median null space = 479001600"
H5,single-layer fragility peaks at normalised depth <= 0.6 among the ELIGIBLE layers the policies act on (final-layer frozen readout),4,7,6.0,not supported,False,not supported,"mean pairwise Spearman of profiles = 0.440; median eligible-range peak depth 0.33; median all-layer peak depth (descriptive, dominated by layer 1 reading layer 0) 0.03"
H5m,early-substitution word damage increases with n_tokens (HC3),5,7,6.0,not supported,False,not supported,
H6,"per-model WITHIN-k partial Spearman(representational damage, delta log PPL) over runs > 0 (Wilcoxon over models); the dose k is held fixed because both quantities grow with the number of substituted layers",6,7,6.0,not supported,False,not supported,"median rho = 0.126, Wilcoxon p = 0.1562. pooled (dose-confounded, descriptive) median rho = 0.864"
H8c,"per-model WITHIN-k partial Spearman(delta representational, delta behavioural AUC) over runs > 0 (Wilcoxon over models)",7,7,6.0,supported,False,supported,"median rho = 0.765, Wilcoxon p = 0.01562. pooled (dose-confounded, descriptive) median rho = 0.815"
H7a (frozen),matched HF > LF evidence in no_reuse (sign-flip permutation),0,7,6.0,not supported,True,not supported,median pairs = 18
H7a (behavior),matched HF > LF evidence in no_reuse (sign-flip permutation),0,7,6.0,not supported,True,not supported,median pairs = 18
H7b,"on matched pairs, full damages LF more than HF (total-effect selectivity > 0, sign-flip; floor models not evaluable)",0,7,6.0,not supported,True,not supported,direct effect at equal baseline > 0 & p < alpha in 0/7; median baseline gap = -0.08
H8a,few-shot behavioural lexical-decision AUC > 0.5 (bootstrap CI) and no_reuse puts >= 0.5 probability on the answer tokens,7,7,6.0,supported,True,supported,"median AUC = 0.960, median answer mass = 0.996"
H8b,"full lowers behavioural AUC (Holm, CI excludes 0); evaluable only in models passing H8a whose answer mass under full is >= 0.5 x no_reuse",0,0,6.0,insufficient data,True,insufficient data,"answer format lost under full in: SmolLM2-360M, Qwen2.5-1.5B, Llama-3.2-1B, Qwen2.5-3B, Llama-3.2-3B, SmolLM3-3B-Base, Qwen3-4B-Base"
RQ8a,no_reuse peak layer exceeds the non-contextual baseline (bootstrap CI > 0),7,7,6.0,supported,True,supported,"median static AUC = 0.857, median gain = 0.141"
RQ8b,median (best MLP - linear) test AUC <= 0.02 at the reliability layers,7,7,6.0,supported,True,supported,median control-label training accuracy (linear) = 0.730
