regime,family,readout,band,metric,mean_Llama,mean_Qwen,mean_SmolLM,n_families_negative,n_families
rf2_ex00,full,frozen,all,auc_all,-0.2231704603174603,-0.3607233439153439,-0.21635956327160494,3,3
rf2_ex00,full,frozen,all,auc_hf,-0.15057222222222222,-0.328685693536674,-0.0922754720406681,3,3
rf2_ex00,full,frozen,all,auc_lf,-0.3052884984639017,-0.3889639799169369,-0.328952886984767,3,3
rf2_ex00,full,frozen,all,auc_lf_hard,-0.33733148921530975,-0.40365638215660615,-0.3540515481879729,3,3
rf2_ex00,full,frozen,all,auc_tok,-0.2787380495354598,-0.3806487950044815,-0.32622213032403935,3,3
rf2_ex00,full,frozen,all,d_all,-2.960763976197078,-3.372652243131298,-2.7193956722758514,3,3
rf2_ex00,full,frozen,all,sel_auc,0.15471627624167952,0.060278286380262946,0.23667741494409886,0,3
rf2_ex00,full,frozen,all,sel_d,0.14349923287815525,-0.4938904635092743,0.5590136169277584,1,3
rf2_ex00,full,frozen,early,auc_all,-0.12941534814814817,-0.3107605827160494,-0.1651227946127946,3,3
rf2_ex00,full,frozen,early,auc_hf,-0.05406448801742922,-0.3108098184458969,-0.04983081798375916,3,3
rf2_ex00,full,frozen,early,auc_lf,-0.21837329749103945,-0.3155085424133811,-0.26675460247637667,3,3
rf2_ex00,full,frozen,early,auc_lf_hard,-0.24669877538829155,-0.3112088062524891,-0.2824202203486478,3,3
rf2_ex00,full,frozen,early,auc_tok,-0.1890925160772576,-0.30442517540693975,-0.2651731827919527,3,3
rf2_ex00,full,frozen,early,d_all,-2.130743843253845,-2.5230208524526936,-1.953048973980376,3,3
rf2_ex00,full,frozen,early,sel_auc,0.16430880947361026,0.004698723967484229,0.2169237844926175,0,3
rf2_ex00,full,frozen,early,sel_d,0.4383663673584006,-0.6121234691352787,0.7757310715039818,1,3
rf2_ex00,full,frozen,late,auc_all,-0.28309866666666667,-0.38946154732510285,-0.2559825777777778,3,3
rf2_ex00,full,frozen,late,auc_hf,-0.2021776615831518,-0.3286152989590898,-0.13069677559912857,3,3
rf2_ex00,full,frozen,late,auc_lf,-0.37293751493428917,-0.4318016228594186,-0.37365358422939066,3,3
rf2_ex00,full,frozen,late,auc_lf_hard,-0.41823850059737155,-0.44584930472587286,-0.3927202807646356,3,3
rf2_ex00,full,frozen,late,auc_tok,-0.354144950168635,-0.4227220891240693,-0.37039802569789965,3,3
rf2_ex00,full,frozen,late,d_all,-3.2867580127567875,-3.739921283181991,-3.0331232023957604,3,3
rf2_ex00,full,frozen,late,sel_auc,0.17075985335113741,0.10318632390032878,0.24295680863026212,0,3
rf2_ex00,full,frozen,late,sel_d,0.03567248467547435,-0.5078467004058539,0.31748546502440234,1,3
rf2_ex00,full,frozen,middle,auc_all,-0.2730373827160494,-0.3823253497942387,-0.2294203131313131,3,3
rf2_ex00,full,frozen,middle,auc_hf,-0.2122865940450254,-0.3446538852578069,-0.09864280055456526,3,3
rf2_ex00,full,frozen,middle,auc_lf,-0.3392944145758662,-0.42154077060931905,-0.34737912390029324,3,3
rf2_ex00,full,frozen,middle,auc_lf_hard,-0.3630266825965751,-0.45661754944909067,-0.3880004683936136,3,3
rf2_ex00,full,frozen,middle,auc_tok,-0.30813655637613735,-0.416677476362396,-0.344227581385886,3,3
rf2_ex00,full,frozen,middle,d_all,-3.604354162099236,-3.8726831505466666,-3.1899088608480355,3,3
rf2_ex00,full,frozen,middle,sel_auc,0.1270078205308408,0.07688688535151215,0.248736323345728,0,3
rf2_ex00,full,frozen,middle,sel_d,-0.09772249753969442,-0.34739878593336915,0.5650186809064723,2,3
rf2_ex00,full,retrained,all,auc_all,-0.06401875396825397,-0.08562265726043505,-0.11083531172839507,3,3
rf2_ex00,full,retrained,all,auc_hf,-0.013207936507936505,-0.019837659508247733,-0.03485579157588961,3,3
rf2_ex00,full,retrained,all,auc_lf,-0.13323463901689708,-0.1636226674062696,-0.1974742756869773,3,3
rf2_ex00,full,retrained,all,auc_lf_hard,-0.12649449564772144,-0.17559808272173863,-0.2128936585274791,3,3
rf2_ex00,full,retrained,all,auc_tok,-0.09768569406810776,-0.1366515061762443,-0.20070206794473688,3,3
rf2_ex00,full,retrained,all,d_all,-1.95074835051942,-2.0655482094932727,-2.0802435077625745,3,3
rf2_ex00,full,retrained,all,sel_auc,0.12002670250896058,0.14378500789802184,0.1626184841110877,0,3
rf2_ex00,full,retrained,all,sel_d,1.318056844434814,0.9191136309648206,1.143027435090426,0,3
rf2_ex00,full,retrained,early,auc_all,-0.05255176296296299,-0.058836483950617295,-0.09274044444444443,3,3
rf2_ex00,full,retrained,early,auc_hf,-0.010811764705882364,-0.012251416122004343,-0.0303184789067142,3,3
rf2_ex00,full,retrained,early,auc_lf,-0.11071433691756273,-0.11499199522102747,-0.16040735988921473,3,3
rf2_ex00,full,retrained,early,auc_lf_hard,-0.10409946236559142,-0.12203193448825168,-0.17325039711632453,3,3
rf2_ex00,full,retrained,early,auc_tok,-0.07920931342247672,-0.0918680531097864,-0.17022307031482398,3,3
rf2_ex00,full,retrained,early,d_all,-1.5237473174118281,-1.2864992084666294,-1.5148486237749235,3,3
rf2_ex00,full,retrained,early,sel_auc,0.09990257221168036,0.10274057909902314,0.13008888098250054,0,3
rf2_ex00,full,retrained,early,sel_d,0.967799419225239,0.7184583556768246,0.9130763150075469,0,3
rf2_ex00,full,retrained,late,auc_all,-0.0742003160493827,-0.10831135802469137,-0.1243639851851852,3,3
rf2_ex00,full,retrained,late,auc_hf,-0.015529876543209888,-0.028172210118615346,-0.037365010893246176,3,3
rf2_ex00,full,retrained,late,auc_lf,-0.15201481481481482,-0.2019706790123457,-0.2243409498207885,3,3
rf2_ex00,full,retrained,late,auc_lf_hard,-0.14630948825169254,-0.2133023031992566,-0.23507112455197132,3,3
rf2_ex00,full,retrained,late,auc_tok,-0.11515025322358503,-0.17580720044098727,-0.22348184982083003,3,3
rf2_ex00,full,retrained,late,d_all,-2.0492124815807733,-2.440724027696213,-2.2460652712851576,3,3
rf2_ex00,full,retrained,late,sel_auc,0.1364849382716049,0.17379846889373038,0.18697593892754233,0,3
rf2_ex00,full,retrained,late,sel_d,1.546851928113822,0.9148721462436487,1.167947194688754,0,3
rf2_ex00,full,retrained,middle,auc_all,-0.06705507160493829,-0.09114600823045266,-0.11613161616161617,3,3
rf2_ex00,full,retrained,middle,auc_hf,-0.013599012345678979,-0.019594722827402555,-0.03697637155872451,3,3
rf2_ex00,full,retrained,middle,auc_lf,-0.14045262843488648,-0.17622565710872162,-0.20901979472140764,3,3
rf2_ex00,full,retrained,middle,auc_lf_hard,-0.13281436678614095,-0.19384562093455462,-0.23170770202020202,3,3
rf2_ex00,full,retrained,middle,auc_tok,-0.10150068863801498,-0.14486834152937747,-0.20965217449142173,3,3
rf2_ex00,full,retrained,middle,d_all,-2.3475546430100023,-2.496304706255069,-2.492685542847515,3,3
rf2_ex00,full,retrained,middle,sel_auc,0.12685361608920748,0.15663093428131908,0.17204342316268312,0,3
rf2_ex00,full,retrained,middle,sel_d,1.493875615031887,1.121723190017816,1.3475583890356102,0,3
rf2_ex20,cf_next_head,frozen,all,auc_all,-0.05177907744107743,-0.0667079288119288,-0.05114726222222224,3,3
rf2_ex20,cf_next_head,frozen,all,auc_hf,-0.03476880570409982,-0.055540955776249894,-0.03735803921568627,3,3
rf2_ex20,cf_next_head,frozen,all,auc_lf,-0.07540139296187684,-0.08086681911278687,-0.06781950076804916,3,3
rf2_ex20,cf_next_head,frozen,all,auc_lf_hard,-0.08212917141848594,-0.0739842743875002,-0.07079681899641577,3,3
rf2_ex20,cf_next_head,frozen,all,auc_tok,-0.056733568564586556,-0.06661899640259474,-0.05892016315753698,3,3
rf2_ex20,cf_next_head,frozen,all,d_all,-1.5418998311982892,-1.69138261879602,-1.4596627788816696,3,3
rf2_ex20,cf_next_head,frozen,all,sel_auc,0.04063258725777701,0.02532586333653698,0.030461461552362887,0,3
rf2_ex20,cf_next_head,frozen,all,sel_d,-0.007323074368031202,-0.4217869603891537,-0.3108336698638242,3,3
rf2_ex20,cf_next_head,frozen,early,auc_all,-0.007299444444444449,-0.009600014814814815,-0.018047585185185202,3,3
rf2_ex20,cf_next_head,frozen,early,auc_hf,-0.004281699346405231,-0.005361786492374731,-0.010792883079157588,3,3
rf2_ex20,cf_next_head,frozen,early,auc_lf,-0.011457997311827957,-0.015524148745519719,-0.026357467144563915,3,3
rf2_ex20,cf_next_head,frozen,early,auc_lf_hard,-0.013569668458781388,-0.016159834229390678,-0.028201164874551984,3,3
rf2_ex20,cf_next_head,frozen,early,auc_tok,-0.00789968116602141,-0.010132712868876332,-0.022778802145546097,3,3
rf2_ex20,cf_next_head,frozen,early,d_all,-0.7814073176391485,-0.6626409563839158,-0.8056047780775049,3,3
rf2_ex20,cf_next_head,frozen,early,sel_auc,0.007176297965422726,0.010162362253144987,0.015564584065406326,0,3
rf2_ex20,cf_next_head,frozen,early,sel_d,-0.0348321856038846,-0.11778183405769138,-0.15401582334129393,3,3
rf2_ex20,cf_next_head,frozen,late,auc_all,-0.10921990476190474,-0.1450236096413874,-0.10021180246913582,3,3
rf2_ex20,cf_next_head,frozen,late,auc_hf,-0.0761483660130719,-0.1273443579901096,-0.07722981118373273,3,3
rf2_ex20,cf_next_head,frozen,late,auc_lf,-0.153946044546851,-0.1683837543380554,-0.12883015979689366,3,3
rf2_ex20,cf_next_head,frozen,late,auc_lf_hard,-0.1678855446748592,-0.1656710473914775,-0.13019464356829946,3,3
rf2_ex20,cf_next_head,frozen,late,auc_tok,-0.12119223458000827,-0.1492322924760998,-0.11402864268423837,3,3
rf2_ex20,cf_next_head,frozen,late,d_all,-2.229208700516529,-2.5576971128968844,-1.9984515153835585,3,3
rf2_ex20,cf_next_head,frozen,late,sel_auc,0.07779767853377911,0.04103939634794582,0.051600348613160936,0,3
rf2_ex20,cf_next_head,frozen,late,sel_d,0.022112044176934242,-0.6687450971684877,-0.408640335936746,2,3
rf2_ex20,cf_next_head,frozen,middle,auc_all,-0.04033898412698412,-0.052686410346854784,-0.039209407407407415,3,3
rf2_ex20,cf_next_head,frozen,middle,auc_hf,-0.024702147525676933,-0.04021258083480305,-0.02730032679738563,3,3
rf2_ex20,cf_next_head,frozen,middle,auc_lf,-0.06332738095238095,-0.06689059566478922,-0.0533134333930705,3,3
rf2_ex20,cf_next_head,frozen,middle,auc_lf_hard,-0.06773313492063492,-0.047214873603762496,-0.059233902080844274,3,3
rf2_ex20,cf_next_head,frozen,middle,auc_tok,-0.04307384306489619,-0.047540437924325836,-0.044349395897132084,3,3
rf2_ex20,cf_next_head,frozen,middle,d_all,-1.6599846248022798,-1.9795846208787167,-1.6521062442226526,3,3
rf2_ex20,cf_next_head,frozen,middle,sel_auc,0.03862523342670403,0.026678014829986173,0.026013106595684874,0,3
rf2_ex20,cf_next_head,frozen,middle,sel_d,-0.0005485301713132884,-0.5154711186171829,-0.3888163826555242,3,3
rf2_ex20,cf_next_head,retrained,all,auc_all,-0.00024071380471380708,-0.0035428148148148077,-0.0024197193650793663,3,3
rf2_ex20,cf_next_head,retrained,all,auc_hf,0.00044951475539710954,-0.0009583170641994138,-0.00023450980392157096,2,3
rf2_ex20,cf_next_head,retrained,all,auc_lf,-0.0010690778755294951,-0.007628229297584145,-0.005020529953917056,3,3
rf2_ex20,cf_next_head,retrained,all,auc_lf_hard,-0.0007469690181383731,-0.008882968509984636,-0.006071060547875062,3,3
rf2_ex20,cf_next_head,retrained,all,auc_tok,-0.0006089295203392259,-0.0044839736265195685,-0.0039471530194622505,3,3
rf2_ex20,cf_next_head,retrained,all,d_all,-0.05449399278478172,-0.387935501976189,-0.1759070414485796,3,3
rf2_ex20,cf_next_head,retrained,all,sel_auc,0.0015185926309266048,0.006669912233384731,0.004786020149995485,0,3
rf2_ex20,cf_next_head,retrained,all,sel_d,0.1316302473483088,0.006941368320305887,0.11669253390104795,0,3
rf2_ex20,cf_next_head,retrained,early,auc_all,7.888888888883672e-06,-0.0010966962962963077,-0.001620938271604961,2,3
rf2_ex20,cf_next_head,retrained,early,auc_hf,7.777777777777384e-05,-0.00015350762527233016,-0.00042582425562818897,2,3
rf2_ex20,cf_next_head,retrained,early,auc_lf,-7.728494623666926e-06,-0.002342697132616488,-0.0035249701314217573,3,3
rf2_ex20,cf_next_head,retrained,early,auc_lf_hard,-0.0007672491039426646,-0.0030693697729988045,-0.003966671644763053,3,3
rf2_ex20,cf_next_head,retrained,early,auc_tok,-6.79148908481822e-05,-0.0011608163868706703,-0.0027365233574486326,3,3
rf2_ex20,cf_next_head,retrained,early,d_all,-0.021874090264820567,-0.14418912513582374,-0.09566686222048343,3,3
rf2_ex20,cf_next_head,retrained,early,sel_auc,8.550627240144076e-05,0.002189189507344158,0.0030991458757935685,0,3
rf2_ex20,cf_next_head,retrained,early,sel_d,0.032544623137708506,0.07000456454264535,0.13399160132867532,0,3
rf2_ex20,cf_next_head,retrained,late,auc_all,-0.0003039999999999987,-0.007199840094062299,-0.0039759629629629685,3,3
rf2_ex20,cf_next_head,retrained,late,auc_hf,0.0012514472455648767,-0.0021279662482276895,-0.00017534495279592407,2,3
rf2_ex20,cf_next_head,retrained,late,auc_lf,-0.0017332949308755852,-0.015173237753882934,-0.008544952210274787,3,3
rf2_ex20,cf_next_head,retrained,late,auc_lf_hard,-9.080581157193998e-05,-0.016880843336936516,-0.012390637445240922,3,3
rf2_ex20,cf_next_head,retrained,late,auc_tok,-0.0009598715368634476,-0.00943985795870017,-0.006261643048011354,3,3
rf2_ex20,cf_next_head,retrained,late,d_all,-0.08933530345690813,-0.6218339811225105,-0.2367646067402149,3,3
rf2_ex20,cf_next_head,retrained,late,sel_auc,0.002984742176440462,0.013045271505655246,0.008369607257478862,0,3
rf2_ex20,cf_next_head,retrained,late,sel_d,0.24817566899035437,-0.032104258904864236,0.05975707529098129,1,3
rf2_ex20,cf_next_head,retrained,middle,auc_all,-0.00044228571428571646,-0.002638081128747779,-0.001764395061728369,3,3
rf2_ex20,cf_next_head,retrained,middle,auc_hf,3.828197945847378e-05,-0.0006927412940484711,-7.926652142338739e-05,2,3
rf2_ex20,cf_next_head,retrained,middle,auc_lf,-0.0015314900153609848,-0.006029015190305519,-0.0031846998207885335,3,3
rf2_ex20,cf_next_head,retrained,middle,auc_lf_hard,-0.0014564932155657847,-0.007403851624281729,-0.002128447331740344,3,3
rf2_ex20,cf_next_head,retrained,middle,auc_tok,-0.0008426326577089309,-0.0032635791345990346,-0.0029976978968421636,3,3
rf2_ex20,cf_next_head,retrained,middle,d_all,-0.05471318101588142,-0.42710321127762957,-0.20538793303704667,3,3
rf2_ex20,cf_next_head,retrained,middle,sel_auc,0.0015697719948194586,0.005336273896257048,0.0031054332993651463,0,3
rf2_ex20,cf_next_head,retrained,middle,sel_d,0.12167790872850422,-0.024154140492259852,0.1543390097708986,1,3
rf2_ex20,cf_prev_head,frozen,all,auc_all,-0.04889534006734006,-0.06585896873496873,-0.04282528761904762,3,3
rf2_ex20,cf_prev_head,frozen,all,auc_hf,-0.036596573578926504,-0.06091207311207312,-0.03219190662931839,3,3
rf2_ex20,cf_prev_head,frozen,all,auc_lf,-0.06288229064841969,-0.07097882628124565,-0.05433983102918588,3,3
rf2_ex20,cf_prev_head,frozen,all,auc_lf_hard,-0.07074347303681983,-0.060072814357088555,-0.055066996287762404,3,3
rf2_ex20,cf_prev_head,frozen,all,auc_tok,-0.05463876820059921,-0.05878663423372083,-0.04915635874689754,3,3
rf2_ex20,cf_prev_head,frozen,all,d_all,-1.5331608341974412,-1.642297378717375,-1.3620818443513816,3,3
rf2_ex20,cf_prev_head,frozen,all,sel_auc,0.02628571706949319,0.01006675316917252,0.02214792439986749,0,3
rf2_ex20,cf_prev_head,frozen,all,sel_d,-0.2503025041454294,-0.5219759517316637,-0.39608081729905126,3,3
rf2_ex20,cf_prev_head,frozen,early,auc_all,-0.007192333333333349,-0.006956651851851854,-0.013699940740740747,3,3
rf2_ex20,cf_prev_head,frozen,early,auc_hf,-0.0052526143790849605,-0.004568191721132902,-0.0074480755265069086,3,3
rf2_ex20,cf_prev_head,frozen,early,auc_lf,-0.0100782930107527,-0.010222087813620074,-0.021444892473118288,3,3
rf2_ex20,cf_prev_head,frozen,early,auc_lf_hard,-0.010360663082437285,-0.008735999103942649,-0.02500510254878536,3,3
rf2_ex20,cf_prev_head,frozen,early,auc_tok,-0.006455168038520351,-0.005986536312606251,-0.017923648990936063,3,3
rf2_ex20,cf_prev_head,frozen,early,d_all,-0.783614279949246,-0.6055098842343551,-0.6966274525480074,3,3
rf2_ex20,cf_prev_head,frozen,early,sel_auc,0.004825678631667739,0.005653896092487173,0.013996816946611378,0,3
rf2_ex20,cf_prev_head,frozen,early,sel_d,-0.2590606273558902,-0.16948781368497548,-0.22843685290532967,3,3
rf2_ex20,cf_prev_head,frozen,late,auc_all,-0.1170556825396825,-0.15480184362139918,-0.08186806790123458,3,3
rf2_ex20,cf_prev_head,frozen,late,auc_hf,-0.09023034547152194,-0.15131384306809145,-0.07096114742193171,3,3
rf2_ex20,cf_prev_head,frozen,late,auc_lf,-0.14555616359447004,-0.15587716902770668,-0.09357149790919951,3,3
rf2_ex20,cf_prev_head,frozen,late,auc_lf_hard,-0.16089949756784439,-0.1338399139026379,-0.09460436579052169,3,3
rf2_ex20,cf_prev_head,frozen,late,auc_tok,-0.13121865690024587,-0.13870256182714605,-0.08797182497249847,3,3
rf2_ex20,cf_prev_head,frozen,late,d_all,-2.3501138210956407,-2.5972311879986933,-1.847214050324585,3,3
rf2_ex20,cf_prev_head,frozen,late,sel_auc,0.05532581812294811,0.004563325959615255,0.022610350487267793,0,3
rf2_ex20,cf_prev_head,frozen,late,sel_d,-0.19478841168290917,-0.873862701765411,-0.6084847412633761,3,3
rf2_ex20,cf_prev_head,frozen,middle,auc_all,-0.026187396825396822,-0.043155122868900636,-0.03646635802469135,3,3
rf2_ex20,cf_prev_head,frozen,middle,auc_hf,-0.017471708683473357,-0.03384641560327834,-0.021195896877269423,3,3
rf2_ex20,cf_prev_head,frozen,middle,auc_lf,-0.03729195468509987,-0.054372446947715765,-0.052004554958184,3,3
rf2_ex20,cf_prev_head,frozen,middle,auc_lf_hard,-0.04630416346646186,-0.04390550624869621,-0.04922139461369971,3,3
rf2_ex20,cf_prev_head,frozen,middle,auc_tok,-0.03030456546089169,-0.03820130942080253,-0.045388746115680834,3,3
rf2_ex20,cf_prev_head,frozen,middle,d_all,-1.5273478512218093,-1.850865325957364,-1.621260487507485,3,3
rf2_ex20,cf_prev_head,frozen,middle,sel_auc,0.019820246001626515,0.020526031344437423,0.03080865808091458,0,3
rf2_ex20,cf_prev_head,frozen,middle,sel_d,-0.2963178855454085,-0.5659821903767451,-0.3719082254155315,3,3
rf2_ex20,cf_prev_head,retrained,all,auc_all,-0.0005550639730639729,-0.0037298720538720426,-0.003045701587301592,3,3
rf2_ex20,cf_prev_head,retrained,all,auc_hf,0.00022531194295900457,-0.0008913052089522684,-0.0005819906629318423,2,3
rf2_ex20,cf_prev_head,retrained,all,auc_lf,-0.001212406321277296,-0.007806224689289214,-0.006366897081413214,3,3
rf2_ex20,cf_prev_head,retrained,all,auc_lf_hard,0.00012770514282611398,-0.008083426430200618,-0.006480126728110592,2,3
rf2_ex20,cf_prev_head,retrained,all,auc_tok,-0.0010634700454787024,-0.00526692326843638,-0.004125888971316604,3,3
rf2_ex20,cf_prev_head,retrained,all,d_all,-0.01604852023081568,-0.41073758784141234,-0.16297324307083624,3,3
rf2_ex20,cf_prev_head,retrained,all,sel_auc,0.0014377182642363005,0.006914919480336946,0.005784906418481371,0,3
rf2_ex20,cf_prev_head,retrained,all,sel_d,0.10439386274136904,0.027158256551639653,0.11151685853125012,0,3
rf2_ex20,cf_prev_head,retrained,early,auc_all,-0.00020255555555557386,-0.0010902296296296243,-0.0020603358024691475,3,3
rf2_ex20,cf_prev_head,retrained,early,auc_hf,-8.137254901961072e-05,1.716775599127825e-05,-0.0006452578068264417,2,3
rf2_ex20,cf_prev_head,retrained,early,auc_lf,-0.00040322580645161393,-0.00270916218637993,-0.00442774790919953,3,3
rf2_ex20,cf_prev_head,retrained,early,auc_lf_hard,-0.00028141801075270284,-0.003440113500597364,-0.006224238351254481,3,3
rf2_ex20,cf_prev_head,retrained,early,auc_tok,-0.0002858932231512637,-0.001377511533160274,-0.002898123748252563,3,3
rf2_ex20,cf_prev_head,retrained,early,d_all,-0.03204965613986138,-0.146913230603496,-0.08473577720323332,3,3
rf2_ex20,cf_prev_head,retrained,early,sel_auc,0.0003218532574320032,0.0027263299423712084,0.0037824901023730878,0,3
rf2_ex20,cf_prev_head,retrained,early,sel_d,0.003467588301951763,0.14493309765375612,0.09739053583838159,0,3
rf2_ex20,cf_prev_head,retrained,late,auc_all,-0.001481650793650773,-0.007511628453850659,-0.004024641975308637,3,3
rf2_ex20,cf_prev_head,retrained,late,auc_hf,0.00039122315592904556,-0.0018430957568212468,-0.000467283950617262,2,3
rf2_ex20,cf_prev_head,retrained,late,auc_lf,-0.0031020545314900355,-0.015218211298856484,-0.008161999701314222,3,3
rf2_ex20,cf_prev_head,retrained,late,auc_lf_hard,-0.0010632680491551422,-0.014987744400826827,-0.006364029520111492,3,3
rf2_ex20,cf_prev_head,retrained,late,auc_tok,-0.0027012581393295243,-0.010847413199264813,-0.005290698216103468,3,3
rf2_ex20,cf_prev_head,retrained,late,d_all,-0.0760730420689165,-0.6413997590496544,-0.20558695104787705,3,3
rf2_ex20,cf_prev_head,retrained,late,sel_auc,0.0034932776874190812,0.013375115542035236,0.00769471575069696,0,3
rf2_ex20,cf_prev_head,retrained,late,sel_d,0.193772910876732,-0.07250392098573631,0.0647083027416601,1,3
rf2_ex20,cf_prev_head,retrained,middle,auc_all,7.079365079364666e-06,-0.0029111534391534264,-0.0031739629629629704,2,3
rf2_ex20,cf_prev_head,retrained,middle,auc_hf,0.00040065359477124495,-0.000959933603070852,-0.0006250544662309595,2,3
rf2_ex20,cf_prev_head,retrained,middle,auc_lf,-0.00018423579109063035,-0.006115946976162035,-0.006749029271206688,3,3
rf2_ex20,cf_prev_head,retrained,middle,auc_lf_hard,0.0016537058371736016,-0.006378600823045266,-0.006880507019115885,2,3
rf2_ex20,cf_prev_head,retrained,middle,auc_tok,-0.0002491180940606606,-0.004055231903085487,-0.004340165383852936,3,3
rf2_ex20,cf_prev_head,retrained,middle,d_all,0.0636566903647224,-0.47538881192723,-0.20838311648398447,2,3
rf2_ex20,cf_prev_head,retrained,middle,sel_auc,0.0005848893858618753,0.005156013373091183,0.006123974804975728,0,3
rf2_ex20,cf_prev_head,retrained,middle,sel_d,0.12444317500483101,-0.005044849313659709,0.17405897040483514,1,3
rf2_ex20,cka_high,frozen,all,auc_all,-0.008238875420875414,-0.004447855699855697,-0.003547861587301591,3,3
rf2_ex20,cka_high,frozen,all,auc_hf,-0.005681837987720337,-0.0037014175367116532,-0.0018183155929038333,3,3
rf2_ex20,cka_high,frozen,all,auc_lf,-0.011685768980123835,-0.005075728482986555,-0.005741094470046092,3,3
rf2_ex20,cka_high,frozen,all,auc_lf_hard,-0.011140640273704795,-0.005516740950208688,-0.006671626984126978,3,3
rf2_ex20,cka_high,frozen,all,auc_tok,-0.009571427585547378,-0.004251600852960047,-0.004772411233222492,3,3
rf2_ex20,cka_high,frozen,all,d_all,-0.7963720885910206,-0.32208676303690503,-0.4559328204524222,3,3
rf2_ex20,cka_high,frozen,all,sel_auc,0.006003930992403497,0.001374310946274902,0.003922778877142259,0,3
rf2_ex20,cka_high,frozen,all,sel_d,-0.18060477855314533,-0.2246025142608926,-0.009427206565665022,3,3
rf2_ex20,cka_high,frozen,early,auc_all,-0.0037327777777778,-0.00010198518518518643,-0.0003094222222222276,3,3
rf2_ex20,cka_high,frozen,early,auc_hf,-0.0020977124183006457,-9.760348583877827e-05,-7.947712418301944e-05,3,3
rf2_ex20,cka_high,frozen,early,auc_lf,-0.006251008064516138,-0.00012759856630824388,-0.0007612903225806544,3,3
rf2_ex20,cka_high,frozen,early,auc_lf_hard,-0.0055737567204301175,2.9868578255679935e-05,-0.0015625,2,3
rf2_ex20,cka_high,frozen,early,auc_tok,-0.0039089696457038844,-5.108939992782465e-05,-0.0004974460747633136,3,3
rf2_ex20,cka_high,frozen,early,d_all,-0.5088226535649147,-0.011069117233053809,-0.10836445076826888,3,3
rf2_ex20,cka_high,frozen,early,sel_auc,0.004153295646215492,2.99950804694656e-05,0.000681813198397635,0,3
rf2_ex20,cka_high,frozen,early,sel_d,-0.09320233266271483,-0.015385039701809303,-0.009739104397143775,3,3
rf2_ex20,cka_high,frozen,late,auc_all,-0.012417523809523781,-0.012643339212228093,-0.006273592592592595,3,3
rf2_ex20,cka_high,frozen,late,auc_hf,-0.00887899159663866,-0.010524494242141297,-0.003611619462599848,3,3
rf2_ex20,cka_high,frozen,late,auc_lf,-0.01702035330261138,-0.014277265745007697,-0.00951317951015532,3,3
rf2_ex20,cka_high,frozen,late,auc_lf_hard,-0.017235903097798266,-0.016825254594071783,-0.007928551871764224,3,3
rf2_ex20,cka_high,frozen,late,auc_tok,-0.01505247282242436,-0.012421228979412209,-0.008842095202247957,3,3
rf2_ex20,cka_high,frozen,late,d_all,-0.9604636976934479,-0.7964318118323302,-0.6305888525565874,3,3
rf2_ex20,cka_high,frozen,late,sel_auc,0.008141361705972718,0.003752771502866398,0.005901560047555474,0,3
rf2_ex20,cka_high,frozen,late,sel_d,-0.1744679492425823,-0.5000882325708361,-0.08485694431309129,3,3
rf2_ex20,cka_high,frozen,middle,auc_all,-0.008854984126984112,-0.0011516425631981186,-0.004446222222222225,3,3
rf2_ex20,cka_high,frozen,middle,auc_hf,-0.006266573295985055,-0.000944164332399627,-0.0019708061002178725,3,3
rf2_ex20,cka_high,frozen,middle,auc_lf,-0.012156105990783438,-0.0014508164078056629,-0.0075427867383512665,3,3
rf2_ex20,cka_high,frozen,middle,auc_lf_hard,-0.011128712237583209,-0.0004834679789877015,-0.011133045848267617,3,3
rf2_ex20,cka_high,frozen,middle,auc_tok,-0.010146101255350676,-0.0008204671210293052,-0.005490591866062674,3,3
rf2_ex20,cka_high,frozen,middle,d_all,-0.9448613936826271,-0.19686564299583545,-0.6695393598406769,3,3
rf2_ex20,cka_high,frozen,middle,sel_auc,0.005889532694798382,0.0005066520754060358,0.005571980638133394,0,3
rf2_ex20,cka_high,frozen,middle,sel_d,-0.28076114215813575,-0.18390456939398103,0.06569501767633043,2,3
rf2_ex20,cka_high,retrained,all,auc_all,-0.0007963771043771067,-0.00026281866281865836,5.562793650793763e-05,2,3
rf2_ex20,cka_high,retrained,all,auc_hf,-1.6478510596170468e-05,-6.641201935319395e-05,0.0002636676003734818,2,3
rf2_ex20,cka_high,retrained,all,auc_lf,-0.0014741161616161733,-0.00046594982078854006,-0.00015333333333334329,3,3
rf2_ex20,cka_high,retrained,all,auc_lf_hard,-0.000568606087759313,-0.0007925113267855163,-0.0001307443676395253,3,3
rf2_ex20,cka_high,retrained,all,auc_tok,-0.001092454952623485,-0.00047823433452746206,0.00013121450229032193,2,3
rf2_ex20,cka_high,retrained,all,d_all,-0.11715881124010687,-0.03954417443865159,-0.021899011493847743,3,3
rf2_ex20,cka_high,retrained,all,sel_auc,0.0014576376510200028,0.00039953780143534614,0.00041700093370682507,0,3
rf2_ex20,cka_high,retrained,all,sel_d,0.058533549031370674,-0.0197956584704829,0.02381510704598081,1,3
rf2_ex20,cka_high,retrained,early,auc_all,-0.00026344444444446197,-3.774814814814601e-05,5.5999999999994944e-05,2,3
rf2_ex20,cka_high,retrained,early,auc_hf,-9.836601307190024e-05,-2.80610021786476e-05,5.1764705882345605e-05,2,3
rf2_ex20,cka_high,retrained,early,auc_lf,-0.0005036962365591383,-5.125448028673688e-05,9.301075268816072e-05,2,3
rf2_ex20,cka_high,retrained,early,auc_lf_hard,-0.00020721326164875598,-0.0001247013142174384,0.0001265681003584207,2,3
rf2_ex20,cka_high,retrained,early,auc_tok,-0.00027938640726161285,-4.9784989716901895e-05,1.52910173406684e-05,2,3
rf2_ex20,cka_high,retrained,early,d_all,-0.03608750999848842,-0.0007988672897288218,-0.01005645460189566,3,3
rf2_ex20,cka_high,retrained,early,sel_auc,0.000405330223487238,2.3193478108089285e-05,-4.1246046805815115e-05,1,3
rf2_ex20,cka_high,retrained,early,sel_d,0.02569816009060555,0.0005659228585027134,-0.0051556596387742,1,3
rf2_ex20,cka_high,retrained,late,auc_all,-0.001185904761904751,-0.0006343468547912956,0.00018350617283951657,2,3
rf2_ex20,cka_high,retrained,late,auc_hf,0.00012922502334263602,-8.039561503613993e-05,0.0006777777777777833,1,3
rf2_ex20,cka_high,retrained,late,auc_lf,-0.002133544546851022,-0.0011338112305854448,-0.00014740143369176606,3,3
rf2_ex20,cka_high,retrained,late,auc_lf_hard,-0.0009912634408602117,-0.0019038848115908976,-0.0001680107526881665,3,3
rf2_ex20,cka_high,retrained,late,auc_tok,-0.0015910326781589657,-0.0013200079203235916,0.0002765432912160831,2,3
rf2_ex20,cka_high,retrained,late,d_all,-0.19012688100079103,-0.11146779754940846,-0.037219043929444307,3,3
rf2_ex20,cka_high,retrained,late,sel_auc,0.002262769570193658,0.0010534156155493047,0.0008251792114695494,0,3
rf2_ex20,cka_high,retrained,late,sel_d,0.07822520856986108,-0.050817914367306344,0.02659915580505151,1,3
rf2_ex20,cka_high,retrained,middle,auc_all,-0.000959301587301586,-0.00014674661963550052,-7.287654320987781e-05,3,3
rf2_ex20,cka_high,retrained,middle,auc_hf,-7.955182072829201e-05,-9.868243593733196e-05,8.939724037763247e-05,2,3
rf2_ex20,cka_high,retrained,middle,auc_lf,-0.0018269009216590015,-0.00026841895659101054,-0.00043738799283154974,3,3
rf2_ex20,cka_high,retrained,middle,auc_lf_hard,-0.0006084389400921558,-0.0004360575373120173,-0.000382224462365583,3,3
rf2_ex20,cka_high,retrained,middle,auc_tok,-0.0014570619867167892,-0.00012319429769829036,0.00011577450548785895,2,3
rf2_ex20,cka_high,retrained,middle,d_all,-0.126016865748956,-0.01108778757571305,-0.01987854325456278,3,3
rf2_ex20,cka_high,retrained,middle,sel_auc,0.0017473491009307096,0.0001697365206536786,0.0005267852332091822,0,3
rf2_ex20,cka_high,retrained,middle,sel_d,0.07458515258778263,-0.011388722354478159,0.05371726182822707,1,3
rf2_ex20,cka_low,frozen,all,auc_all,-0.002523373737373734,-0.008777864357864353,-0.018715057777777773,3,3
rf2_ex20,cka_low,frozen,all,auc_hf,-0.001805684293919588,-0.00650960020371785,-0.013648130718954245,3,3
rf2_ex20,cka_low,frozen,all,auc_lf,-0.003951348159009444,-0.011289624354140498,-0.02500073348694317,3,3
rf2_ex20,cka_low,frozen,all,auc_lf_hard,-0.006805368876941462,-0.009308062382659152,-0.030559459805427548,3,3
rf2_ex20,cka_low,frozen,all,auc_tok,-0.00347062221919885,-0.008598279657982509,-0.02420876191234551,3,3
rf2_ex20,cka_low,frozen,all,d_all,-0.2691832836364191,-0.7282872023414223,-0.6207333589995815,3,3
rf2_ex20,cka_low,frozen,all,sel_auc,0.002145663865089856,0.0047800241504226465,0.011352602767988926,0,3
rf2_ex20,cka_low,frozen,all,sel_d,-0.03782033123744144,-0.3433596450560312,-0.24101533830434346,3,3
rf2_ex20,cka_low,frozen,early,auc_all,-0.0002844444444444344,-0.0037154222222222145,-0.00856394074074074,3,3
rf2_ex20,cka_low,frozen,early,auc_hf,-0.00021895424836600175,-0.002376383442265803,-0.0036580682643427755,3,3
rf2_ex20,cka_low,frozen,early,auc_lf,-0.0003864247311827912,-0.005423835125448032,-0.01460071684587815,3,3
rf2_ex20,cka_low,frozen,early,auc_lf_hard,-0.0011396729390681093,-0.004845990143369172,-0.02116611907606532,3,3
rf2_ex20,cka_low,frozen,early,auc_tok,-0.0004123694570062064,-0.0036518050863301992,-0.01218202626631532,3,3
rf2_ex20,cka_low,frozen,early,d_all,-0.047038190360032484,-0.4420140135389419,-0.38482675765981894,3,3
rf2_ex20,cka_low,frozen,early,sel_auc,0.00016747048281678945,0.003047451683182229,0.010942648581535375,0,3
rf2_ex20,cka_low,frozen,early,sel_d,-0.03254583587474241,-0.176311524509814,-0.08618034547664563,3,3
rf2_ex20,cka_low,frozen,late,auc_all,-0.005951206349206347,-0.01010772016460904,-0.03547141975308642,3,3
rf2_ex20,cka_low,frozen,late,auc_hf,-0.004189075630252115,-0.0060729951239755185,-0.030913435003631078,3,3
rf2_ex20,cka_low,frozen,late,auc_lf,-0.009440956221198156,-0.01479703589918646,-0.04247319295101554,3,3
rf2_ex20,cka_low,frozen,late,auc_lf_hard,-0.015877016129032258,-0.013514701977963612,-0.04628851802070888,3,3
rf2_ex20,cka_low,frozen,late,auc_tok,-0.007941452600170115,-0.011733825503179689,-0.04244397805515787,3,3
rf2_ex20,cka_low,frozen,late,d_all,-0.5092369614466931,-0.7971162504430817,-0.8346727201142231,3,3
rf2_ex20,cka_low,frozen,late,sel_auc,0.005251880590946041,0.008724040775210941,0.011559757947384454,0,3
rf2_ex20,cka_low,frozen,late,sel_d,-0.10137258032729468,-0.3232672227835173,-0.3946710999155414,3,3
rf2_ex20,cka_low,frozen,middle,auc_all,-0.0014202539682539694,-0.013186473838918286,-0.013377407407407399,3,3
rf2_ex20,cka_low,frozen,middle,auc_hf,-0.001066386554621847,-0.011633820935781705,-0.0076195715323166225,3,3
rf2_ex20,cka_low,frozen,middle,auc_lf,-0.002151209677419344,-0.014425726802070903,-0.01922819593787336,3,3
rf2_ex20,cka_low,frozen,middle,auc_lf_hard,-0.0036090309779825947,-0.010168591530598702,-0.025403381371963362,3,3
rf2_ex20,cka_low,frozen,middle,auc_tok,-0.002148527368132393,-0.011063848671299467,-0.019501737492088778,3,3
rf2_ex20,cka_low,frozen,middle,d_all,-0.2598541720040788,-0.9820462425953146,-0.6720640500321509,3,3
rf2_ex20,cka_low,frozen,middle,sel_auc,0.001084823122797497,0.0027919058662891974,0.011608624405556735,0,3
rf2_ex20,cka_low,frozen,middle,sel_d,0.018639990142199588,-0.5511861981670944,-0.2611559776092308,2,3
rf2_ex20,cka_low,retrained,all,auc_all,-0.00011816835016834019,-0.0017727734487734414,-0.002718615873015883,3,3
rf2_ex20,cka_low,retrained,all,auc_hf,-9.172113289760327e-05,-0.00045564326740797477,-0.0012985583566759954,3,3
rf2_ex20,cka_low,retrained,all,auc_lf,5.0057021831201233e-05,-0.003846576362705406,-0.005023986175115201,2,3
rf2_ex20,cka_low,retrained,all,auc_lf_hard,7.899899532964004e-05,-0.005236189661592884,-0.005597590245775724,2,3
rf2_ex20,cka_low,retrained,all,auc_tok,-0.00010285205571017436,-0.002270880769961157,-0.003787287021937851,3,3
rf2_ex20,cka_low,retrained,all,d_all,-0.028633589615955315,-0.22888060606272198,-0.1708563995321016,3,3
rf2_ex20,cka_low,retrained,all,sel_auc,-0.00014177815472880449,0.0033909330952974315,0.003725427818439206,1,3
rf2_ex20,cka_low,retrained,all,sel_d,0.04363487250695005,0.058213261043180885,0.047398732303200505,0,3
rf2_ex20,cka_low,retrained,early,auc_all,5.333333333343293e-06,-0.0009354666666666604,-0.0017640098765432277,2,3
rf2_ex20,cka_low,retrained,early,auc_hf,-3.464052287581454e-05,-3.481481481482085e-05,-0.0005336819172113212,3,3
rf2_ex20,cka_low,retrained,early,auc_lf,0.00010282258064515937,-0.0022261200716845926,-0.0036452508960573516,2,3
rf2_ex20,cka_low,retrained,early,auc_lf_hard,2.8001792114693003e-05,-0.0030607825567503058,-0.005862953006770219,2,3
rf2_ex20,cka_low,retrained,early,auc_tok,-7.320167875843331e-06,-0.0012003291461765394,-0.0025774733336080694,3,3
rf2_ex20,cka_low,retrained,early,d_all,-0.0009366615059570593,-0.12796015048714457,-0.08064992300036342,3,3
rf2_ex20,cka_low,retrained,early,sel_auc,-0.0001374631035209739,0.0021913052568697717,0.0031115689788460306,1,3
rf2_ex20,cka_low,retrained,early,sel_d,-0.006468995360213059,0.10674064959629714,0.08458670057103042,1,3
rf2_ex20,cka_low,retrained,late,auc_all,-0.0001930793650793524,-0.0029271534391534307,-0.0036884938271605047,3,3
rf2_ex20,cka_low,retrained,late,auc_hf,-4.117647058824093e-05,-0.0009679012345678986,-0.0023327160493826996,3,3
rf2_ex20,cka_low,retrained,late,auc_lf,3.2162058371710536e-05,-0.005978693747510969,-0.006292786738351245,2,3
rf2_ex20,cka_low,retrained,late,auc_lf_hard,0.00029641897081412235,-0.008219666799415892,-0.006385497560732758,2,3
rf2_ex20,cka_low,retrained,late,auc_tok,2.9396864644269866e-05,-0.0037495237004778873,-0.0051488762325944265,2,3
rf2_ex20,cka_low,retrained,late,d_all,-0.05323049580878697,-0.2851653159053546,-0.23463921702106916,3,3
rf2_ex20,cka_low,retrained,late,sel_auc,-7.333852895995146e-05,0.00501079251294307,0.003960070688968545,1,3
rf2_ex20,cka_low,retrained,late,sel_d,0.10430748241361898,0.04410102859633024,-0.04192661116337232,1,3
rf2_ex20,cka_low,retrained,middle,auc_all,-0.00018958730158729383,-0.0015638518518518451,-0.0028222469135802467,3,3
rf2_ex20,cka_low,retrained,middle,auc_hf,-0.00021241830065359124,-0.00041500847252481243,-0.0011247639796659395,3,3
rf2_ex20,cka_low,retrained,middle,auc_lf,-1.843317972351805e-05,-0.003544973544973558,-0.005305480884109905,3,3
rf2_ex20,cka_low,retrained,middle,auc_lf_hard,-0.00019361239119302612,-0.004711412641520164,-0.004508755227001185,3,3
rf2_ex20,cka_low,retrained,middle,auc_tok,-0.0003514842511816738,-0.0020054099205710787,-0.00378519768325936,3,3
rf2_ex20,cka_low,retrained,middle,d_all,-0.034010949549860336,-0.2863021290174453,-0.2084228149370926,3,3
rf2_ex20,cka_low,retrained,middle,sel_auc,-0.0001939851209300732,0.0031299650724487455,0.004180716904443965,1,3
rf2_ex20,cka_low,retrained,middle,sel_d,0.03596912482478988,0.01779603889546853,0.09482385489938311,0,3
rf2_ex20,fidelity_high,frozen,all,auc_all,-0.004125663299663298,-0.00841216161616161,-0.005185225396825398,3,3
rf2_ex20,fidelity_high,frozen,all,auc_hf,-0.0032620716973658023,-0.006089879183996831,-0.0035392679738562114,3,3
rf2_ex20,fidelity_high,frozen,all,auc_lf,-0.005641210492016938,-0.010902894148861898,-0.0070721505376344085,3,3
rf2_ex20,fidelity_high,frozen,all,auc_lf_hard,-0.006397221543390912,-0.005772587627426337,-0.0037322708653353665,3,3
rf2_ex20,fidelity_high,frozen,all,auc_tok,-0.005196678369076455,-0.007457937146965747,-0.005904860823554908,3,3
rf2_ex20,fidelity_high,frozen,all,d_all,-0.5354336781166913,-0.5341890540806754,-0.5464454691540175,3,3
rf2_ex20,fidelity_high,frozen,all,sel_auc,0.002379138794651136,0.004813014964865066,0.0035328825637781966,0,3
rf2_ex20,fidelity_high,frozen,all,sel_d,-0.11125755477181884,-0.28482142529800597,-0.13299998803362043,3,3
rf2_ex20,fidelity_high,frozen,early,auc_all,-0.0007716666666666774,-0.0011355111111111102,-0.0020496987654320953,3,3
rf2_ex20,fidelity_high,frozen,early,auc_hf,-0.00047679738562089735,-0.000603050108932468,-0.001157037037037041,3,3
rf2_ex20,fidelity_high,frozen,early,auc_lf,-0.0011428091397849352,-0.0016396057347670236,-0.0029207586618876864,3,3
rf2_ex20,fidelity_high,frozen,early,auc_lf_hard,-0.0020063284050179375,-0.0009767025089605734,-0.001265681003584212,3,3
rf2_ex20,fidelity_high,frozen,early,auc_tok,-0.0007149363958746727,-0.00099325402519251,-0.002399378674890507,3,3
rf2_ex20,fidelity_high,frozen,early,d_all,-0.21954295266003926,-0.12249389915379628,-0.30274112554714455,3,3
rf2_ex20,fidelity_high,frozen,early,sel_auc,0.0006660117541640379,0.0010365556258345556,0.0017637216248506452,0,3
rf2_ex20,fidelity_high,frozen,early,sel_d,-0.054747318753158414,-0.055137363774861926,-0.07701609561380199,3,3
rf2_ex20,fidelity_high,frozen,late,auc_all,-0.007660666666666655,-0.012046589065255716,-0.009167629629629644,3,3
rf2_ex20,fidelity_high,frozen,late,auc_hf,-0.005961531279178329,-0.009440675035446277,-0.006707806826434274,3,3
rf2_ex20,fidelity_high,frozen,late,auc_lf,-0.010726382488479257,-0.015261278944074655,-0.012631608422939061,3,3
rf2_ex20,fidelity_high,frozen,late,auc_lf_hard,-0.011215917818740408,-0.007199749672867951,-0.006637513689765019,3,3
rf2_ex20,fidelity_high,frozen,late,auc_tok,-0.010227552647112144,-0.011220481421230152,-0.010700741660784479,3,3
rf2_ex20,fidelity_high,frozen,late,d_all,-0.7266163335958301,-0.7519786109111974,-0.6686978927993895,3,3
rf2_ex20,fidelity_high,frozen,late,sel_auc,0.004764851209300926,0.005820603908628379,0.005923801596504788,0,3
rf2_ex20,fidelity_high,frozen,late,sel_d,-0.1401751201558713,-0.4168880454951571,-0.2710868756132247,3,3
rf2_ex20,fidelity_high,frozen,middle,auc_all,-0.00421860317460317,-0.013053253380364482,-0.004720987654320982,3,3
rf2_ex20,fidelity_high,frozen,middle,auc_hf,-0.0035619981325863575,-0.008972438358059266,-0.0030443355119825774,3,3
rf2_ex20,fidelity_high,frozen,middle,auc_lf,-0.005400825652841785,-0.017082750184900734,-0.006167488052568711,3,3
rf2_ex20,fidelity_high,frozen,middle,auc_lf_hard,-0.006372407834101397,-0.009808153647759384,-0.0035706951911588882,3,3
rf2_ex20,fidelity_high,frozen,middle,auc_tok,-0.005002230908305014,-0.011044213501722328,-0.005043366153685754,3,3
rf2_ex20,fidelity_high,frozen,middle,d_all,-0.683112479733043,-0.7819207492350797,-0.6969985765807879,3,3
rf2_ex20,fidelity_high,frozen,middle,sel_auc,0.0018388275202554272,0.008110311826841469,0.0031231525405861337,0,3
rf2_ex20,fidelity_high,frozen,middle,sel_d,-0.1451278610585397,-0.41169444014291146,-0.058054026366544775,3,3
rf2_ex20,fidelity_high,retrained,all,auc_all,-0.00030356902356901686,-0.0009479499759499732,-4.931682539683275e-05,3,3
rf2_ex20,fidelity_high,retrained,all,auc_hf,-0.00011921172509407817,-0.00041998698469286724,7.222408963585057e-05,2,3
rf2_ex20,fidelity_high,retrained,all,auc_lf,-0.0003563660801564066,-0.0015655111018014357,-0.00030844470046084065,3,3
rf2_ex20,fidelity_high,retrained,all,auc_lf_hard,-0.0006219792006082318,-0.002162780842216322,0.0001952124935995851,2,3
rf2_ex20,fidelity_high,retrained,all,auc_tok,-0.0005159609236129367,-0.001248965718462088,-0.00010388296088058833,3,3
rf2_ex20,fidelity_high,retrained,all,d_all,-0.03741900994815807,-0.07922885512981945,-0.007861382728695108,3,3
rf2_ex20,fidelity_high,retrained,all,sel_auc,0.0002371543550623284,0.0011455241171085685,0.0003806687900966912,0,3
rf2_ex20,fidelity_high,retrained,all,sel_d,0.0680533133207994,-0.05909829851586118,0.052301545296215335,1,3
rf2_ex20,fidelity_high,retrained,early,auc_all,-3.41111111111167e-05,-0.00010788148148148196,2.4049382716041638e-05,2,3
rf2_ex20,fidelity_high,retrained,early,auc_hf,-1.2745098039203262e-05,-8.204793028323091e-05,1.3333333333336806e-05,2,3
rf2_ex20,fidelity_high,retrained,early,auc_lf,3.0241935483968363e-06,-0.00011241039426523047,-9.832735961768923e-05,2,3
rf2_ex20,fidelity_high,retrained,early,auc_lf_hard,-0.00017921146953406297,-0.00016297043010752668,-0.00013316407805655115,3,3
rf2_ex20,fidelity_high,retrained,early,auc_tok,-1.5860363731003135e-05,-0.0001849001473983545,-8.568423790915294e-05,3,3
rf2_ex20,fidelity_high,retrained,early,d_all,-0.00575350451954082,-0.022352184720997592,0.03335964335096477,2,3
rf2_ex20,fidelity_high,retrained,early,sel_auc,-1.5769291587600098e-05,3.0362463981999565e-05,0.00011166069295102604,1,3
rf2_ex20,fidelity_high,retrained,early,sel_d,0.00881706325693854,-0.0057717390021576635,0.04902529232335668,1,3
rf2_ex20,fidelity_high,retrained,late,auc_all,-0.00045784126984124306,-0.0018558400940623181,-0.0003605308641975454,3,3
rf2_ex20,fidelity_high,retrained,late,auc_hf,-3.930905695613551e-05,-0.0007505066224020562,0.00035457516339868855,2,3
rf2_ex20,fidelity_high,retrained,late,auc_lf,-0.0006144393241167398,-0.0029055584001820727,-0.0013414725209080105,3,3
rf2_ex20,fidelity_high,retrained,late,auc_lf_hard,-0.0010864695340501796,-0.0044663006580569235,-0.00030304161688570006,3,3
rf2_ex20,fidelity_high,retrained,late,auc_tok,-0.0007831417695750656,-0.002361707154110291,-0.0005822091108757532,3,3
rf2_ex20,fidelity_high,retrained,late,d_all,-0.06863028627758505,-0.12754327512414199,-0.06532164412682054,3,3
rf2_ex20,fidelity_high,retrained,late,sel_auc,0.0005751302671606043,0.002155051777780017,0.0016960476843066992,0,3
rf2_ex20,fidelity_high,retrained,late,sel_d,0.13478857069690023,-0.1256695542806344,0.032055892045020955,1,3
rf2_ex20,fidelity_high,retrained,middle,auc_all,-0.000460825396825396,-0.00099418224573779,0.00018053086419753117,2,3
rf2_ex20,fidelity_high,retrained,middle,auc_hf,-0.00032969187675069484,-0.0004696199467441142,-0.00014186637618011303,3,3
rf2_ex20,fidelity_high,retrained,middle,auc_lf,-0.0005288018433179982,-0.001877026796381657,0.00048823924731180673,2,3
rf2_ex20,fidelity_high,retrained,middle,auc_lf_hard,-0.0007568484383000336,-0.002137736815156164,0.0010682683691756079,2,3
rf2_ex20,fidelity_high,retrained,middle,auc_tok,-0.0008167215872912498,-0.0013466482558482458,0.0003552677613623938,2,3
rf2_ex20,fidelity_high,retrained,middle,d_all,-0.04003450346523716,-0.09553704559196374,0.0036975274324631633,2,3
rf2_ex20,fidelity_high,retrained,middle,sel_auc,0.00019910996656730335,0.0014074068496375425,-0.0006301056234919198,1,3
rf2_ex20,fidelity_high,retrained,middle,sel_d,0.06420987445675642,-0.052383209328848566,0.07650484842758043,1,3
rf2_ex20,full,frozen,all,auc_all,-0.03634353535353536,-0.0599704377104377,-0.05311181333333333,3,3
rf2_ex20,full,frozen,all,auc_hf,-0.024009447415329774,-0.05057152477152477,-0.039728873949579836,3,3
rf2_ex20,full,frozen,all,auc_lf,-0.05138892961876833,-0.06907617651166038,-0.06756864823348696,3,3
rf2_ex20,full,frozen,all,auc_lf_hard,-0.06058213180188986,-0.062197823084919855,-0.06378894649257552,3,3
rf2_ex20,full,frozen,all,auc_tok,-0.042889036113814075,-0.06064296948589241,-0.06024531660653114,3,3
rf2_ex20,full,frozen,all,d_all,-1.4249385469616098,-1.6157045718976424,-1.4229387171732482,3,3
rf2_ex20,full,frozen,all,sel_auc,0.02737948220343856,0.018504651740135623,0.027839774283907118,0,3
rf2_ex20,full,frozen,all,sel_d,-0.12763050048099944,-0.47923937459845867,-0.299765605312944,3,3
rf2_ex20,full,frozen,early,auc_all,-0.0066478888888889046,-0.006979244444444439,-0.01702481975308642,3,3
rf2_ex20,full,frozen,early,auc_hf,-0.003730392156862744,-0.00482753812636166,-0.00898367465504721,3,3
rf2_ex20,full,frozen,early,auc_lf,-0.010512096774193555,-0.009721012544802878,-0.02660707885304661,3,3
rf2_ex20,full,frozen,early,auc_lf_hard,-0.011771953405017917,-0.00840091099163679,-0.030449522102747904,3,3
rf2_ex20,full,frozen,early,auc_tok,-0.006757328301395721,-0.005967133210718769,-0.022598403584912215,3,3
rf2_ex20,full,frozen,early,d_all,-0.760879676891447,-0.6183653120339108,-0.7560084450933409,3,3
rf2_ex20,full,frozen,early,sel_auc,0.006781704617330811,0.004893474418441218,0.017623404197999397,0,3
rf2_ex20,full,frozen,early,sel_d,-0.15974243465400645,-0.19660477012748753,-0.16003597274723957,3,3
rf2_ex20,full,frozen,late,auc_all,-0.0797456507936508,-0.13986138977072307,-0.10273212345679011,3,3
rf2_ex20,full,frozen,late,auc_hf,-0.05454640522875818,-0.11918359442542448,-0.08945915032679738,3,3
rf2_ex20,full,frozen,late,auc_lf,-0.11006998847926268,-0.1562730272515219,-0.11569377240143369,3,3
rf2_ex20,full,frozen,late,auc_lf_hard,-0.12932547683051715,-0.14589745595569967,-0.10082823078454797,3,3
rf2_ex20,full,frozen,late,auc_tok,-0.09482673278831005,-0.1486729144464949,-0.10729841392646745,3,3
rf2_ex20,full,frozen,late,d_all,-2.0600249158139277,-2.5037324580936415,-1.9365318092646784,3,3
rf2_ex20,full,frozen,late,sel_auc,0.0555235832505045,0.037089432826097404,0.026234622074636307,0,3
rf2_ex20,full,frozen,late,sel_d,-0.06450713681838516,-0.7351492883955849,-0.4969811317261208,3,3
rf2_ex20,full,frozen,middle,auc_all,-0.024943492063492056,-0.039685389770723105,-0.04401176543209876,3,3
rf2_ex20,full,frozen,middle,auc_hf,-0.01568963585434174,-0.03344662309368191,-0.02454310094408135,3,3
rf2_ex20,full,frozen,middle,auc_lf,-0.036373079877112136,-0.04859742845764351,-0.06540300179211471,3,3
rf2_ex20,full,frozen,middle,auc_lf_hard,-0.04436283922171018,-0.038905364017371186,-0.06411025861210673,3,3
rf2_ex20,full,frozen,middle,auc_tok,-0.02966376028890263,-0.03401825912032921,-0.055455183656632996,3,3
rf2_ex20,full,frozen,middle,d_all,-1.5075371414418712,-1.846763255444132,-1.6556214175559836,3,3
rf2_ex20,full,frozen,middle,sel_auc,0.020683444022770395,0.015150805363961602,0.04085990084803336,0,3
rf2_ex20,full,frozen,middle,sel_d,-0.1587405969138106,-0.5412606948160398,-0.2597695047751555,3,3
rf2_ex20,full,retrained,all,auc_all,-0.00043173063973063935,-0.0045696354016353915,-0.003804895238095237,3,3
rf2_ex20,full,retrained,all,auc_hf,0.0001609823727470762,-0.0009285968933027807,-0.001036261437908503,2,3
rf2_ex20,full,retrained,all,auc_lf,-0.0010609726295210137,-0.009878502769631816,-0.008152177419354844,3,3
rf2_ex20,full,retrained,all,auc_lf_hard,-7.153185076572903e-05,-0.011298080652919372,-0.009248639912954423,3,3
rf2_ex20,full,retrained,all,auc_tok,-0.000721812917212598,-0.005996016579674923,-0.005417910861664592,3,3
rf2_ex20,full,retrained,all,d_all,-0.0395251956030037,-0.47426673232212263,-0.17795044820090514,3,3
rf2_ex20,full,retrained,all,sel_auc,0.0012219550022680898,0.008949905876329036,0.00711591598144634,0,3
rf2_ex20,full,retrained,all,sel_d,0.11846286758782126,0.0639966052872476,0.13570355136973059,0,3
rf2_ex20,full,retrained,early,auc_all,-0.00019288888888889522,-0.0011564148148148082,-0.002164049382716059,3,3
rf2_ex20,full,retrained,early,auc_hf,-5.032679738563306e-05,-2.7102396514178122e-05,-0.0005001016702977577,3,3
rf2_ex20,full,retrained,early,auc_lf,-0.00038911290322580366,-0.0028427419354838776,-0.004923954599761055,3,3
rf2_ex20,full,retrained,early,auc_lf_hard,-0.0001400089605734789,-0.0036865292712066947,-0.008058666865790516,3,3
rf2_ex20,full,retrained,early,auc_tok,-0.0002557991996616493,-0.0013515863802181728,-0.003025743535273734,3,3
rf2_ex20,full,retrained,early,d_all,-0.042419949106587806,-0.1685560298648051,-0.07966705988005926,3,3
rf2_ex20,full,retrained,early,sel_auc,0.0003387861058401706,0.0028156395389697,0.004423852929463298,0,3
rf2_ex20,full,retrained,early,sel_d,0.006328761435275887,0.1385397059682253,0.13131050941317418,0,3
rf2_ex20,full,retrained,late,auc_all,-0.0008614285714285666,-0.009759689594356235,-0.006185728395061722,3,3
rf2_ex20,full,retrained,late,auc_hf,0.0002436041083099884,-0.002257246602344645,-0.0022077342047930218,2,3
rf2_ex20,full,retrained,late,auc_lf,-0.001831797235023035,-0.02053695169824203,-0.012235999103942645,3,3
rf2_ex20,full,retrained,late,auc_lf_hard,-0.001316084229390704,-0.022565829398266683,-0.01055076413779369,3,3
rf2_ex20,full,retrained,late,auc_tok,-0.0014693784596507753,-0.013170712719386787,-0.008996219094395838,3,3
rf2_ex20,full,retrained,late,d_all,-0.08979209869562123,-0.7494111503303595,-0.2641754919645709,3,3
rf2_ex20,full,retrained,late,sel_auc,0.002075401343333023,0.018279705095897388,0.010028264899149623,0,3
rf2_ex20,full,retrained,late,sel_d,0.21810723047763406,0.012101441151908365,0.0729649170382176,0,3
rf2_ex20,full,retrained,middle,auc_all,-0.00024295238095237742,-0.003220975896531454,-0.0032697777777777703,3,3
rf2_ex20,full,retrained,middle,auc_hf,0.00030756302521009075,-0.0006181830756994085,-0.00046742919389979813,2,3
rf2_ex20,full,retrained,middle,auc_lf,-0.0009792626728110615,-0.007132047562155112,-0.007699223416965368,3,3
rf2_ex20,full,retrained,middle,auc_lf_hard,0.0012044770865335416,-0.00858614951356888,-0.009284616437674238,2,3
rf2_ex20,full,retrained,middle,auc_tok,-0.0004603572241923319,-0.0040489169012707035,-0.004530130506772353,3,3
rf2_ex20,full,retrained,middle,d_all,0.017555973702547203,-0.5417780474955225,-0.20239279316212783,2,3
rf2_ex20,full,retrained,middle,sel_auc,0.0012868256980211523,0.006513864486455703,0.00723179422306557,0,3
rf2_ex20,full,retrained,middle,sel_d,0.13850855038840976,0.03220795068198582,0.203394859668025,0,3
rf2_ex20,kvdist_high,frozen,all,auc_all,-0.0165599393939394,-0.003090905242905242,-0.006048300952380954,3,3
rf2_ex20,kvdist_high,frozen,all,auc_hf,-0.01100340661517132,-0.0021965028435616675,-0.004741478991596642,3,3
rf2_ex20,kvdist_high,frozen,all,auc_lf,-0.024891638155751076,-0.004423928222315334,-0.007918321812596005,3,3
rf2_ex20,kvdist_high,frozen,all,auc_lf_hard,-0.03249353413163897,-0.004695112608419058,-0.004356038786482329,3,3
rf2_ex20,kvdist_high,frozen,all,auc_tok,-0.021063795386273183,-0.0035910526042662737,-0.0065283754758714875,3,3
rf2_ex20,kvdist_high,frozen,all,d_all,-1.1329092109244696,-0.35322806506337706,-0.5723622713745591,3,3
rf2_ex20,kvdist_high,frozen,all,sel_auc,0.013888231540579755,0.0022274253787536668,0.003176842820999363,0,3
rf2_ex20,kvdist_high,frozen,all,sel_d,-0.11952675824260728,-0.17926854447139765,-0.20955011940285836,3,3
rf2_ex20,kvdist_high,frozen,early,auc_all,-0.004691000000000015,-0.0011618222222222242,-0.000790143209876537,3,3
rf2_ex20,kvdist_high,frozen,early,auc_hf,-0.0026816993464052266,-0.0007962962962963015,-0.0007439651416122029,3,3
rf2_ex20,kvdist_high,frozen,early,auc_lf,-0.007381384408602164,-0.0018019713261648862,-0.0008505973715651168,3,3
rf2_ex20,kvdist_high,frozen,early,auc_lf_hard,-0.00696824596774194,-0.002200940860215052,0.00027665770609318693,2,3
rf2_ex20,kvdist_high,frozen,early,auc_tok,-0.004556804502716609,-0.0013983820965350372,-0.0008195237768848513,3,3
rf2_ex20,kvdist_high,frozen,early,d_all,-0.6701673040863789,-0.1758738585374339,-0.18252376629380979,3,3
rf2_ex20,kvdist_high,frozen,early,sel_auc,0.004699685062196937,0.0010056750298685847,0.00010663222995291384,0,3
rf2_ex20,kvdist_high,frozen,early,sel_d,-0.13307713862054638,-0.08164190808551176,-0.13227438643180384,3,3
rf2_ex20,kvdist_high,frozen,late,auc_all,-0.031133079365079364,-0.006062908877131097,-0.013260222222222229,3,3
rf2_ex20,kvdist_high,frozen,late,auc_hf,-0.02233380018674138,-0.004350824774354192,-0.010075054466230936,3,3
rf2_ex20,kvdist_high,frozen,late,auc_lf,-0.04558861367127498,-0.008196506798657348,-0.018031623357228185,3,3
rf2_ex20,kvdist_high,frozen,late,auc_lf_hard,-0.0629384280593958,-0.008434080521894134,-0.009644283900836308,3,3
rf2_ex20,kvdist_high,frozen,late,auc_tok,-0.040674687091871595,-0.0069755233980479435,-0.014080220941385049,3,3
rf2_ex20,kvdist_high,frozen,late,d_all,-1.5301294598996562,-0.5130395822878221,-0.8793604871210765,3,3
rf2_ex20,kvdist_high,frozen,late,sel_auc,0.0232548134845336,0.0038456820243031563,0.007956568890997249,0,3
rf2_ex20,kvdist_high,frozen,late,sel_d,-0.1301939423899412,-0.23530463819839068,-0.3609382780728737,3,3
rf2_ex20,kvdist_high,frozen,middle,auc_all,-0.01460857142857144,-0.0022903985890652527,-0.004705777777777783,3,3
rf2_ex20,kvdist_high,frozen,middle,auc_hf,-0.008375350140056005,-0.0016174845246740564,-0.0038736746550472145,3,3
rf2_ex20,kvdist_high,frozen,middle,auc_lf,-0.022935099846390184,-0.003603174603174624,-0.0056880973715651185,3,3
rf2_ex20,kvdist_high,frozen,middle,auc_lf_hard,-0.02999791986687147,-0.003774226735696272,-0.004214114147749893,3,3
rf2_ex20,kvdist_high,frozen,middle,auc_tok,-0.019282832695820283,-0.0026739719159791495,-0.005352078418672213,3,3
rf2_ex20,kvdist_high,frozen,middle,d_all,-1.2302971644770064,-0.392670653653165,-0.7003152652698289,3,3
rf2_ex20,kvdist_high,frozen,middle,sel_auc,0.01455974970633418,0.0019856900785005685,0.0018144227165179045,0,3
rf2_ex20,kvdist_high,frozen,middle,sel_d,-0.08897262474992862,-0.2331348192357201,-0.14494570668351942,3,3
rf2_ex20,kvdist_high,retrained,all,auc_all,-0.0008312323232323234,-0.0008295796055795985,0.0001470793650793564,2,3
rf2_ex20,kvdist_high,retrained,all,auc_hf,0.0001634581105169392,-0.00017909628497863643,0.00016074696545284158,1,3
rf2_ex20,kvdist_high,retrained,all,auc_lf,-0.0017258675464320678,-0.0016499499604338403,0.00012488863287249906,2,3
rf2_ex20,kvdist_high,retrained,all,auc_lf_hard,-0.0005035231345715226,-0.002492692865676735,0.0008052195340501778,2,3
rf2_ex20,kvdist_high,retrained,all,auc_tok,-0.0013886629577816079,-0.0011340957413378194,0.00022551608770683055,2,3
rf2_ex20,kvdist_high,retrained,all,d_all,-0.13316653743738582,-0.1235275997257443,-0.006019240131364475,3,3
rf2_ex20,kvdist_high,retrained,all,sel_auc,0.0018893256569490072,0.001470853675455204,3.585833258034249e-05,0,3
rf2_ex20,kvdist_high,retrained,all,sel_d,0.089232182138742,0.042222480267087886,0.06336416415623614,0,3
rf2_ex20,kvdist_high,retrained,early,auc_all,-0.00021633333333334615,-0.0005026370370370366,3.2493827160430294e-06,2,3
rf2_ex20,kvdist_high,retrained,early,auc_hf,-5.6535947712425816e-05,-4.596949891067699e-05,-4.888888888889337e-05,3,3
rf2_ex20,kvdist_high,retrained,early,auc_lf,-0.0004707661290322615,-0.0010679659498207946,-5.908004778972797e-05,3,3
rf2_ex20,kvdist_high,retrained,early,auc_lf_hard,-0.000263216845878142,-0.0014826015531660762,-0.0003011748307447203,3,3
rf2_ex20,kvdist_high,retrained,early,auc_tok,-0.00034282786218565314,-0.0005798646891807831,-9.34924169767284e-05,3,3
rf2_ex20,kvdist_high,retrained,early,d_all,-0.025078485383311533,-0.0659319203128544,-0.005076706746952291,3,3
rf2_ex20,kvdist_high,retrained,early,sel_auc,0.0004142301813198357,0.0010219964509101175,1.01911589008346e-05,0,3
rf2_ex20,kvdist_high,retrained,early,sel_d,0.0255930399746353,0.05647345648074482,0.012601153380954857,0,3
rf2_ex20,kvdist_high,retrained,late,auc_all,-0.0017033015873015788,-0.001327172251616682,0.00019740740740739615,2,3
rf2_ex20,kvdist_high,retrained,late,auc_hf,0.0003970121381886175,-0.00022713282844001383,0.0006673565722585339,1,3
rf2_ex20,kvdist_high,retrained,late,auc_lf,-0.003468221966205837,-0.002650025601638521,-0.00022812126642771796,3,3
rf2_ex20,kvdist_high,retrained,late,auc_lf_hard,-0.0019345238095238126,-0.003983899414006927,0.0013638428414974244,2,3
rf2_ex20,kvdist_high,retrained,late,auc_tok,-0.0025262712691544375,-0.001908959483017364,0.00040151837711500937,2,3
rf2_ex20,kvdist_high,retrained,late,d_all,-0.2784371318009313,-0.1605259321917787,-0.013633178537404405,3,3
rf2_ex20,kvdist_high,retrained,late,sel_auc,0.0038652341043944544,0.0024228927731985077,0.0008954778386862518,0,3
rf2_ex20,kvdist_high,retrained,late,sel_d,0.13913889736949953,0.0404995042902729,0.10965058598654487,0,3
rf2_ex20,kvdist_high,retrained,middle,auc_all,-0.0005793650793650744,-0.000698591416813631,0.0002578641975308555,2,3
rf2_ex20,kvdist_high,retrained,middle,auc_hf,0.00016722689075631642,-0.0002798353909464996,-0.00010962236746552001,2,3
rf2_ex20,kvdist_high,retrained,middle,auc_lf,-0.0012595046082949446,-0.0013010468225522036,0.0006826836917562606,2,3
rf2_ex20,kvdist_high,retrained,middle,auc_lf_hard,0.0005640360983102983,-0.002127069465779145,0.0014876729888490437,1,3
rf2_ex20,kvdist_high,retrained,middle,auc_tok,-0.0013221617501475475,-0.0009825521676088344,0.0004065993089362629,2,3
rf2_ex20,kvdist_high,retrained,middle,d_all,-0.1014336155705681,-0.151134320922142,0.0005364094228500517,2,3
rf2_ex20,kvdist_high,retrained,middle,sel_auc,0.0014267314990512611,0.0010212114316057038,-0.0007923060592217806,1,3
rf2_ex20,kvdist_high,retrained,middle,sel_d,0.10718948564053166,0.028054040186999373,0.0738800300221114,0,3
rf2_ex20,kvdist_low,frozen,all,auc_all,-0.0027434343434343473,-0.00904677441077441,-0.024307099682539676,3,3
rf2_ex20,kvdist_low,frozen,all,auc_hf,-0.0015737967914438535,-0.007804493110375458,-0.013822065359477125,3,3
rf2_ex20,kvdist_low,frozen,all,auc_lf,-0.004154366243075923,-0.010674940650747112,-0.035971977726574504,3,3
rf2_ex20,kvdist_low,frozen,all,auc_lf_hard,-0.008276396356033448,-0.006630097053484146,-0.03937591205837173,3,3
rf2_ex20,kvdist_low,frozen,all,auc_tok,-0.003358256409953063,-0.007821675604700012,-0.032432494915281156,3,3
rf2_ex20,kvdist_low,frozen,all,d_all,-0.2747738029306451,-0.6741843615963453,-0.7614004558307138,3,3
rf2_ex20,kvdist_low,frozen,all,sel_auc,0.0025805694516320694,0.002870447540371654,0.022149912367097378,0,3
rf2_ex20,kvdist_low,frozen,all,sel_d,-0.029060609164964137,-0.3737256885876847,-0.18847929886288872,3,3
rf2_ex20,kvdist_low,frozen,early,auc_all,-0.00020855555555555905,-0.002075970370370366,-0.01404957037037037,3,3
rf2_ex20,kvdist_low,frozen,early,auc_hf,-0.00011111111111111044,-0.0011111982570806153,-0.007697864923747279,3,3
rf2_ex20,kvdist_low,frozen,early,auc_lf,-0.0003380376344086014,-0.0032329301075268778,-0.02204665471923538,3,3
rf2_ex20,kvdist_low,frozen,early,auc_lf_hard,-0.00030941980286738197,-0.0032640755675029816,-0.02707885304659499,3,3
rf2_ex20,kvdist_low,frozen,early,auc_tok,-0.0001630770732342149,-0.002224617264303947,-0.01852852099900024,3,3
rf2_ex20,kvdist_low,frozen,early,d_all,-0.03393693735451625,-0.2666442155811636,-0.48465670823630375,3,3
rf2_ex20,kvdist_low,frozen,early,sel_auc,0.00022692652329749097,0.0021217318504462624,0.0143487897954881,0,3
rf2_ex20,kvdist_low,frozen,early,sel_d,-0.025761693914048645,-0.0651593700615546,-0.1202959273215379,3,3
rf2_ex20,kvdist_low,frozen,late,auc_all,-0.006294857142857142,-0.02008038565549676,-0.035806876543209874,3,3
rf2_ex20,kvdist_low,frozen,late,auc_hf,-0.0033123249299720054,-0.0195714078223882,-0.021639215686274495,3,3
rf2_ex20,kvdist_low,frozen,late,auc_lf,-0.00999807987711214,-0.021363713944359135,-0.05114867084826762,3,3
rf2_ex20,kvdist_low,frozen,late,auc_lf_hard,-0.022130616359447002,-0.012540417401528508,-0.050853899093986445,3,3
rf2_ex20,kvdist_low,frozen,late,auc_tok,-0.008350336262949724,-0.01633946330214413,-0.04720304100706363,3,3
rf2_ex20,kvdist_low,frozen,late,d_all,-0.5450398472473885,-1.0816904299801295,-0.9504005723066107,3,3
rf2_ex20,kvdist_low,frozen,late,sel_auc,0.006685754947140134,0.0017923061219709327,0.029509455161993128,0,3
rf2_ex20,kvdist_low,frozen,late,sel_d,0.044165246328694896,-0.6595164177303371,-0.17969977965529163,2,3
rf2_ex20,kvdist_low,frozen,middle,auc_all,-0.0019827301587301677,-0.0059204609053498,-0.024341679012345668,3,3
rf2_ex20,kvdist_low,frozen,middle,auc_hf,-0.001476003734827258,-0.003629173150741768,-0.012891648511256366,3,3
rf2_ex20,kvdist_low,frozen,middle,auc_lf,-0.0024585253456221234,-0.008426807760141096,-0.03645191158900836,3,3
rf2_ex20,kvdist_low,frozen,middle,auc_lf_hard,-0.002955389144905261,-0.004554365553469492,-0.04171971450617283,3,3
rf2_ex20,kvdist_low,frozen,middle,auc_tok,-0.001865597070073761,-0.005647578590197586,-0.03329573496357415,3,3
rf2_ex20,kvdist_low,frozen,middle,d_all,-0.27390084301839257,-0.7259586714264318,-0.8830277220523688,3,3
rf2_ex20,kvdist_low,frozen,middle,sel_auc,0.0009825216107948653,0.004797634609399329,0.023560263077751997,0,3
rf2_ex20,kvdist_low,frozen,middle,sel_d,-0.10828807697483728,-0.43540727408577434,-0.27373629851247605,3,3
rf2_ex20,kvdist_low,retrained,all,auc_all,-4.4047138047138465e-05,-0.0012598422318422238,-0.003560629841269851,3,3
rf2_ex20,kvdist_low,retrained,all,auc_hf,-6.991483462073789e-06,-0.00045178960473078543,-0.0011081269841269812,3,3
rf2_ex20,kvdist_low,retrained,all,auc_lf,-9.742587161942258e-05,-0.002772773821160928,-0.007500625960061447,3,3
rf2_ex20,kvdist_low,retrained,all,auc_lf_hard,-0.0003206629466710111,-0.0033943020838182107,-0.008669002816180233,3,3
rf2_ex20,kvdist_low,retrained,all,auc_tok,6.366327819300061e-05,-0.0016045657293716946,-0.004762491651934388,2,3
rf2_ex20,kvdist_low,retrained,all,d_all,0.046339202373805004,-0.18340485169950957,-0.20032137551058316,2,3
rf2_ex20,kvdist_low,retrained,all,sel_auc,9.043438815734879e-05,0.0023209842164301424,0.006392498975934466,0,3
rf2_ex20,kvdist_low,retrained,all,sel_d,0.038832368864675185,-0.03390577639865929,0.1021438388360294,1,3
rf2_ex20,kvdist_low,retrained,early,auc_all,-4.433333333334066e-05,-0.0004403851851851844,-0.0020764049382716245,3,3
rf2_ex20,kvdist_low,retrained,early,auc_hf,-2.0261437908494773e-05,-4.283224400872717e-05,-0.00043520697167755606,3,3
rf2_ex20,kvdist_low,retrained,early,auc_lf,-9.00537634408588e-05,-0.0011116487455197167,-0.0046291218637992855,3,3
rf2_ex20,kvdist_low,retrained,early,auc_lf_hard,-3.220206093190042e-05,-0.0014303315412186341,-0.007403673835125451,3,3
rf2_ex20,kvdist_low,retrained,early,auc_tok,-4.188762728958573e-05,-0.0005470370322058844,-0.002864871883068171,3,3
rf2_ex20,kvdist_low,retrained,early,d_all,0.009231610571175608,-0.07715418619285214,-0.09332684437170331,2,3
rf2_ex20,kvdist_low,retrained,early,sel_auc,6.979232553236403e-05,0.0010688165015109894,0.00419391489212173,0,3
rf2_ex20,kvdist_low,retrained,early,sel_d,-0.009637472392067026,0.04119466102450644,0.10624478540088637,1,3
rf2_ex20,kvdist_low,retrained,late,auc_all,-0.00013971428571427872,-0.0023455567313344964,-0.004869851851851864,3,3
rf2_ex20,kvdist_low,retrained,late,auc_hf,2.474323062556593e-05,-0.001058173392813914,-0.0020057734204793035,2,3
rf2_ex20,kvdist_low,retrained,late,auc_lf,-0.0002747695852534529,-0.0047808784206633806,-0.009627538829151733,3,3
rf2_ex20,kvdist_low,retrained,late,auc_lf_hard,-0.001017265104966731,-0.005328341013824871,-0.0086668657905217,3,3
rf2_ex20,kvdist_low,retrained,late,auc_tok,0.00017672976728837816,-0.002954385603120982,-0.006602890411822201,2,3
rf2_ex20,kvdist_low,retrained,late,d_all,0.04685696182020394,-0.2870697612385205,-0.23658760896373632,2,3
rf2_ex20,kvdist_low,retrained,late,sel_auc,0.00029951281587901885,0.003722705027849466,0.007621765408672429,0,3
rf2_ex20,kvdist_low,retrained,late,sel_d,0.08622656032737949,-0.1054024266336608,0.053572821898231954,1,3
rf2_ex20,kvdist_low,retrained,middle,auc_all,3.873015873015869e-05,-0.0011051663727219164,-0.003920567901234566,2,3
rf2_ex20,kvdist_low,retrained,middle,auc_hf,-3.6974789915957184e-05,-0.0003070857972818766,-0.000966085693536668,3,3
rf2_ex20,kvdist_low,retrained,middle,auc_lf,5.26113671274832e-05,-0.002653325368379145,-0.008603718637992837,2,3
rf2_ex20,kvdist_low,retrained,middle,auc_lf_hard,2.2401433691770262e-05,-0.0037023999165576335,-0.010092001443647941,2,3
rf2_ex20,kvdist_low,retrained,middle,auc_tok,3.950566790141988e-05,-0.0014592485341086243,-0.005056504260164547,2,3
rf2_ex20,kvdist_low,retrained,middle,d_all,0.0873267412530755,-0.1993390864155226,-0.2843296152680889,2,3
rf2_ex20,kvdist_low,retrained,middle,sel_auc,-8.958615704344038e-05,0.002346239571097269,0.00763763294445617,1,3
rf2_ex20,kvdist_low,retrained,middle,sel_d,0.045271125199242965,-0.04660414022897532,0.14614715694719227,1,3
rf2_ex20,kvsharer_dissimilar,frozen,all,auc_all,-0.002494006734006727,-0.002225115921115916,-0.0024742780952380964,3,3
rf2_ex20,kvsharer_dissimilar,frozen,all,auc_hf,-0.0017857991681521016,-0.001578422884305232,-0.0020087992530345455,3,3
rf2_ex20,kvsharer_dissimilar,frozen,all,auc_lf,-0.0037055637015314478,-0.003500151282409355,-0.0032407987711213578,3,3
rf2_ex20,kvsharer_dissimilar,frozen,all,auc_lf_hard,-0.004216136499402634,-0.0026889963381898814,-0.003514848950332819,3,3
rf2_ex20,kvsharer_dissimilar,frozen,all,auc_tok,-0.003323750568114037,-0.002245872515754987,-0.0029124934154589484,3,3
rf2_ex20,kvsharer_dissimilar,frozen,all,d_all,-0.3603388474704853,-0.22112013810278267,-0.3358045663441188,3,3
rf2_ex20,kvsharer_dissimilar,frozen,all,sel_auc,0.001919764533379346,0.001921728398104123,0.0012319995180868123,0,3
rf2_ex20,kvsharer_dissimilar,frozen,all,sel_d,-0.10616563715805255,-0.042431100736710546,-0.18037968299523072,3,3
rf2_ex20,kvsharer_dissimilar,frozen,early,auc_all,-0.0008635555555555757,-0.0002488888888888874,-0.0006573333333333431,3,3
rf2_ex20,kvsharer_dissimilar,frozen,early,auc_hf,-0.0003764705882352906,-0.00012723311546840587,-0.0004047058823529404,3,3
rf2_ex20,kvsharer_dissimilar,frozen,early,auc_lf,-0.0016172715053763484,-0.0005652329749103901,-0.0010715053763440895,3,3
rf2_ex20,kvsharer_dissimilar,frozen,early,auc_lf_hard,-0.0022695452508960656,2.9868578255683648e-05,-0.000810931899641576,2,3
rf2_ex20,kvsharer_dissimilar,frozen,early,auc_tok,-0.0010114031948466051,-0.00016870372061272843,-0.0007131470215050173,3,3
rf2_ex20,kvsharer_dissimilar,frozen,early,d_all,-0.23745828291564597,-0.04733891719636693,-0.17682800403142873,3,3
rf2_ex20,kvsharer_dissimilar,frozen,early,sel_auc,0.0012408009171410578,0.0004379998594419843,0.0006667994939911491,0,3
rf2_ex20,kvsharer_dissimilar,frozen,early,sel_d,-0.06861824287400128,-0.014494770737409174,-0.030171314881372327,3,3
rf2_ex20,kvsharer_dissimilar,frozen,late,auc_all,-0.004010031746031708,-0.005655186360964133,-0.003675160493827166,3,3
rf2_ex20,kvsharer_dissimilar,frozen,late,auc_hf,-0.0031467787114845902,-0.004357907113462655,-0.003487618010167018,3,3
rf2_ex20,kvsharer_dissimilar,frozen,late,auc_lf,-0.005780625960061448,-0.008373670137111022,-0.00414990292712068,3,3
rf2_ex20,kvsharer_dissimilar,frozen,late,auc_lf_hard,-0.00636480734767025,-0.008188020329597383,-0.004299830744723203,3,3
rf2_ex20,kvsharer_dissimilar,frozen,late,auc_tok,-0.005418086159537833,-0.005900316695615605,-0.004555300434831484,3,3
rf2_ex20,kvsharer_dissimilar,frozen,late,d_all,-0.4519222727422158,-0.44720352020361975,-0.35221796452490595,3,3
rf2_ex20,kvsharer_dissimilar,frozen,late,sel_auc,0.0026338472485768582,0.0040157630236483674,0.0006622849169536625,0,3
rf2_ex20,kvsharer_dissimilar,frozen,late,sel_d,-0.10914485420875855,-0.08263448492336314,-0.3109996167699592,3,3
rf2_ex20,kvsharer_dissimilar,frozen,middle,auc_all,-0.0026834603174603106,-0.0010379024103468464,-0.003311506172839494,3,3
rf2_ex20,kvsharer_dissimilar,frozen,middle,auc_hf,-0.001880485527544335,-0.0004440294636373088,-0.002323275236020342,3,3
rf2_ex20,kvsharer_dissimilar,frozen,middle,auc_lf,-0.0038257488479262708,-0.0019583546680320917,-0.004773894862604543,3,3
rf2_ex20,kvsharer_dissimilar,frozen,middle,auc_lf_hard,-0.004078261008704566,-0.000287544328762968,-0.0057674357825567586,3,3
rf2_ex20,kvsharer_dissimilar,frozen,middle,auc_tok,-0.003650323714090496,-0.0009487341251034178,-0.0037390332145965637,3,3
rf2_ex20,kvsharer_dissimilar,frozen,middle,d_all,-0.39470600206689266,-0.191636232016686,-0.49773680709952356,3,3
rf2_ex20,kvsharer_dissimilar,frozen,middle,sel_auc,0.0019452633203819359,0.001514325204394783,0.0024506196265842014,0,3
rf2_ex20,kvsharer_dissimilar,frozen,middle,sel_d,-0.13588252820711738,-0.03426767988730311,-0.21700453614040072,3,3
rf2_ex20,kvsharer_dissimilar,retrained,all,auc_all,-0.00018486195286194506,-0.0006111957671957671,-0.000150764444444447,3,3
rf2_ex20,kvsharer_dissimilar,retrained,all,auc_hf,3.941374529614985e-06,-0.0004047930283224348,6.8720821661977235e-06,1,3
rf2_ex20,kvsharer_dissimilar,retrained,all,auc_lf,-0.00026305392636037775,-0.0011500081459758977,-0.00022233870967742,3,3
rf2_ex20,kvsharer_dissimilar,retrained,all,auc_lf_hard,-0.00010835845009232274,-0.0014458864761284038,-0.0002553763440860182,3,3
rf2_ex20,kvsharer_dissimilar,retrained,all,auc_tok,-0.0003527482917143551,-0.0007611882962443099,-1.992316048761894e-05,3,3
rf2_ex20,kvsharer_dissimilar,retrained,all,d_all,-0.022897216845426265,-0.08418976195310608,-0.0224311525574453,3,3
rf2_ex20,kvsharer_dissimilar,retrained,all,sel_auc,0.00026699530088999273,0.000745215117653463,0.00022921079184361768,0,3
rf2_ex20,kvsharer_dissimilar,retrained,all,sel_d,0.01147102486289547,0.008786792148361157,0.06210396113555816,0,3
rf2_ex20,kvsharer_dissimilar,retrained,early,auc_all,-4.700000000001231e-05,-7.508148148148338e-05,4.6044444444431895e-05,2,3
rf2_ex20,kvsharer_dissimilar,retrained,early,auc_hf,-2.4183006535935525e-05,2.265795206971566e-05,1.2287581699343963e-05,1,3
rf2_ex20,kvsharer_dissimilar,retrained,early,auc_lf,-0.00014952956989246896,-0.00028888888888888665,3.6290322580645463e-05,2,3
rf2_ex20,kvsharer_dissimilar,retrained,early,auc_lf_hard,-0.0002772177419354954,0.000169504181600962,0.0001624103942652333,1,3
rf2_ex20,kvsharer_dissimilar,retrained,early,auc_tok,6.466148290332902e-05,-3.5871280800388776e-05,9.337280801639536e-05,1,3
rf2_ex20,kvsharer_dissimilar,retrained,early,d_all,0.008840148049335084,-0.013443563684590385,-0.01752716739817508,2,3
rf2_ex20,kvsharer_dissimilar,retrained,early,sel_auc,0.00012534656335653344,0.0003115468409586023,-2.40027408813015e-05,1,3
rf2_ex20,kvsharer_dissimilar,retrained,early,sel_d,-0.009891189710317744,0.012226195007980131,0.041531051909604044,1,3
rf2_ex20,kvsharer_dissimilar,retrained,late,auc_all,-0.0001793968253968048,-0.0018121857730746607,-0.00016834567901235592,3,3
rf2_ex20,kvsharer_dissimilar,retrained,late,auc_hf,0.0002853408029878538,-0.0013035377113808453,4.037763253450125e-05,1,3
rf2_ex20,kvsharer_dissimilar,retrained,late,auc_lf,-0.00021995007680492798,-0.0031243670706036474,-0.00016356780167265056,3,3
rf2_ex20,kvsharer_dissimilar,retrained,late,auc_lf_hard,0.0004316276241679573,-0.004689840890557722,-5.460349462365019e-05,2,3
rf2_ex20,kvsharer_dissimilar,retrained,late,auc_tok,-0.0005814304769960754,-0.002350733544399311,0.000210341982890935,2,3
rf2_ex20,kvsharer_dissimilar,retrained,late,d_all,-0.03017392162538967,-0.1973585157636731,-0.010877291840599566,3,3
rf2_ex20,kvsharer_dissimilar,retrained,late,sel_auc,0.0005052908797927818,0.0018208293592228018,0.00020394543420715176,0,3
rf2_ex20,kvsharer_dissimilar,retrained,late,sel_d,0.05419848754063997,-0.038836483336217364,0.037544019087550895,1,3
rf2_ex20,kvsharer_dissimilar,retrained,middle,auc_all,-0.0003554920634920458,-1.876543209876442e-05,-0.0003558518518518356,3,3
rf2_ex20,kvsharer_dissimilar,retrained,middle,auc_hf,-0.0002707749766573199,1.0761835598451327e-05,-3.275236020335026e-05,2,3
rf2_ex20,kvsharer_dissimilar,retrained,middle,auc_lf,-0.0004690860215053684,-0.00015187460886387184,-0.0005759408602150459,3,3
rf2_ex20,kvsharer_dissimilar,retrained,middle,auc_lf_hard,-0.000540834613415261,-2.9038895526348002e-05,-0.0009256147949024253,3,3
rf2_ex20,kvsharer_dissimilar,retrained,middle,auc_tok,-0.0005824762152640431,5.348772028936918e-06,-0.00037860227977570517,2,3
rf2_ex20,kvsharer_dissimilar,retrained,middle,d_all,-0.04876258070502449,-0.05090818191856112,-0.0398448538593627,3,3
rf2_ex20,kvsharer_dissimilar,retrained,middle,sel_auc,0.0001983110448480485,0.00016263644446232317,0.0005431885000116957,0,3
rf2_ex20,kvsharer_dissimilar,retrained,middle,sel_d,-0.004922272915426771,0.051852905418953134,0.1097256803288519,1,3
rf2_ex20,kvsharer_similar,frozen,all,auc_all,-0.0017830437710437668,-0.0023655218855218848,-0.0014683542857142876,3,3
rf2_ex20,kvsharer_similar,frozen,all,auc_hf,-0.0008934640522875821,-0.001885652038593209,-0.0007915294117646996,3,3
rf2_ex20,kvsharer_similar,frozen,all,auc_lf,-0.0032489002932551345,-0.003281507471023612,-0.0025448694316436223,3,3
rf2_ex20,kvsharer_similar,frozen,all,auc_lf_hard,-0.005719238758553274,-0.0022747880106751043,-0.003898729518689194,3,3
rf2_ex20,kvsharer_similar,frozen,all,auc_tok,-0.0021705160397941115,-0.0026221750978152364,-0.0017231529305222009,3,3
rf2_ex20,kvsharer_similar,frozen,all,d_all,-0.23805416191965745,-0.2699108658745725,-0.20981525676402907,3,3
rf2_ex20,kvsharer_similar,frozen,all,sel_auc,0.002355436240967552,0.0013958554324304028,0.0017533400198789224,0,3
rf2_ex20,kvsharer_similar,frozen,all,sel_d,0.004839318535773164,-0.22287402595737107,-0.11022993030148522,2,3
rf2_ex20,kvsharer_similar,frozen,early,auc_all,-0.00021844444444445166,-0.0014835407407407417,-0.00022757530864199677,3,3
rf2_ex20,kvsharer_similar,frozen,early,auc_hf,-0.00014999999999999736,-0.0008314596949891025,-0.00023029774872912158,3,3
rf2_ex20,kvsharer_similar,frozen,early,auc_lf,-0.0003333333333333244,-0.0025594534050179204,-0.00010152329749104135,3,3
rf2_ex20,kvsharer_similar,frozen,early,auc_lf_hard,-0.000544634856630824,-0.002847035543608121,0.0006039675428116367,2,3
rf2_ex20,kvsharer_similar,frozen,early,auc_tok,-0.00025173243973061754,-0.0017625842975098772,-0.00010817170852281583,3,3
rf2_ex20,kvsharer_similar,frozen,early,d_all,-0.0736779992412282,-0.16663202539120428,-0.07618214766838408,3,3
rf2_ex20,kvsharer_similar,frozen,early,sel_auc,0.00018333333333332702,0.0017279937100288178,-0.00012877445123808022,1,3
rf2_ex20,kvsharer_similar,frozen,early,sel_d,-0.03600442029470205,-0.06305742274358356,-0.10315351706683325,3,3
rf2_ex20,kvsharer_similar,frozen,late,auc_all,-0.004106539682539656,-0.004039515579071136,-0.0033672222222222168,3,3
rf2_ex20,kvsharer_similar,frozen,late,auc_hf,-0.0018628384687208335,-0.0036354531936231248,-0.0020132171387073163,3,3
rf2_ex20,kvsharer_similar,frozen,late,auc_lf,-0.007795122887864831,-0.004871735791090654,-0.005922528375149326,3,3
rf2_ex20,kvsharer_similar,frozen,late,auc_lf_hard,-0.015123767921146959,-0.002572016460905346,-0.009389156461569093,3,3
rf2_ex20,kvsharer_similar,frozen,late,auc_tok,-0.005386016852653167,-0.004143883485938987,-0.0043777651910102975,3,3
rf2_ex20,kvsharer_similar,frozen,late,d_all,-0.4194881194776692,-0.3952637322779984,-0.3486582765875299,3,3
rf2_ex20,kvsharer_similar,frozen,late,sel_auc,0.005932284419143998,0.0012362825974675294,0.00390931123644201,0,3
rf2_ex20,kvsharer_similar,frozen,late,sel_d,0.06961283875889285,-0.3326013712695401,-0.1322014353496474,2,3
rf2_ex20,kvsharer_similar,frozen,middle,auc_all,-0.0011607619047619105,-0.0016908924162257442,-0.000962370370370358,3,3
rf2_ex20,kvsharer_similar,frozen,middle,auc_hf,-0.0007581699346405148,-0.001327329944323397,-0.00019811183732752215,3,3
rf2_ex20,kvsharer_similar,frozen,middle,auc_lf,-0.0018398617511520832,-0.0025145360414177737,-0.001911701015531665,3,3
rf2_ex20,kvsharer_similar,frozen,middle,auc_lf_hard,-0.0017153097798259004,-0.0013457453869640224,-0.0034683330844285185,3,3
rf2_ex20,kvsharer_similar,frozen,middle,auc_tok,-0.0010043735098229645,-0.002070768463943781,-0.000881867114681333,3,3
rf2_ex20,kvsharer_similar,frozen,middle,d_all,-0.23882937679800667,-0.2608000288629471,-0.22067893856010046,3,3
rf2_ex20,kvsharer_similar,frozen,middle,sel_auc,0.0010816918165115685,0.0011872060970943765,0.0017135891782041428,0,3
rf2_ex20,kvsharer_similar,frozen,middle,sel_d,-0.01659840210401531,-0.29315999273691223,-0.09600806311103097,3,3
rf2_ex20,kvsharer_similar,retrained,all,auc_all,-3.639057239057201e-05,-0.0007877922077922059,-0.00018081777777778017,3,3
rf2_ex20,kvsharer_similar,retrained,all,auc_hf,3.5868488809669434e-05,-0.00028330928330927955,-5.932026143790506e-05,2,3
rf2_ex20,kvsharer_similar,retrained,all,auc_lf,-0.00017636037797329277,-0.0017759158404319815,-0.00022071044546851488,3,3
rf2_ex20,kvsharer_similar,retrained,all,auc_lf_hard,-0.0003232085641359866,-0.0022075594656239695,-0.0001643785202252882,3,3
rf2_ex20,kvsharer_similar,retrained,all,auc_tok,-5.5948757838982324e-05,-0.0011347945325222459,-0.00026430775415206467,3,3
rf2_ex20,kvsharer_similar,retrained,all,d_all,0.019365185048584907,-0.077974790656818,-0.054627620689592,2,3
rf2_ex20,kvsharer_similar,retrained,all,sel_auc,0.0002122288667829622,0.001492606557122702,0.00016139018403060984,0,3
rf2_ex20,kvsharer_similar,retrained,all,sel_d,0.04346004431915977,0.007037022239116844,-0.016431628245839117,1,3
rf2_ex20,kvsharer_similar,retrained,early,auc_all,-2.3222222222223088e-05,-0.0005810518518518567,1.7204938271597753e-05,2,3
rf2_ex20,kvsharer_similar,retrained,early,auc_hf,-2.581699346404509e-05,-0.00012309368191720145,1.649963689179493e-05,2,3
rf2_ex20,kvsharer_similar,retrained,early,auc_lf,-5.1411290322579684e-05,-0.0013913530465949878,0.00016902628434887275,2,3
rf2_ex20,kvsharer_similar,retrained,early,auc_lf_hard,-2.1001344086016283e-05,-0.0017415247909199412,0.0005887843488649926,2,3
rf2_ex20,kvsharer_similar,retrained,early,auc_tok,-3.0907375475799914e-05,-0.0007814504171938565,6.0394901839091705e-05,2,3
rf2_ex20,kvsharer_similar,retrained,early,d_all,0.026257003863577766,-0.03758189554618908,-0.004003907346034631,2,3
rf2_ex20,kvsharer_similar,retrained,early,sel_auc,2.5594296858534593e-05,0.0012682593646777863,-0.00015252664745707786,1,3
rf2_ex20,kvsharer_similar,retrained,early,sel_d,0.004715722617139317,0.06076565471013687,-0.009531433791288898,1,3
rf2_ex20,kvsharer_similar,retrained,late,auc_all,-6.050793650792807e-05,-0.0011344761904761938,-0.000922123456790122,3,3
rf2_ex20,kvsharer_similar,retrained,late,auc_hf,8.001867413631538e-05,-0.00045313137600719967,-0.0003476761074800146,2,3
rf2_ex20,kvsharer_similar,retrained,late,auc_lf,-0.00034408602150540397,-0.0024481993514251774,-0.0016903375149342958,3,3
rf2_ex20,kvsharer_similar,retrained,late,auc_lf_hard,-0.0006260400665642743,-0.0024787364169084375,-0.0025109829251294177,3,3
rf2_ex20,kvsharer_similar,retrained,late,auc_tok,-5.623748018905979e-05,-0.0015904487357469889,-0.001488078830963645,3,3
rf2_ex20,kvsharer_similar,retrained,late,d_all,0.003863923328596356,-0.12292582157479119,-0.15560972676984386,2,3
rf2_ex20,kvsharer_similar,retrained,late,sel_auc,0.0004241046956417194,0.0019950679754179774,0.0013426614074542815,0,3
rf2_ex20,kvsharer_similar,retrained,late,sel_d,0.08464074149801024,-0.05711680121833911,-0.05158906630254971,2,3
rf2_ex20,kvsharer_similar,retrained,middle,auc_all,-3.504761904762502e-05,-0.0006776531452086861,0.000338851851851851,2,3
rf2_ex20,kvsharer_similar,retrained,middle,auc_hf,6.27450980392265e-05,-0.0002930317806134725,0.0001445170660856885,1,3
rf2_ex20,kvsharer_similar,retrained,middle,auc_lf,-0.0001678187403993947,-0.0015473345849690047,0.0008124999999999829,2,3
rf2_ex20,kvsharer_similar,retrained,middle,auc_lf_hard,-0.0003680235535074255,-0.002471150746240348,0.0013397301871764323,2,3
rf2_ex20,kvsharer_similar,retrained,middle,auc_tok,-0.00010132041885303953,-0.0010818322781068802,0.0005961942725621655,2,3
rf2_ex20,kvsharer_similar,retrained,middle,d_all,0.02703058060779265,-0.07849500718122039,-0.010079346274233684,2,3
rf2_ex20,kvsharer_similar,retrained,middle,sel_auc,0.0002305638384386212,0.0012543028043555326,-0.0006679829339142944,1,3
rf2_ex20,kvsharer_similar,retrained,middle,sel_d,0.04574345017201004,0.011173135323489236,0.0109411877476008,0,3
rf2_ex20,live_prev_head,frozen,all,auc_all,-0.035633393939393944,-0.05927618085618086,-0.014933460317460314,3,3
rf2_ex20,live_prev_head,frozen,all,auc_hf,-0.02427385620915033,-0.05009258976317799,-0.008417927170868363,3,3
rf2_ex20,live_prev_head,frozen,all,auc_lf,-0.04969442407950472,-0.06823100823907276,-0.023031105990783427,3,3
rf2_ex20,live_prev_head,frozen,all,auc_lf_hard,-0.060345474231562946,-0.06140548146596533,-0.02428155401945723,3,3
rf2_ex20,live_prev_head,frozen,all,auc_tok,-0.041853318623985905,-0.059637105456144625,-0.01718728939993214,3,3
rf2_ex20,live_prev_head,frozen,all,d_all,-1.4198033443854947,-1.6126300159971139,-1.1538376434918238,3,3
rf2_ex20,live_prev_head,frozen,all,sel_auc,0.025420567870354398,0.018138418475894768,0.014613178819915064,0,3
rf2_ex20,live_prev_head,frozen,all,sel_d,-0.13990112684070422,-0.48069177645739253,-0.16523450018347918,3,3
rf2_ex20,live_prev_head,frozen,early,auc_all,-0.0066478888888889046,-0.006979244444444439,-0.0037648000000000013,3,3
rf2_ex20,live_prev_head,frozen,early,auc_hf,-0.003730392156862744,-0.00482753812636166,-0.0022049673202614527,3,3
rf2_ex20,live_prev_head,frozen,early,auc_lf,-0.010512096774193555,-0.009721012544802878,-0.005319892473118282,3,3
rf2_ex20,live_prev_head,frozen,early,auc_lf_hard,-0.011771953405017917,-0.00840091099163679,-0.002759856630824342,3,3
rf2_ex20,live_prev_head,frozen,early,auc_tok,-0.006757328301395721,-0.005967133210718769,-0.004204053746299241,3,3
rf2_ex20,live_prev_head,frozen,early,d_all,-0.760879676891447,-0.6183653120339108,-0.5748888661544974,3,3
rf2_ex20,live_prev_head,frozen,early,sel_auc,0.006781704617330811,0.004893474418441218,0.0031149251528568293,0,3
rf2_ex20,live_prev_head,frozen,early,sel_d,-0.15974243465400645,-0.19660477012748753,-0.16935554254164276,3,3
rf2_ex20,live_prev_head,frozen,late,auc_all,-0.07758603174603176,-0.1376927642563198,-0.03038123456790123,3,3
rf2_ex20,live_prev_head,frozen,late,auc_hf,-0.05524911297852475,-0.11768291316526609,-0.016209150326797397,3,3
rf2_ex20,live_prev_head,frozen,late,auc_lf,-0.10499385560675883,-0.15363557489901578,-0.04786140979689367,3,3
rf2_ex20,live_prev_head,frozen,late,auc_lf_hard,-0.12865863415258577,-0.14342713489218864,-0.0536389884508164,3,3
rf2_ex20,live_prev_head,frozen,late,auc_tok,-0.0917425020566186,-0.14553511772509206,-0.035204765881149375,3,3
rf2_ex20,live_prev_head,frozen,late,d_all,-2.0444236321991385,-2.4941309574948485,-1.5710505780146466,3,3
rf2_ex20,live_prev_head,frozen,late,sel_auc,0.04974474262823408,0.03595266173374967,0.03165225947009627,0,3
rf2_ex20,live_prev_head,frozen,late,sel_d,-0.10073358951201361,-0.7396488335660386,-0.14809218105316257,3,3
rf2_ex20,live_prev_head,frozen,middle,auc_all,-0.024943492063492056,-0.039685389770723105,-0.0118953086419753,3,3
rf2_ex20,live_prev_head,frozen,middle,auc_hf,-0.01568963585434174,-0.03344662309368191,-0.007529992737835895,3,3
rf2_ex20,live_prev_head,frozen,middle,auc_lf,-0.036373079877112136,-0.04859742845764351,-0.017879928315412234,3,3
rf2_ex20,live_prev_head,frozen,middle,auc_lf_hard,-0.04436283922171018,-0.038905364017371186,-0.01883711668657906,3,3
rf2_ex20,live_prev_head,frozen,middle,auc_tok,-0.02966376028890263,-0.03401825912032921,-0.01359563031164035,3,3
rf2_ex20,live_prev_head,frozen,middle,d_all,-1.5075371414418712,-1.846763255444132,-1.3799011282326965,3,3
rf2_ex20,live_prev_head,frozen,middle,sel_auc,0.020683444022770395,0.015150805363961602,0.010349935577576339,0,3
rf2_ex20,live_prev_head,frozen,middle,sel_d,-0.1587405969138106,-0.5412606948160398,-0.17779788336028135,3,3
rf2_ex20,live_prev_head,retrained,all,auc_all,-0.00041637037037036827,-0.0045237575757575655,0.0001980317460317357,2,3
rf2_ex20,live_prev_head,retrained,all,auc_hf,0.00012960982372747155,-0.0009237529355176475,8.608776844070449e-05,1,3
rf2_ex20,live_prev_head,retrained,all,auc_lf,-0.0009909986966438551,-0.009807766606153717,-1.3632872503856395e-05,3,3
rf2_ex20,live_prev_head,retrained,all,auc_lf_hard,8.604187031605829e-05,-0.011204474662135958,0.0001280081925243307,1,3
rf2_ex20,live_prev_head,retrained,all,auc_tok,-0.0006937399501735636,-0.005926913895881972,9.853178347175664e-05,2,3
rf2_ex20,live_prev_head,retrained,all,d_all,-0.03319149874773989,-0.47320683547979936,0.08233369564355875,2,3
rf2_ex20,live_prev_head,retrained,all,sel_auc,0.0011206085203713267,0.008884013670636069,9.972064094456088e-05,0,3
rf2_ex20,live_prev_head,retrained,all,sel_d,0.11100059761119443,0.06283154569309397,0.08970366789781908,0,3
rf2_ex20,live_prev_head,retrained,early,auc_all,-0.00019288888888889522,-0.0011564148148148082,0.00022933333333332583,2,3
rf2_ex20,live_prev_head,retrained,early,auc_hf,-5.032679738563306e-05,-2.7102396514178122e-05,0.00017045751633986138,2,3
rf2_ex20,live_prev_head,retrained,early,auc_lf,-0.00038911290322580366,-0.0028427419354838776,0.00010967741935482555,2,3
rf2_ex20,live_prev_head,retrained,early,auc_lf_hard,-0.0001400089605734789,-0.0036865292712066947,0.0002083333333333437,2,3
rf2_ex20,live_prev_head,retrained,early,auc_tok,-0.0002557991996616493,-0.0013515863802181728,0.00018479357126590656,2,3
rf2_ex20,live_prev_head,retrained,early,d_all,-0.042419949106587806,-0.1685560298648051,0.06835476482919738,2,3
rf2_ex20,live_prev_head,retrained,early,sel_auc,0.0003387861058401706,0.0028156395389697,6.078009698503583e-05,0,3
rf2_ex20,live_prev_head,retrained,early,sel_d,0.006328761435275887,0.1385397059682253,0.09169446829497474,0,3
rf2_ex20,live_prev_head,retrained,late,auc_all,-0.000817269841269831,-0.00961697824808933,-0.00011693827160494695,3,3
rf2_ex20,live_prev_head,retrained,late,auc_hf,0.00014948646125117443,-0.002242445620223405,-1.2200435729840345e-05,2,3
rf2_ex20,live_prev_head,retrained,late,auc_lf,-0.0016261520737327123,-0.020317232747340288,-0.0011206690561529219,3,3
rf2_ex20,live_prev_head,retrained,late,auc_lf_hard,-0.0008444540450589016,-0.02227579602131574,-0.0018817204301074932,3,3
rf2_ex20,live_prev_head,retrained,late,auc_tok,-0.0013897861581435161,-0.012955277985344642,-0.0003332935694584495,3,3
rf2_ex20,live_prev_head,retrained,late,d_all,-0.07078914443054404,-0.7461168686336959,0.07169713690964358,2,3
rf2_ex20,live_prev_head,retrained,late,sel_auc,0.0017756385349838866,0.01807478712711688,0.0011084686204230814,0,3
rf2_ex20,live_prev_head,retrained,late,sel_d,0.19568655911206612,0.008471824663465743,0.09022989699246914,0,3
rf2_ex20,live_prev_head,retrained,middle,auc_all,-0.00024295238095237742,-0.003220975896531454,0.00047822222222220704,2,3
rf2_ex20,live_prev_head,retrained,middle,auc_hf,0.00030756302521009075,-0.0006181830756994085,9.063180827885276e-05,1,3
rf2_ex20,live_prev_head,retrained,middle,auc_lf,-0.0009792626728110615,-0.007132047562155112,0.0009563918757466735,2,3
rf2_ex20,live_prev_head,retrained,middle,auc_lf_hard,0.0012044770865335416,-0.00858614951356888,0.0020484866587016956,1,3
rf2_ex20,live_prev_head,retrained,middle,auc_tok,-0.0004603572241923319,-0.0040489169012707035,0.0004345107055195739,2,3
rf2_ex20,live_prev_head,retrained,middle,d_all,0.017555973702547203,-0.5417780474955225,0.10850239972676433,1,3
rf2_ex20,live_prev_head,retrained,middle,sel_auc,0.0012868256980211523,0.006513864486455703,-0.0008657600674678208,1,3
rf2_ex20,live_prev_head,retrained,middle,sel_d,0.13850855038840976,0.03220795068198582,0.08696543836188494,0,3
rf4_ex20,full,frozen,all,auc_all,-0.05378674747474746,-0.09247415295815296,-0.09847799746031746,3,3
rf4_ex20,full,frozen,all,auc_hf,-0.028557456922162803,-0.08249921625215743,-0.08575700466853409,3,3
rf4_ex20,full,frozen,all,auc_lf,-0.08156313131313132,-0.10968590280687056,-0.11800133256528418,3,3
rf4_ex20,full,frozen,all,auc_lf_hard,-0.10430752416639515,-0.09644522703998509,-0.12496362967229904,3,3
rf4_ex20,full,frozen,all,auc_tok,-0.06786088920568538,-0.08604772063350517,-0.10453291039801833,3,3
rf4_ex20,full,frozen,all,d_all,-1.5812635145006997,-1.957045404987482,-1.8324948277440565,3,3
rf4_ex20,full,frozen,all,sel_auc,0.05300567439096852,0.027186686554713114,0.032244327896750094,0,3
rf4_ex20,full,frozen,all,sel_d,0.04527995718454647,-0.5199379937317923,-0.339760388109407,2,3
rf4_ex20,full,frozen,early,auc_all,-0.0066907777777777885,-0.011839407407407401,-0.02552470123456791,3,3
rf4_ex20,full,frozen,early,auc_hf,-0.0034973856209150334,-0.009490196078431375,-0.021576122004357306,3,3
rf4_ex20,full,frozen,early,auc_lf,-0.011742607526881735,-0.01599005376344086,-0.0318136798088411,3,3
rf4_ex20,full,frozen,early,auc_lf_hard,-0.014707941308243752,-0.01463877688172043,-0.03494748108323377,3,3
rf4_ex20,full,frozen,early,auc_tok,-0.008227868692455356,-0.010234293814051968,-0.02784591843787807,3,3
rf4_ex20,full,frozen,early,d_all,-0.7539925234097498,-0.8071419709045909,-0.9374203966959891,3,3
rf4_ex20,full,frozen,early,sel_auc,0.008245221905966701,0.006499857685009484,0.010237557804483795,0,3
rf4_ex20,full,frozen,early,sel_d,-0.03335017963901965,-0.21945871401205372,-0.13759275398713589,3,3
rf4_ex20,full,frozen,late,auc_all,-0.121905873015873,-0.19550108406819514,-0.18813115432098765,3,3
rf4_ex20,full,frozen,late,auc_hf,-0.06653230625583567,-0.1717303178061348,-0.17153235294117647,3,3
rf4_ex20,full,frozen,late,auc_lf,-0.17742617127496157,-0.23337529157421633,-0.2165966435185185,3,3
rf4_ex20,full,frozen,late,auc_lf_hard,-0.21760552675371225,-0.22481189907265176,-0.233363201911589,3,3
rf4_ex20,full,frozen,late,auc_tok,-0.1517215175753745,-0.19765513975237048,-0.20142150212079457,3,3
rf4_ex20,full,frozen,late,d_all,-2.4101487067627385,-2.8331961174444484,-2.5572762829044144,3,3
rf4_ex20,full,frozen,late,sel_auc,0.1108938650191259,0.061644973768081535,0.04506429057734203,0,3
rf4_ex20,full,frozen,late,sel_d,0.11285038814075132,-0.5926140435571793,-0.6025419591283256,2,3
rf4_ex20,full,frozen,middle,auc_all,-0.03583050793650792,-0.07990772486772485,-0.0906760864197531,3,3
rf4_ex20,full,frozen,middle,auc_hf,-0.017317740429505124,-0.07514394992564928,-0.07202200435729848,3,3
rf4_ex20,full,frozen,middle,auc_lf,-0.05997081413210447,-0.09112413950048359,-0.11605122461170848,3,3
rf4_ex20,full,frozen,middle,auc_lf_hard,-0.08674675179211469,-0.05986291270789479,-0.11735597744922341,3,3
rf4_ex20,full,frozen,middle,auc_tok,-0.04741179778675303,-0.059514854644186925,-0.09363307787678973,3,3
rf4_ex20,full,frozen,middle,d_all,-1.6420824136643069,-2.3702432082745375,-2.109232174690169,3,3
rf4_ex20,full,frozen,middle,sel_auc,0.042653073702599346,0.01598018957483431,0.04402922025441,0,3
rf4_ex20,full,frozen,middle,sel_d,0.06331319353034082,-0.7842212448096596,-0.3032850310349401,2,3
rf4_ex20,full,retrained,all,auc_all,-0.0002652188552188509,-0.006535828763828747,-0.005323254603174611,3,3
rf4_ex20,full,retrained,all,auc_hf,0.00012018221429985544,-0.0019973063973063973,-0.0015855536881419236,2,3
rf4_ex20,full,retrained,all,auc_lf,-0.0008118075920495308,-0.012828637760089377,-0.011163329493087557,3,3
rf4_ex20,full,retrained,all,auc_lf_hard,0.00018099340175952642,-0.015882301315769048,-0.014171450972862262,2,3
rf4_ex20,full,retrained,all,auc_tok,-0.0005902224246564923,-0.00853603783309116,-0.007243920094639659,3,3
rf4_ex20,full,retrained,all,d_all,0.02998514498584287,-0.5721357782491393,-0.3143481154928783,2,3
rf4_ex20,full,retrained,all,sel_auc,0.0009319898063493863,0.010831331362782982,0.009577775804945633,0,3
rf4_ex20,full,retrained,all,sel_d,0.16786508685649806,0.05526924110385917,0.16421207418320094,0,3
rf4_ex20,full,retrained,early,auc_all,-0.00025811111111111174,-0.0018796740740740679,-0.002586903703703718,3,3
rf4_ex20,full,retrained,early,auc_hf,-0.00030882352941176416,-0.00032148148148148276,-0.0006287000726216426,3,3
rf4_ex20,full,retrained,early,auc_lf,-0.0003363575268817212,-0.0044917114695340425,-0.006173805256869773,3,3
rf4_ex20,full,retrained,early,auc_lf_hard,2.3801523297471705e-05,-0.005762582138590203,-0.008274342891278381,2,3
rf4_ex20,full,retrained,early,auc_tok,-0.000342421186192543,-0.0020904260638552204,-0.0035624284487394808,3,3
rf4_ex20,full,retrained,early,d_all,-0.06579363288892798,-0.22468415378907544,-0.17976333806891132,3,3
rf4_ex20,full,retrained,early,sel_auc,2.753399746995705e-05,0.00417022998805256,0.0055451051842481305,0,3
rf4_ex20,full,retrained,early,sel_d,-0.02669765628282389,0.16517077261808102,0.1040866599426912,1,3
rf4_ex20,full,retrained,late,auc_all,3.9047619047704435e-06,-0.01321502175191062,-0.009257012345679022,2,3
rf4_ex20,full,retrained,late,auc_hf,0.0009569561157796229,-0.004463367569249927,-0.003392193173565716,2,3
rf4_ex20,full,retrained,late,auc_lf,-0.0008969854070660485,-0.023867070603629765,-0.01743492383512544,3,3
rf4_ex20,full,retrained,late,auc_lf_hard,0.0001156073988735351,-0.027691490773928035,-0.022486839157706096,2,3
rf4_ex20,full,retrained,late,auc_tok,-0.0002794445038320532,-0.017776108960904743,-0.01318929119885686,3,3
rf4_ex20,full,retrained,late,d_all,0.119599759743403,-0.8789435289514556,-0.38693072128374634,2,3
rf4_ex20,full,retrained,late,sel_auc,0.0018539415228456713,0.019403703034379837,0.014042730661559722,0,3
rf4_ex20,full,retrained,late,sel_d,0.35671485206284514,-0.05643312182750423,0.17589562134800274,1,3
rf4_ex20,full,retrained,middle,auc_all,-0.0005124126984126925,-0.005087708406819497,-0.004467283950617283,3,3
rf4_ex20,full,retrained,middle,auc_hf,-0.00025620915032679395,-0.001414420583048027,-0.0008530864197530916,3,3
rf4_ex20,full,retrained,middle,auc_lf,-0.0011607142857142988,-0.011155145929339484,-0.010505264336917565,3,3
rf4_ex20,full,retrained,middle,auc_lf_hard,0.0004640296979006646,-0.015438854753370868,-0.012489732676224599,2,3
rf4_ex20,full,retrained,middle,auc_tok,-0.0011191723330188205,-0.006536993108089975,-0.005440391376251021,3,3
rf4_ex20,full,retrained,middle,d_all,0.05143593978257316,-0.6547747242865501,-0.39329155667668453,2,3
rf4_ex20,full,retrained,middle,sel_auc,0.0009045051353875047,0.009740725346291456,0.009652177917164474,0,3
rf4_ex20,full,retrained,middle,sel_d,0.1901572939270833,0.043990230415874985,0.2195592218395223,0,3
