regime,family,readout,band,metric,descriptive_only,n_models,median_estimate,n_negative,n_positive,p_wilcoxon_models,p_holm
rf2_ex00,full,frozen,all,auc_all,False,7,-0.23392444444444446,7,0,0.015625,0.0625
rf2_ex00,full,frozen,all,auc_hf,False,7,-0.13125392156862745,7,0,0.015625,0.0625
rf2_ex00,full,frozen,all,auc_lf,False,7,-0.30794057219662063,7,0,0.015625,0.0625
rf2_ex00,full,frozen,all,auc_lf_hard,False,7,-0.3435291858678955,7,0,0.015625,0.0625
rf2_ex00,full,frozen,all,auc_tok,False,7,-0.2799866610274262,7,0,0.015625,0.0625
rf2_ex00,full,frozen,all,d_all,False,7,-2.8436154806280114,7,0,0.015625,0.0625
rf2_ex00,full,frozen,all,sel_auc,True,7,0.15936658116054064,1,6,0.03125,0.09375
rf2_ex00,full,frozen,all,sel_d,False,7,0.293513959528239,3,4,1.0,1.0
rf2_ex00,full,frozen,early,auc_all,False,7,-0.15141884444444448,7,0,0.015625,0.0625
rf2_ex00,full,frozen,early,auc_hf,False,7,-0.07072418300653596,7,0,0.015625,0.0625
rf2_ex00,full,frozen,early,auc_lf,False,7,-0.24846612903225812,7,0,0.015625,0.0625
rf2_ex00,full,frozen,early,auc_lf_hard,False,7,-0.29499551971326166,7,0,0.015625,0.0625
rf2_ex00,full,frozen,early,auc_tok,False,7,-0.21518170283371835,7,0,0.015625,0.0625
rf2_ex00,full,frozen,early,d_all,False,7,-2.1684082833326084,7,0,0.015625,0.0625
rf2_ex00,full,frozen,early,sel_auc,True,7,0.15087567292149834,2,5,0.078125,0.09375
rf2_ex00,full,frozen,early,sel_d,False,7,0.4538652208466143,2,5,0.9375,1.0
rf2_ex00,full,frozen,late,auc_all,False,7,-0.2918648888888889,7,0,0.015625,0.0625
rf2_ex00,full,frozen,late,auc_hf,False,7,-0.18726042120551925,7,0,0.015625,0.0625
rf2_ex00,full,frozen,late,auc_lf,False,7,-0.3798505376344087,7,0,0.015625,0.0625
rf2_ex00,full,frozen,late,auc_lf_hard,False,7,-0.3969623655913979,7,0,0.015625,0.0625
rf2_ex00,full,frozen,late,auc_tok,False,7,-0.3671223606728048,7,0,0.015625,0.0625
rf2_ex00,full,frozen,late,d_all,False,7,-3.3965573565500873,7,0,0.015625,0.0625
rf2_ex00,full,frozen,late,sel_auc,True,7,0.17876407102865047,1,6,0.03125,0.09375
rf2_ex00,full,frozen,late,sel_d,False,7,-0.052410229831693744,4,3,0.6875,1.0
rf2_ex00,full,frozen,middle,auc_all,False,7,-0.30247418181818175,7,0,0.015625,0.0625
rf2_ex00,full,frozen,middle,auc_hf,False,7,-0.14424289958407605,7,0,0.015625,0.0625
rf2_ex00,full,frozen,middle,auc_lf,False,7,-0.3626494623655914,7,0,0.015625,0.0625
rf2_ex00,full,frozen,middle,auc_lf_hard,False,7,-0.3784453405017921,7,0,0.015625,0.0625
rf2_ex00,full,frozen,middle,auc_tok,False,7,-0.333230959430003,7,0,0.015625,0.0625
rf2_ex00,full,frozen,middle,d_all,False,7,-3.570710033525744,7,0,0.015625,0.0625
rf2_ex00,full,frozen,middle,sel_auc,True,7,0.15963731991004287,0,7,0.015625,0.0625
rf2_ex00,full,frozen,middle,sel_d,False,7,0.21640599997543486,3,4,0.9375,1.0
rf2_ex00,full,retrained,all,auc_all,False,7,-0.06572612345679013,7,0,0.015625,0.0625
rf2_ex00,full,retrained,all,auc_hf,False,7,-0.013507189542483658,7,0,0.015625,0.0625
rf2_ex00,full,retrained,all,auc_lf,False,7,-0.13321042413381123,7,0,0.015625,0.0625
rf2_ex00,full,retrained,all,auc_lf_hard,False,7,-0.1385752688172043,7,0,0.015625,0.0625
rf2_ex00,full,retrained,all,auc_tok,False,7,-0.10567353677977678,7,0,0.015625,0.0625
rf2_ex00,full,retrained,all,d_all,False,7,-2.011248565809199,7,0,0.015625,0.0625
rf2_ex00,full,retrained,all,sel_auc,True,7,0.12196016995806688,0,7,0.015625,0.0625
rf2_ex00,full,retrained,all,sel_d,False,7,1.1332134522514152,0,7,0.015625,0.0625
rf2_ex00,full,retrained,early,auc_all,False,7,-0.054318222222222205,7,0,0.015625,0.0625
rf2_ex00,full,retrained,early,auc_hf,False,7,-0.012368627450980404,7,0,0.015625,0.0625
rf2_ex00,full,retrained,early,auc_lf,False,7,-0.10158109318996415,7,0,0.015625,0.0625
rf2_ex00,full,retrained,early,auc_lf_hard,False,7,-0.11041666666666668,7,0,0.015625,0.0625
rf2_ex00,full,retrained,early,auc_tok,False,7,-0.08879309409940246,7,0,0.015625,0.0625
rf2_ex00,full,retrained,early,d_all,False,7,-1.3433444377426023,7,0,0.015625,0.0625
rf2_ex00,full,retrained,early,sel_auc,True,7,0.09232520556609738,0,7,0.015625,0.0625
rf2_ex00,full,retrained,early,sel_d,False,7,0.8789393643308412,0,7,0.015625,0.0625
rf2_ex00,full,retrained,late,auc_all,False,7,-0.07881031111111107,7,0,0.015625,0.0625
rf2_ex00,full,retrained,late,auc_hf,False,7,-0.017483660130718937,7,0,0.015625,0.0625
rf2_ex00,full,retrained,late,auc_lf,False,7,-0.1600505376344086,7,0,0.015625,0.0625
rf2_ex00,full,retrained,late,auc_lf_hard,False,7,-0.16506272401433691,7,0,0.015625,0.0625
rf2_ex00,full,retrained,late,auc_tok,False,7,-0.12628753619416336,7,0,0.015625,0.0625
rf2_ex00,full,retrained,late,d_all,False,7,-2.197765855123907,7,0,0.015625,0.0625
rf2_ex00,full,retrained,late,sel_auc,True,7,0.14495825005270924,0,7,0.015625,0.0625
rf2_ex00,full,retrained,late,sel_d,False,7,1.2093453966763448,0,7,0.015625,0.0625
rf2_ex00,full,retrained,middle,auc_all,False,7,-0.06613911111111112,7,0,0.015625,0.0625
rf2_ex00,full,retrained,middle,auc_hf,False,7,-0.013909658678286098,7,0,0.015625,0.0625
rf2_ex00,full,retrained,middle,auc_lf,False,7,-0.1384323476702509,7,0,0.015625,0.0625
rf2_ex00,full,retrained,middle,auc_lf_hard,False,7,-0.14587813620071682,7,0,0.015625,0.0625
rf2_ex00,full,retrained,middle,auc_tok,False,7,-0.10840094999511987,7,0,0.015625,0.0625
rf2_ex00,full,retrained,middle,d_all,False,7,-2.421774401478334,7,0,0.015625,0.0625
rf2_ex00,full,retrained,middle,sel_auc,True,7,0.12746851324759295,0,7,0.015625,0.0625
rf2_ex00,full,retrained,middle,sel_d,False,7,1.3717989933660029,0,7,0.015625,0.0625
rf2_ex20,cf_next_head,frozen,all,auc_all,False,7,-0.06260780952380952,7,0,0.015625,0.6875
rf2_ex20,cf_next_head,frozen,all,auc_hf,False,7,-0.05714640522875817,7,0,0.015625,0.6875
rf2_ex20,cf_next_head,frozen,all,auc_lf,False,7,-0.07142549923195086,7,0,0.015625,0.6875
rf2_ex20,cf_next_head,frozen,all,auc_lf_hard,False,7,-0.0828437019969278,7,0,0.015625,0.6875
rf2_ex20,cf_next_head,frozen,all,auc_tok,False,7,-0.0638399320961313,7,0,0.015625,0.6875
rf2_ex20,cf_next_head,frozen,all,d_all,False,7,-1.642019999825371,7,0,0.015625,0.6875
rf2_ex20,cf_next_head,frozen,all,sel_auc,True,7,0.027997168759977122,0,7,0.015625,0.6875
rf2_ex20,cf_next_head,frozen,all,sel_d,False,7,-0.30683157199661415,6,1,0.046875,1.0
rf2_ex20,cf_next_head,frozen,early,auc_all,False,7,-0.0077928888888888935,7,0,0.015625,0.6875
rf2_ex20,cf_next_head,frozen,early,auc_hf,False,7,-0.005468235294117651,7,0,0.015625,0.6875
rf2_ex20,cf_next_head,frozen,early,auc_lf,False,7,-0.01221451612903226,7,0,0.015625,0.6875
rf2_ex20,cf_next_head,frozen,early,auc_lf_hard,False,7,-0.013517025089605717,7,0,0.015625,0.6875
rf2_ex20,cf_next_head,frozen,early,auc_tok,False,7,-0.007650365887064159,7,0,0.015625,0.6875
rf2_ex20,cf_next_head,frozen,early,d_all,False,7,-0.6688163942499539,7,0,0.015625,0.6875
rf2_ex20,cf_next_head,frozen,early,sel_auc,True,7,0.007330124393843606,0,7,0.015625,0.6875
rf2_ex20,cf_next_head,frozen,early,sel_d,False,7,-0.14484232873801284,5,2,0.109375,1.0
rf2_ex20,cf_next_head,frozen,late,auc_all,False,7,-0.15937866666666667,7,0,0.015625,0.6875
rf2_ex20,cf_next_head,frozen,late,auc_hf,False,7,-0.12063660130718953,7,0,0.015625,0.6875
rf2_ex20,cf_next_head,frozen,late,auc_lf,False,7,-0.16690800477897252,7,0,0.015625,0.6875
rf2_ex20,cf_next_head,frozen,late,auc_lf_hard,False,7,-0.1716845878136201,7,0,0.015625,0.6875
rf2_ex20,cf_next_head,frozen,late,auc_tok,False,7,-0.16656738655616862,7,0,0.015625,0.6875
rf2_ex20,cf_next_head,frozen,late,d_all,False,7,-2.3288792800827096,7,0,0.015625,0.6875
rf2_ex20,cf_next_head,frozen,late,sel_auc,True,7,0.06082559410861124,0,7,0.015625,0.6875
rf2_ex20,cf_next_head,frozen,late,sel_d,False,7,-0.4687930698836493,6,1,0.078125,1.0
rf2_ex20,cf_next_head,frozen,middle,auc_all,False,7,-0.02890093827160494,7,0,0.015625,0.6875
rf2_ex20,cf_next_head,frozen,middle,auc_hf,False,7,-0.022639941902686995,7,0,0.015625,0.6875
rf2_ex20,cf_next_head,frozen,middle,auc_lf,False,7,-0.045339307048984465,7,0,0.015625,0.6875
rf2_ex20,cf_next_head,frozen,middle,auc_lf_hard,False,7,-0.04463859020310633,7,0,0.015625,0.6875
rf2_ex20,cf_next_head,frozen,middle,auc_tok,False,7,-0.027558564395108717,7,0,0.015625,0.6875
rf2_ex20,cf_next_head,frozen,middle,d_all,False,7,-1.7786075762387172,7,0,0.015625,0.6875
rf2_ex20,cf_next_head,frozen,middle,sel_auc,True,7,0.02269936514629747,0,7,0.015625,0.6875
rf2_ex20,cf_next_head,frozen,middle,sel_d,False,7,-0.32485812217469134,6,1,0.046875,1.0
rf2_ex20,cf_next_head,retrained,all,auc_all,False,7,-0.0017024761904761829,6,1,0.078125,1.0
rf2_ex20,cf_next_head,retrained,all,auc_hf,False,7,-4.369747899160162e-05,4,3,0.46875,1.0
rf2_ex20,cf_next_head,retrained,all,auc_lf,False,7,-0.004198540706605224,6,1,0.046875,1.0
rf2_ex20,cf_next_head,retrained,all,auc_lf_hard,False,7,-0.007420474910394266,6,1,0.046875,1.0
rf2_ex20,cf_next_head,retrained,all,auc_tok,False,7,-0.002561302621305483,6,1,0.03125,1.0
rf2_ex20,cf_next_head,retrained,all,d_all,False,7,-0.2642130637545434,5,2,0.078125,1.0
rf2_ex20,cf_next_head,retrained,all,sel_auc,True,7,0.0041548432276136225,1,6,0.03125,1.0
rf2_ex20,cf_next_head,retrained,all,sel_d,False,7,0.0950437102852097,1,6,0.046875,1.0
rf2_ex20,cf_next_head,retrained,early,auc_all,False,7,-0.0002956444444444539,5,2,0.109375,1.0
rf2_ex20,cf_next_head,retrained,early,auc_hf,False,7,5.490196078430931e-05,3,4,0.578125,1.0
rf2_ex20,cf_next_head,retrained,early,auc_lf,False,7,-0.0007758064516129037,5,2,0.078125,1.0
rf2_ex20,cf_next_head,retrained,early,auc_lf_hard,False,7,-0.0022916666666666697,6,1,0.046875,1.0
rf2_ex20,cf_next_head,retrained,early,auc_tok,False,7,-0.00027816637928232413,5,2,0.078125,1.0
rf2_ex20,cf_next_head,retrained,early,d_all,False,7,-0.08588051979707045,5,2,0.109375,1.0
rf2_ex20,cf_next_head,retrained,early,sel_auc,True,7,0.0008908391313514729,1,6,0.046875,1.0
rf2_ex20,cf_next_head,retrained,early,sel_d,False,7,0.06576267955150672,0,7,0.015625,0.6875
rf2_ex20,cf_next_head,retrained,late,auc_all,False,7,-0.0038243950617283685,6,1,0.078125,1.0
rf2_ex20,cf_next_head,retrained,late,auc_hf,False,7,-0.00047872185911405446,4,3,0.578125,1.0
rf2_ex20,cf_next_head,retrained,late,auc_lf,False,7,-0.008675627240143369,6,1,0.046875,1.0
rf2_ex20,cf_next_head,retrained,late,auc_lf_hard,False,7,-0.016186635944700458,5,2,0.078125,1.0
rf2_ex20,cf_next_head,retrained,late,auc_tok,False,7,-0.006158265540235994,6,1,0.03125,1.0
rf2_ex20,cf_next_head,retrained,late,d_all,False,7,-0.445389460957214,6,1,0.03125,1.0
rf2_ex20,cf_next_head,retrained,late,sel_auc,True,7,0.008196905381029315,1,6,0.03125,1.0
rf2_ex20,cf_next_head,retrained,late,sel_d,False,7,0.018851864574822907,2,5,0.21875,1.0
rf2_ex20,cf_next_head,retrained,middle,auc_all,False,7,-0.0011437037037036963,6,1,0.046875,1.0
rf2_ex20,cf_next_head,retrained,middle,auc_hf,False,7,-9.150326797383035e-05,4,3,0.46875,1.0
rf2_ex20,cf_next_head,retrained,middle,auc_lf,False,7,-0.003524492234169655,6,1,0.046875,1.0
rf2_ex20,cf_next_head,retrained,middle,auc_lf_hard,False,7,-0.004343389088012757,6,1,0.078125,1.0
rf2_ex20,cf_next_head,retrained,middle,auc_tok,False,7,-0.0015210872404042162,6,1,0.046875,1.0
rf2_ex20,cf_next_head,retrained,middle,d_all,False,7,-0.3159148719301541,5,2,0.078125,1.0
rf2_ex20,cf_next_head,retrained,middle,sel_auc,True,7,0.003739452292266983,1,6,0.03125,1.0
rf2_ex20,cf_next_head,retrained,middle,sel_d,False,7,0.08248701377324574,2,5,0.15625,1.0
rf2_ex20,cf_prev_head,frozen,all,auc_all,False,7,-0.057112161616161616,7,0,0.015625,0.6875
rf2_ex20,cf_prev_head,frozen,all,auc_hf,False,7,-0.04863933452168745,7,0,0.015625,0.6875
rf2_ex20,cf_prev_head,frozen,all,auc_lf,False,7,-0.06444916911045943,7,0,0.015625,0.6875
rf2_ex20,cf_prev_head,frozen,all,auc_lf_hard,False,7,-0.06370407706093191,7,0,0.015625,0.6875
rf2_ex20,cf_prev_head,frozen,all,auc_tok,False,7,-0.05885296666439914,7,0,0.015625,0.6875
rf2_ex20,cf_prev_head,frozen,all,d_all,False,7,-1.539270522081,7,0,0.015625,0.6875
rf2_ex20,cf_prev_head,frozen,all,sel_auc,True,7,0.014950585551913809,0,7,0.015625,0.6875
rf2_ex20,cf_prev_head,frozen,all,sel_d,False,7,-0.3880151536431269,7,0,0.015625,0.6875
rf2_ex20,cf_prev_head,frozen,early,auc_all,False,7,-0.007598399999999994,7,0,0.015625,0.6875
rf2_ex20,cf_prev_head,frozen,early,auc_hf,False,7,-0.006175163398692812,7,0,0.015625,0.6875
rf2_ex20,cf_prev_head,frozen,early,auc_lf,False,7,-0.010318279569892475,7,0,0.015625,0.6875
rf2_ex20,cf_prev_head,frozen,early,auc_lf_hard,False,7,-0.009292114695340492,7,0,0.015625,0.6875
rf2_ex20,cf_prev_head,frozen,early,auc_tok,False,7,-0.005838540104091916,7,0,0.015625,0.6875
rf2_ex20,cf_prev_head,frozen,early,d_all,False,7,-0.7301887443630404,7,0,0.015625,0.6875
rf2_ex20,cf_prev_head,frozen,early,sel_auc,True,7,0.004135795909761764,0,7,0.015625,0.6875
rf2_ex20,cf_prev_head,frozen,early,sel_d,False,7,-0.2222526916828651,7,0,0.015625,0.6875
rf2_ex20,cf_prev_head,frozen,late,auc_all,False,7,-0.13252211111111112,7,0,0.015625,0.6875
rf2_ex20,cf_prev_head,frozen,late,auc_hf,False,7,-0.11768758169934637,7,0,0.015625,0.6875
rf2_ex20,cf_prev_head,frozen,late,auc_lf,False,7,-0.1465127688172043,7,0,0.015625,0.6875
rf2_ex20,cf_prev_head,frozen,late,auc_lf_hard,False,7,-0.11622503840245775,7,0,0.015625,0.6875
rf2_ex20,cf_prev_head,frozen,late,auc_tok,False,7,-0.1419867467555727,7,0,0.015625,0.6875
rf2_ex20,cf_prev_head,frozen,late,d_all,False,7,-2.2683670825759545,7,0,0.015625,0.6875
rf2_ex20,cf_prev_head,frozen,late,sel_auc,True,7,0.019905301379811252,1,6,0.046875,0.875
rf2_ex20,cf_prev_head,frozen,late,sel_d,False,7,-0.7402476955359911,7,0,0.015625,0.6875
rf2_ex20,cf_prev_head,frozen,middle,auc_all,False,7,-0.026885925925925917,7,0,0.015625,0.6875
rf2_ex20,cf_prev_head,frozen,middle,auc_hf,False,7,-0.018323809523809503,7,0,0.015625,0.6875
rf2_ex20,cf_prev_head,frozen,middle,auc_lf,False,7,-0.03464277180406213,7,0,0.015625,0.6875
rf2_ex20,cf_prev_head,frozen,middle,auc_lf_hard,False,7,-0.03957586618876942,7,0,0.015625,0.6875
rf2_ex20,cf_prev_head,frozen,middle,auc_tok,False,7,-0.024586683131222205,7,0,0.015625,0.6875
rf2_ex20,cf_prev_head,frozen,middle,d_all,False,7,-1.5466911623546555,7,0,0.015625,0.6875
rf2_ex20,cf_prev_head,frozen,middle,sel_auc,True,7,0.020270623374797975,0,7,0.015625,0.6875
rf2_ex20,cf_prev_head,frozen,middle,sel_d,False,7,-0.37565677044644663,7,0,0.015625,0.6875
rf2_ex20,cf_prev_head,retrained,all,auc_all,False,7,-0.0029078730158730065,6,1,0.046875,1.0
rf2_ex20,cf_prev_head,retrained,all,auc_hf,False,7,-0.0006216619981325801,5,2,0.15625,1.0
rf2_ex20,cf_prev_head,retrained,all,auc_lf,False,7,-0.006003072196620595,7,0,0.015625,0.6875
rf2_ex20,cf_prev_head,retrained,all,auc_lf_hard,False,7,-0.007209188660801568,5,2,0.109375,1.0
rf2_ex20,cf_prev_head,retrained,all,auc_tok,False,7,-0.004457356035040184,6,1,0.03125,1.0
rf2_ex20,cf_prev_head,retrained,all,d_all,False,7,-0.34489059740124844,5,2,0.078125,1.0
rf2_ex20,cf_prev_head,retrained,all,sel_auc,True,7,0.005381410198488015,0,7,0.015625,0.6875
rf2_ex20,cf_prev_head,retrained,all,sel_d,False,7,0.0813902390987556,0,7,0.015625,0.6875
rf2_ex20,cf_prev_head,retrained,early,auc_all,False,7,-0.0005740444444444325,6,1,0.078125,1.0
rf2_ex20,cf_prev_head,retrained,early,auc_hf,False,7,4.313725490193154e-05,3,4,1.0,1.0
rf2_ex20,cf_prev_head,retrained,early,auc_lf,False,7,-0.000939247311827951,6,1,0.046875,1.0
rf2_ex20,cf_prev_head,retrained,early,auc_lf_hard,False,7,-0.0019287634408601928,5,2,0.109375,1.0
rf2_ex20,cf_prev_head,retrained,early,auc_tok,False,7,-0.0009202614038062884,6,1,0.078125,1.0
rf2_ex20,cf_prev_head,retrained,early,d_all,False,7,-0.09197223854176376,5,2,0.078125,1.0
rf2_ex20,cf_prev_head,retrained,early,sel_auc,True,7,0.0008885283575796099,1,6,0.046875,1.0
rf2_ex20,cf_prev_head,retrained,early,sel_d,False,7,0.10777872647602468,1,6,0.03125,1.0
rf2_ex20,cf_prev_head,retrained,late,auc_all,False,7,-0.005733530864197515,7,0,0.015625,0.6875
rf2_ex20,cf_prev_head,retrained,late,auc_hf,False,7,-0.0009551198257080618,5,2,0.15625,1.0
rf2_ex20,cf_prev_head,retrained,late,auc_lf,False,7,-0.012075866188769447,7,0,0.015625,0.6875
rf2_ex20,cf_prev_head,retrained,late,auc_lf_hard,False,7,-0.011886760752688158,6,1,0.046875,1.0
rf2_ex20,cf_prev_head,retrained,late,auc_tok,False,7,-0.009140292216874143,7,0,0.015625,0.6875
rf2_ex20,cf_prev_head,retrained,late,d_all,False,7,-0.48824785112737035,5,2,0.078125,1.0
rf2_ex20,cf_prev_head,retrained,late,sel_auc,True,7,0.011120746363061386,0,7,0.015625,0.6875
rf2_ex20,cf_prev_head,retrained,late,sel_d,False,7,0.038649515691560776,3,4,0.46875,1.0
rf2_ex20,cf_prev_head,retrained,middle,auc_all,False,7,-0.002675358024691358,5,2,0.109375,1.0
rf2_ex20,cf_prev_head,retrained,middle,auc_hf,False,7,-0.000914451706608557,5,2,0.15625,1.0
rf2_ex20,cf_prev_head,retrained,middle,auc_lf,False,7,-0.0055567502986857914,5,2,0.078125,1.0
rf2_ex20,cf_prev_head,retrained,middle,auc_lf_hard,False,7,-0.004704301075268821,4,3,0.21875,1.0
rf2_ex20,cf_prev_head,retrained,middle,auc_tok,False,7,-0.0032798670081322584,5,2,0.078125,1.0
rf2_ex20,cf_prev_head,retrained,middle,d_all,False,7,-0.4241662103659892,5,2,0.109375,1.0
rf2_ex20,cf_prev_head,retrained,middle,sel_auc,True,7,0.004634164968257316,1,6,0.03125,1.0
rf2_ex20,cf_prev_head,retrained,middle,sel_d,False,7,0.09738249968290813,1,6,0.078125,1.0
rf2_ex20,cka_high,frozen,all,auc_all,False,7,-0.004685206349206348,7,0,0.015625,0.6875
rf2_ex20,cka_high,frozen,all,auc_hf,False,7,-0.003073762838468715,7,0,0.015625,0.6875
rf2_ex20,cka_high,frozen,all,auc_lf,False,7,-0.006146121351766529,7,0,0.015625,0.6875
rf2_ex20,cka_high,frozen,all,auc_lf_hard,False,7,-0.0073620711725550314,6,1,0.03125,0.8125
rf2_ex20,cka_high,frozen,all,auc_tok,False,7,-0.00545807731518475,7,0,0.015625,0.6875
rf2_ex20,cka_high,frozen,all,d_all,False,7,-0.3496805418869357,7,0,0.015625,0.6875
rf2_ex20,cka_high,frozen,all,sel_auc,True,7,0.0034106415195599327,1,6,0.03125,0.875
rf2_ex20,cka_high,frozen,all,sel_d,False,7,-0.13704220341278794,6,1,0.046875,1.0
rf2_ex20,cka_high,frozen,early,auc_all,False,7,-0.0003059555555555593,4,0,0.125,0.6875
rf2_ex20,cka_high,frozen,early,auc_hf,False,7,-0.00015895424836603889,4,0,0.125,0.6875
rf2_ex20,cka_high,frozen,early,auc_lf,False,7,-0.00038279569892473163,4,0,0.125,0.6875
rf2_ex20,cka_high,frozen,early,auc_lf_hard,False,7,0.0,3,1,0.25,1.0
rf2_ex20,cka_high,frozen,early,auc_tok,False,7,-0.00015326819978347394,4,0,0.125,0.6875
rf2_ex20,cka_high,frozen,early,d_all,False,7,-0.033207351699161426,4,0,0.125,0.6875
rf2_ex20,cka_high,frozen,early,sel_auc,True,7,8.99852414083968e-05,0,4,0.125,0.875
rf2_ex20,cka_high,frozen,early,sel_d,False,7,-0.01947820879428755,4,0,0.125,1.0
rf2_ex20,cka_high,frozen,late,auc_all,False,7,-0.009197714285714254,7,0,0.015625,0.6875
rf2_ex20,cka_high,frozen,late,auc_hf,False,7,-0.005828571428571437,7,0,0.015625,0.6875
rf2_ex20,cka_high,frozen,late,auc_lf,False,7,-0.01257834101382487,7,0,0.015625,0.6875
rf2_ex20,cka_high,frozen,late,auc_lf_hard,False,7,-0.015776209677419356,6,1,0.03125,0.8125
rf2_ex20,cka_high,frozen,late,auc_tok,False,7,-0.012918818176325422,7,0,0.015625,0.6875
rf2_ex20,cka_high,frozen,late,d_all,False,7,-0.9271083396968941,7,0,0.015625,0.6875
rf2_ex20,cka_high,frozen,late,sel_auc,True,7,0.006749769585253433,1,6,0.03125,0.875
rf2_ex20,cka_high,frozen,late,sel_d,False,7,-0.24714805279991292,6,1,0.03125,1.0
rf2_ex20,cka_high,frozen,middle,auc_all,False,7,-0.00415111111111113,7,0,0.015625,0.6875
rf2_ex20,cka_high,frozen,middle,auc_hf,False,7,-0.0020845315904139466,7,0,0.015625,0.6875
rf2_ex20,cka_high,frozen,middle,auc_lf,False,7,-0.006734254992319547,7,0,0.015625,0.6875
rf2_ex20,cka_high,frozen,middle,auc_lf_hard,False,7,-0.00749487967229902,6,1,0.046875,0.8125
rf2_ex20,cka_high,frozen,middle,auc_tok,False,7,-0.0048005841674710024,7,0,0.015625,0.6875
rf2_ex20,cka_high,frozen,middle,d_all,False,7,-0.44123871773550516,7,0,0.015625,0.6875
rf2_ex20,cka_high,frozen,middle,sel_auc,True,7,0.0028298665702840725,1,6,0.03125,0.875
rf2_ex20,cka_high,frozen,middle,sel_d,False,7,-0.08980200246962794,5,2,0.15625,1.0
rf2_ex20,cka_high,retrained,all,auc_all,False,7,-0.0003521616161616241,5,2,0.15625,1.0
rf2_ex20,cka_high,retrained,all,auc_hf,False,7,5.4188948306595336e-05,3,4,1.0,1.0
rf2_ex20,cka_high,retrained,all,auc_lf,False,7,-0.0006626344086021672,5,2,0.078125,1.0
rf2_ex20,cka_high,retrained,all,auc_lf_hard,False,7,-0.0004094982078852949,5,2,0.15625,1.0
rf2_ex20,cka_high,retrained,all,auc_tok,False,7,-0.0005124468685769443,4,3,0.21875,1.0
rf2_ex20,cka_high,retrained,all,d_all,False,7,-0.02346988143115961,7,0,0.015625,0.6875
rf2_ex20,cka_high,retrained,all,sel_auc,True,7,0.0007186568175657651,2,5,0.078125,1.0
rf2_ex20,cka_high,retrained,all,sel_d,False,7,0.01172853435029883,2,5,0.578125,1.0
rf2_ex20,cka_high,retrained,early,auc_all,False,7,0.0,3,1,0.375,1.0
rf2_ex20,cka_high,retrained,early,auc_hf,False,7,0.0,2,2,0.875,1.0
rf2_ex20,cka_high,retrained,early,auc_lf,False,7,0.0,3,1,0.375,1.0
rf2_ex20,cka_high,retrained,early,auc_lf_hard,False,7,0.0,2,1,0.5,1.0
rf2_ex20,cka_high,retrained,early,auc_tok,False,7,0.0,3,1,0.375,1.0
rf2_ex20,cka_high,retrained,early,d_all,False,7,-0.0023966018691864654,4,0,0.125,1.0
rf2_ex20,cka_high,retrained,early,sel_auc,True,7,0.0,1,3,0.375,1.0
rf2_ex20,cka_high,retrained,early,sel_d,False,7,0.0,1,3,0.375,1.0
rf2_ex20,cka_high,retrained,late,auc_all,False,7,-0.0008891428571428424,4,3,0.21875,1.0
rf2_ex20,cka_high,retrained,late,auc_hf,False,7,0.00020915032679739523,3,4,0.578125,1.0
rf2_ex20,cka_high,retrained,late,auc_lf,False,7,-0.0017974910394265636,5,2,0.109375,1.0
rf2_ex20,cka_high,retrained,late,auc_lf_hard,False,7,-0.0004704301075268733,4,3,0.375,1.0
rf2_ex20,cka_high,retrained,late,auc_tok,False,7,-0.0013713114487425848,4,3,0.21875,1.0
rf2_ex20,cka_high,retrained,late,d_all,False,7,-0.09633280724275776,7,0,0.015625,0.6875
rf2_ex20,cka_high,retrained,late,sel_auc,True,7,0.0017643805909460322,2,5,0.078125,1.0
rf2_ex20,cka_high,retrained,late,sel_d,False,7,0.0004925594574285708,3,4,0.8125,1.0
rf2_ex20,cka_high,retrained,middle,auc_all,False,7,-0.00012977777777777188,6,1,0.046875,1.0
rf2_ex20,cka_high,retrained,middle,auc_hf,False,7,-3.4858387799535035e-05,5,2,0.578125,1.0
rf2_ex20,cka_high,retrained,middle,auc_lf,False,7,-0.0004132104454685402,6,1,0.03125,1.0
rf2_ex20,cka_high,retrained,middle,auc_lf_hard,False,7,-0.0005096326164874543,6,1,0.15625,1.0
rf2_ex20,cka_high,retrained,middle,auc_tok,False,7,-0.00013623839980753734,5,2,0.21875,1.0
rf2_ex20,cka_high,retrained,middle,d_all,False,7,-0.014079524545873332,6,1,0.21875,1.0
rf2_ex20,cka_high,retrained,middle,sel_auc,True,7,0.00022917984398064376,1,6,0.046875,1.0
rf2_ex20,cka_high,retrained,middle,sel_d,False,7,0.03599621407683445,2,5,0.296875,1.0
rf2_ex20,cka_low,frozen,all,auc_all,False,7,-0.003845777777777772,7,0,0.015625,0.6875
rf2_ex20,cka_low,frozen,all,auc_hf,False,7,-0.002808278867102378,7,0,0.015625,0.6875
rf2_ex20,cka_low,frozen,all,auc_lf,False,7,-0.00615905017921146,6,1,0.03125,0.6875
rf2_ex20,cka_low,frozen,all,auc_lf_hard,False,7,-0.010676149940262855,6,1,0.046875,0.8125
rf2_ex20,cka_low,frozen,all,auc_tok,False,7,-0.005175014581442705,7,0,0.015625,0.6875
rf2_ex20,cka_low,frozen,all,d_all,False,7,-0.5073517936667502,7,0,0.015625,0.6875
rf2_ex20,cka_low,frozen,all,sel_auc,True,7,0.003350771312109082,1,6,0.03125,0.875
rf2_ex20,cka_low,frozen,all,sel_d,False,7,-0.2285396612866128,7,0,0.015625,0.6875
rf2_ex20,cka_low,frozen,early,auc_all,False,7,-0.0015879111111111177,6,0,0.03125,0.6875
rf2_ex20,cka_low,frozen,early,auc_hf,False,7,-0.0008183006535947612,6,0,0.03125,0.6875
rf2_ex20,cka_low,frozen,early,auc_lf,False,7,-0.002658602150537648,5,1,0.0625,0.6875
rf2_ex20,cka_low,frozen,early,auc_lf_hard,False,7,-0.0036424731182795544,5,1,0.0625,0.8125
rf2_ex20,cka_low,frozen,early,auc_tok,False,7,-0.002599689550369777,6,0,0.03125,0.6875
rf2_ex20,cka_low,frozen,early,d_all,False,7,-0.2775165054187304,6,0,0.03125,0.6875
rf2_ex20,cka_low,frozen,early,sel_auc,True,7,0.0018403014969428865,1,5,0.09375,0.875
rf2_ex20,cka_low,frozen,early,sel_d,False,7,-0.06865019964458656,6,0,0.03125,1.0
rf2_ex20,cka_low,frozen,late,auc_all,False,7,-0.007843753086419738,7,0,0.015625,0.6875
rf2_ex20,cka_low,frozen,late,auc_hf,False,7,-0.0055506172839506025,7,0,0.015625,0.6875
rf2_ex20,cka_low,frozen,late,auc_lf,False,7,-0.01149522102747913,7,0,0.015625,0.6875
rf2_ex20,cka_low,frozen,late,auc_lf_hard,False,7,-0.017495519713261656,6,1,0.03125,0.8125
rf2_ex20,cka_low,frozen,late,auc_tok,False,7,-0.009935257773197863,7,0,0.015625,0.6875
rf2_ex20,cka_low,frozen,late,d_all,False,7,-0.7014113868371479,7,0,0.015625,0.6875
rf2_ex20,cka_low,frozen,late,sel_auc,True,7,0.0064593459367020545,1,6,0.03125,0.875
rf2_ex20,cka_low,frozen,late,sel_d,False,7,-0.29019200362037745,7,0,0.015625,0.6875
rf2_ex20,cka_low,frozen,middle,auc_all,False,7,-0.0026604444444444375,7,0,0.015625,0.6875
rf2_ex20,cka_low,frozen,middle,auc_hf,False,7,-0.0020849673202614216,7,0,0.015625,0.6875
rf2_ex20,cka_low,frozen,middle,auc_lf,False,7,-0.003990591397849436,6,1,0.046875,0.6875
rf2_ex20,cka_low,frozen,middle,auc_lf_hard,False,7,-0.005926423735563537,6,1,0.078125,0.859375
rf2_ex20,cka_low,frozen,middle,auc_tok,False,7,-0.0040228389237726425,7,0,0.015625,0.6875
rf2_ex20,cka_low,frozen,middle,d_all,False,7,-0.5335168526300547,7,0,0.015625,0.6875
rf2_ex20,cka_low,frozen,middle,sel_auc,True,7,0.001905624077588014,1,6,0.046875,0.875
rf2_ex20,cka_low,frozen,middle,sel_d,False,7,-0.359545036476729,5,2,0.078125,1.0
rf2_ex20,cka_low,retrained,all,auc_all,False,7,-0.0009470476190476093,5,2,0.109375,1.0
rf2_ex20,cka_low,retrained,all,auc_hf,False,7,-0.0001830065359477162,6,1,0.109375,1.0
rf2_ex20,cka_low,retrained,all,auc_lf,False,7,-0.0018930491551459397,5,2,0.15625,1.0
rf2_ex20,cka_low,retrained,all,auc_lf_hard,False,7,-0.003066596262160766,5,2,0.109375,1.0
rf2_ex20,cka_low,retrained,all,auc_tok,False,7,-0.0014667626961041014,5,2,0.078125,1.0
rf2_ex20,cka_low,retrained,all,d_all,False,7,-0.17940601163512926,6,1,0.046875,1.0
rf2_ex20,cka_low,retrained,all,sel_auc,True,7,0.0017369333755007457,2,5,0.15625,1.0
rf2_ex20,cka_low,retrained,all,sel_d,False,7,0.0466278240110608,0,7,0.015625,0.6875
rf2_ex20,cka_low,retrained,early,auc_all,False,7,-0.0006447999999999899,4,2,0.15625,1.0
rf2_ex20,cka_low,retrained,early,auc_hf,False,7,-1.3594771241831616e-05,5,1,0.3125,1.0
rf2_ex20,cka_low,retrained,early,auc_lf,False,7,-0.0012220430107526936,4,2,0.15625,1.0
rf2_ex20,cka_low,retrained,early,auc_lf_hard,False,7,-0.0022468637992831496,4,2,0.15625,1.0
rf2_ex20,cka_low,retrained,early,auc_tok,False,7,-0.0010083090930435913,5,1,0.09375,1.0
rf2_ex20,cka_low,retrained,early,d_all,False,7,-0.1036918337182314,5,1,0.09375,1.0
rf2_ex20,cka_low,retrained,early,sel_auc,True,7,0.0011436116382036899,2,4,0.15625,1.0
rf2_ex20,cka_low,retrained,early,sel_d,False,7,0.09777538727709488,1,5,0.0625,1.0
rf2_ex20,cka_low,retrained,late,auc_all,False,7,-0.001326814814814793,5,2,0.078125,1.0
rf2_ex20,cka_low,retrained,late,auc_hf,False,7,-0.0005176470588235434,5,2,0.15625,1.0
rf2_ex20,cka_low,retrained,late,auc_lf,False,7,-0.003017323775388313,5,2,0.109375,1.0
rf2_ex20,cka_low,retrained,late,auc_lf_hard,False,7,-0.005702409398645945,5,2,0.109375,1.0
rf2_ex20,cka_low,retrained,late,auc_tok,False,7,-0.002319676158424976,5,2,0.109375,1.0
rf2_ex20,cka_low,retrained,late,d_all,False,7,-0.20337221072029793,6,1,0.046875,1.0
rf2_ex20,cka_low,retrained,late,sel_auc,True,7,0.0030144189097383407,2,5,0.109375,1.0
rf2_ex20,cka_low,retrained,late,sel_d,False,7,0.07077339484687684,2,5,0.375,1.0
rf2_ex20,cka_low,retrained,middle,auc_all,False,7,-0.0008319999999999932,6,1,0.078125,1.0
rf2_ex20,cka_low,retrained,middle,auc_hf,False,7,-0.0003673202614379034,6,1,0.046875,1.0
rf2_ex20,cka_low,retrained,middle,auc_lf,False,7,-0.0015143369175627283,5,2,0.109375,1.0
rf2_ex20,cka_low,retrained,middle,auc_lf_hard,False,7,-0.000823874950219023,5,2,0.15625,1.0
rf2_ex20,cka_low,retrained,middle,auc_tok,False,7,-0.0006230276214334307,6,1,0.046875,1.0
rf2_ex20,cka_low,retrained,middle,d_all,False,7,-0.21201419967395296,5,2,0.078125,1.0
rf2_ex20,cka_low,retrained,middle,sel_auc,True,7,0.001118694216037657,3,4,0.21875,1.0
rf2_ex20,cka_low,retrained,middle,sel_d,False,7,0.04194712453253863,1,6,0.046875,1.0
rf2_ex20,fidelity_high,frozen,all,auc_all,False,7,-0.0048096969696969786,7,0,0.015625,0.6875
rf2_ex20,fidelity_high,frozen,all,auc_hf,False,7,-0.0030339869281045856,7,0,0.015625,0.6875
rf2_ex20,fidelity_high,frozen,all,auc_lf,False,7,-0.0063621700879765404,7,0,0.015625,0.6875
rf2_ex20,fidelity_high,frozen,all,auc_lf_hard,False,7,-0.005419280167264053,7,0,0.015625,0.6875
rf2_ex20,fidelity_high,frozen,all,auc_tok,False,7,-0.00557072169461147,7,0,0.015625,0.6875
rf2_ex20,fidelity_high,frozen,all,d_all,False,7,-0.4042675886896332,7,0,0.015625,0.6875
rf2_ex20,fidelity_high,frozen,all,sel_auc,True,7,0.002567493991144843,1,6,0.03125,0.875
rf2_ex20,fidelity_high,frozen,all,sel_d,False,7,-0.13228986488641403,7,0,0.015625,0.6875
rf2_ex20,fidelity_high,frozen,early,auc_all,False,7,-0.0005688888888888688,7,0,0.015625,0.6875
rf2_ex20,fidelity_high,frozen,early,auc_hf,False,7,-0.0004392156862745078,7,0,0.015625,0.6875
rf2_ex20,fidelity_high,frozen,early,auc_lf,False,7,-0.0007728494623655824,7,0,0.015625,0.6875
rf2_ex20,fidelity_high,frozen,early,auc_lf_hard,False,7,-0.0017333109318996565,5,2,0.109375,0.984375
rf2_ex20,fidelity_high,frozen,early,auc_tok,False,7,-0.0006051338777369325,7,0,0.015625,0.6875
rf2_ex20,fidelity_high,frozen,early,d_all,False,7,-0.09407638072006497,7,0,0.015625,0.6875
rf2_ex20,fidelity_high,frozen,early,sel_auc,True,7,0.00034202684658092406,1,6,0.046875,0.875
rf2_ex20,fidelity_high,frozen,early,sel_d,False,7,-0.05641791221376252,6,1,0.03125,1.0
rf2_ex20,fidelity_high,frozen,late,auc_all,False,7,-0.007095555555555549,7,0,0.015625,0.6875
rf2_ex20,fidelity_high,frozen,late,auc_hf,False,7,-0.005461147421931761,7,0,0.015625,0.6875
rf2_ex20,fidelity_high,frozen,late,auc_lf,False,7,-0.00999731182795699,7,0,0.015625,0.6875
rf2_ex20,fidelity_high,frozen,late,auc_lf_hard,False,7,-0.007672491039426521,7,0,0.015625,0.6875
rf2_ex20,fidelity_high,frozen,late,auc_tok,False,7,-0.009620327292839265,7,0,0.015625,0.6875
rf2_ex20,fidelity_high,frozen,late,d_all,False,7,-0.6867676117840735,7,0,0.015625,0.6875
rf2_ex20,fidelity_high,frozen,late,sel_auc,True,7,0.005652295488087725,1,6,0.03125,0.875
rf2_ex20,fidelity_high,frozen,late,sel_d,False,7,-0.2382671238988613,7,0,0.015625,0.6875
rf2_ex20,fidelity_high,frozen,middle,auc_all,False,7,-0.00340088888888887,7,0,0.015625,0.6875
rf2_ex20,fidelity_high,frozen,middle,auc_hf,False,7,-0.002860711692084251,7,0,0.015625,0.6875
rf2_ex20,fidelity_high,frozen,middle,auc_lf,False,7,-0.00424059139784945,7,0,0.015625,0.6875
rf2_ex20,fidelity_high,frozen,middle,auc_lf_hard,False,7,-0.006306003584229419,6,1,0.03125,0.8125
rf2_ex20,fidelity_high,frozen,middle,auc_tok,False,7,-0.004137333645606617,7,0,0.015625,0.6875
rf2_ex20,fidelity_high,frozen,middle,d_all,False,7,-0.49902061390742947,7,0,0.015625,0.6875
rf2_ex20,fidelity_high,frozen,middle,sel_auc,True,7,0.001905624077588014,1,6,0.03125,0.875
rf2_ex20,fidelity_high,frozen,middle,sel_d,False,7,-0.1779409043559267,5,2,0.078125,1.0
rf2_ex20,fidelity_high,retrained,all,auc_all,False,7,-0.0002598095238095193,5,2,0.078125,1.0
rf2_ex20,fidelity_high,retrained,all,auc_hf,False,7,-0.00026405228758170717,5,2,0.109375,1.0
rf2_ex20,fidelity_high,retrained,all,auc_lf,False,7,-0.0005097926267281268,5,2,0.109375,1.0
rf2_ex20,fidelity_high,retrained,all,auc_lf_hard,False,7,-0.0005056323604710636,5,2,0.46875,1.0
rf2_ex20,fidelity_high,retrained,all,auc_tok,False,7,-0.0002997814181175118,6,1,0.03125,1.0
rf2_ex20,fidelity_high,retrained,all,d_all,False,7,-0.03494663201870537,6,1,0.03125,1.0
rf2_ex20,fidelity_high,retrained,all,sel_auc,True,7,0.00020764510105119363,2,5,0.296875,1.0
rf2_ex20,fidelity_high,retrained,all,sel_d,False,7,0.051173093693337106,3,4,0.9375,1.0
rf2_ex20,fidelity_high,retrained,early,auc_all,False,7,-2.7199999999993895e-05,4,3,0.46875,1.0
rf2_ex20,fidelity_high,retrained,early,auc_hf,False,7,-8.88888888889161e-06,4,3,0.6875,1.0
rf2_ex20,fidelity_high,retrained,early,auc_lf,False,7,2.0967741935484784e-05,3,4,0.6875,1.0
rf2_ex20,fidelity_high,retrained,early,auc_lf_hard,False,7,-8.120519713261665e-05,4,3,0.296875,1.0
rf2_ex20,fidelity_high,retrained,early,auc_tok,False,7,-1.708039171031961e-05,5,2,0.375,1.0
rf2_ex20,fidelity_high,retrained,early,d_all,False,7,-0.008793602910324704,6,1,0.296875,1.0
rf2_ex20,fidelity_high,retrained,early,sel_auc,True,7,3.7440438541014315e-05,3,4,0.6875,1.0
rf2_ex20,fidelity_high,retrained,early,sel_d,False,7,0.0077288898118997,3,4,0.578125,1.0
rf2_ex20,fidelity_high,retrained,late,auc_all,False,7,-0.0004146172839506344,6,1,0.109375,1.0
rf2_ex20,fidelity_high,retrained,late,auc_hf,False,7,-0.00039215686274511147,5,2,0.46875,1.0
rf2_ex20,fidelity_high,retrained,late,auc_lf,False,7,-0.0011105137395460336,5,2,0.15625,1.0
rf2_ex20,fidelity_high,retrained,late,auc_lf_hard,False,7,-0.0008985463958582166,5,2,0.375,1.0
rf2_ex20,fidelity_high,retrained,late,auc_tok,False,7,-0.0006477896707912656,6,1,0.046875,1.0
rf2_ex20,fidelity_high,retrained,late,d_all,False,7,-0.07681708345038689,7,0,0.015625,0.6875
rf2_ex20,fidelity_high,retrained,late,sel_auc,True,7,0.0002866938412163294,2,5,0.21875,1.0
rf2_ex20,fidelity_high,retrained,late,sel_d,False,7,0.021020351080148644,3,4,1.0,1.0
rf2_ex20,fidelity_high,retrained,middle,auc_all,False,7,-0.00030222222222220374,6,1,0.109375,1.0
rf2_ex20,fidelity_high,retrained,middle,auc_hf,False,7,-0.0002920634920634863,7,0,0.015625,0.6875
rf2_ex20,fidelity_high,retrained,middle,auc_lf,False,7,-0.0004988052568697881,4,3,0.296875,1.0
rf2_ex20,fidelity_high,retrained,middle,auc_lf_hard,False,7,-0.0005177220230983733,4,3,0.46875,1.0
rf2_ex20,fidelity_high,retrained,middle,auc_tok,False,7,-0.0006230276214334307,5,2,0.15625,1.0
rf2_ex20,fidelity_high,retrained,middle,d_all,False,7,-0.021442906671474502,6,1,0.078125,1.0
rf2_ex20,fidelity_high,retrained,middle,sel_auc,True,7,0.0003651814369714697,3,4,0.578125,1.0
rf2_ex20,fidelity_high,retrained,middle,sel_d,False,7,0.03782739059377388,3,4,0.6875,1.0
rf2_ex20,full,frozen,all,auc_all,False,7,-0.0394791111111111,7,0,0.015625,0.6875
rf2_ex20,full,frozen,all,auc_hf,False,7,-0.0331736694677871,7,0,0.015625,0.6875
rf2_ex20,full,frozen,all,auc_lf,False,7,-0.05829838709677421,7,0,0.015625,0.6875
rf2_ex20,full,frozen,all,auc_lf_hard,False,7,-0.0641801075268817,7,0,0.015625,0.6875
rf2_ex20,full,frozen,all,auc_tok,False,7,-0.04711693832623007,7,0,0.015625,0.6875
rf2_ex20,full,frozen,all,d_all,False,7,-1.5237669671213587,7,0,0.015625,0.6875
rf2_ex20,full,frozen,all,sel_auc,True,7,0.01790144806700783,0,7,0.015625,0.6875
rf2_ex20,full,frozen,all,sel_d,False,7,-0.33611392330117673,7,0,0.015625,0.6875
rf2_ex20,full,frozen,early,auc_all,False,7,-0.0069998222222221965,7,0,0.015625,0.6875
rf2_ex20,full,frozen,early,auc_hf,False,7,-0.004490196078431374,7,0,0.015625,0.6875
rf2_ex20,full,frozen,early,auc_lf,False,7,-0.009447849462365598,7,0,0.015625,0.6875
rf2_ex20,full,frozen,early,auc_lf_hard,False,7,-0.008047715053763449,7,0,0.015625,0.6875
rf2_ex20,full,frozen,early,auc_tok,False,7,-0.0059311532290674766,7,0,0.015625,0.6875
rf2_ex20,full,frozen,early,d_all,False,7,-0.7250964287051015,7,0,0.015625,0.6875
rf2_ex20,full,frozen,early,sel_auc,True,7,0.00418353573687541,0,7,0.015625,0.6875
rf2_ex20,full,frozen,early,sel_d,False,7,-0.16935554254164276,7,0,0.015625,0.6875
rf2_ex20,full,frozen,late,auc_all,False,7,-0.0946868148148148,7,0,0.015625,0.6875
rf2_ex20,full,frozen,late,auc_hf,False,7,-0.08619026870007258,7,0,0.015625,0.6875
rf2_ex20,full,frozen,late,auc_lf,False,7,-0.11666532258064519,7,0,0.015625,0.6875
rf2_ex20,full,frozen,late,auc_lf_hard,False,7,-0.1295866935483871,7,0,0.015625,0.6875
rf2_ex20,full,frozen,late,auc_tok,False,7,-0.09717116179197713,7,0,0.015625,0.6875
rf2_ex20,full,frozen,late,d_all,False,7,-2.3018849146064984,7,0,0.015625,0.6875
rf2_ex20,full,frozen,late,sel_auc,True,7,0.03102192705039005,0,7,0.015625,0.6875
rf2_ex20,full,frozen,late,sel_d,False,7,-0.5871901982595449,6,1,0.046875,1.0
rf2_ex20,full,frozen,middle,auc_all,False,7,-0.024319012345679028,7,0,0.015625,0.6875
rf2_ex20,full,frozen,middle,auc_hf,False,7,-0.014876978939724025,7,0,0.015625,0.6875
rf2_ex20,full,frozen,middle,auc_lf,False,7,-0.03899761051373954,7,0,0.015625,0.6875
rf2_ex20,full,frozen,middle,auc_lf_hard,False,7,-0.044326036866359435,7,0,0.015625,0.6875
rf2_ex20,full,frozen,middle,auc_tok,False,7,-0.02866151569567816,7,0,0.015625,0.6875
rf2_ex20,full,frozen,middle,d_all,False,7,-1.5599813874927,7,0,0.015625,0.6875
rf2_ex20,full,frozen,middle,sel_auc,True,7,0.018975903670906846,0,7,0.015625,0.6875
rf2_ex20,full,frozen,middle,sel_d,False,7,-0.2988733565414783,7,0,0.015625,0.6875
rf2_ex20,full,retrained,all,auc_all,False,7,-0.003311746031746019,6,1,0.046875,1.0
rf2_ex20,full,retrained,all,auc_hf,False,7,-0.0003886087768440738,5,2,0.15625,1.0
rf2_ex20,full,retrained,all,auc_lf,False,7,-0.007069316436251931,7,0,0.015625,0.6875
rf2_ex20,full,retrained,all,auc_lf_hard,False,7,-0.008863767281105994,5,2,0.078125,1.0
rf2_ex20,full,retrained,all,auc_tok,False,7,-0.004225590292206522,6,1,0.03125,1.0
rf2_ex20,full,retrained,all,d_all,False,7,-0.4284683537158402,5,2,0.078125,1.0
rf2_ex20,full,retrained,all,sel_auc,True,7,0.0066807076594078574,0,7,0.015625,0.6875
rf2_ex20,full,retrained,all,sel_d,False,7,0.09985848920045431,0,7,0.015625,0.6875
rf2_ex20,full,retrained,early,auc_all,False,7,-0.0005950222222221968,6,1,0.046875,1.0
rf2_ex20,full,retrained,early,auc_hf,False,7,-3.8692810457507944e-05,4,3,0.578125,1.0
rf2_ex20,full,retrained,early,auc_lf,False,7,-0.0009655913978494635,6,1,0.03125,1.0
rf2_ex20,full,retrained,early,auc_lf_hard,False,7,-0.0016353046594982045,5,2,0.078125,1.0
rf2_ex20,full,retrained,early,auc_tok,False,7,-0.0008485188422055146,6,1,0.03125,1.0
rf2_ex20,full,retrained,early,d_all,False,7,-0.14712532606949313,5,2,0.078125,1.0
rf2_ex20,full,retrained,early,sel_auc,True,7,0.0009268985873919555,0,7,0.015625,0.6875
rf2_ex20,full,retrained,early,sel_d,False,7,0.11487437536495126,1,6,0.03125,1.0
rf2_ex20,full,retrained,late,auc_all,False,7,-0.0071257283950617095,7,0,0.015625,0.6875
rf2_ex20,full,retrained,late,auc_hf,False,7,-0.0008389251997095171,4,3,0.21875,1.0
rf2_ex20,full,retrained,late,auc_lf,False,7,-0.015200119474313038,7,0,0.015625,0.6875
rf2_ex20,full,retrained,late,auc_lf_hard,False,7,-0.017918657905217048,6,1,0.03125,1.0
rf2_ex20,full,retrained,late,auc_tok,False,7,-0.00887651148533191,7,0,0.015625,0.6875
rf2_ex20,full,retrained,late,d_all,False,7,-0.6007205489044882,6,1,0.046875,1.0
rf2_ex20,full,retrained,late,sel_auc,True,7,0.014361194274603521,0,7,0.015625,0.6875
rf2_ex20,full,retrained,late,sel_d,False,7,0.09171870721445505,1,6,0.109375,1.0
rf2_ex20,full,retrained,middle,auc_all,False,7,-0.0025163456790123525,5,2,0.078125,1.0
rf2_ex20,full,retrained,middle,auc_hf,False,7,-0.0003270878721859259,5,2,0.296875,1.0
rf2_ex20,full,retrained,middle,auc_lf,False,7,-0.005720430107526899,5,2,0.078125,1.0
rf2_ex20,full,retrained,middle,auc_lf_hard,False,7,-0.007254864311315961,4,3,0.21875,1.0
rf2_ex20,full,retrained,middle,auc_tok,False,7,-0.003290012420883892,5,2,0.078125,1.0
rf2_ex20,full,retrained,middle,d_all,False,7,-0.47809149592069733,5,2,0.109375,1.0
rf2_ex20,full,retrained,middle,sel_auc,True,7,0.005393342235340973,1,6,0.046875,1.0
rf2_ex20,full,retrained,middle,sel_d,False,7,0.09385632432748747,1,6,0.03125,1.0
rf2_ex20,kvdist_high,frozen,all,auc_all,False,7,-0.004550303030303016,7,0,0.015625,0.6875
rf2_ex20,kvdist_high,frozen,all,auc_hf,False,7,-0.003671006535947705,7,0,0.015625,0.6875
rf2_ex20,kvdist_high,frozen,all,auc_lf,False,7,-0.006389296187683297,7,0,0.015625,0.6875
rf2_ex20,kvdist_high,frozen,all,auc_lf_hard,False,7,-0.008446940604198669,6,1,0.03125,0.8125
rf2_ex20,kvdist_high,frozen,all,auc_tok,False,7,-0.0052183616675392,7,0,0.015625,0.6875
rf2_ex20,kvdist_high,frozen,all,d_all,False,7,-0.4790545302785078,7,0,0.015625,0.6875
rf2_ex20,kvdist_high,frozen,all,sel_auc,True,7,0.0029742040902382516,0,7,0.015625,0.6875
rf2_ex20,kvdist_high,frozen,all,sel_d,False,7,-0.203612904356403,6,1,0.03125,1.0
rf2_ex20,kvdist_high,frozen,early,auc_all,False,7,-0.0015879111111111177,6,0,0.03125,0.6875
rf2_ex20,kvdist_high,frozen,early,auc_hf,False,7,-0.0012857516339869423,6,0,0.03125,0.6875
rf2_ex20,kvdist_high,frozen,early,auc_lf,False,7,-0.002658602150537648,6,0,0.03125,0.6875
rf2_ex20,kvdist_high,frozen,early,auc_lf_hard,False,7,-0.0004984318996415771,4,2,0.15625,1.0
rf2_ex20,kvdist_high,frozen,early,auc_tok,False,7,-0.0015954567392353347,6,0,0.03125,0.6875
rf2_ex20,kvdist_high,frozen,early,d_all,False,7,-0.2775165054187304,6,0,0.03125,0.6875
rf2_ex20,kvdist_high,frozen,early,sel_auc,True,7,0.0011767235926628677,1,5,0.0625,0.875
rf2_ex20,kvdist_high,frozen,early,sel_d,False,7,-0.1241525776724951,5,1,0.0625,1.0
rf2_ex20,kvdist_high,frozen,late,auc_all,False,7,-0.009396888888888885,7,0,0.015625,0.6875
rf2_ex20,kvdist_high,frozen,late,auc_hf,False,7,-0.00899019607843135,7,0,0.015625,0.6875
rf2_ex20,kvdist_high,frozen,late,auc_lf,False,7,-0.010816606929510166,7,0,0.015625,0.6875
rf2_ex20,kvdist_high,frozen,late,auc_lf_hard,False,7,-0.015561529271206674,6,1,0.03125,0.8125
rf2_ex20,kvdist_high,frozen,late,auc_tok,False,7,-0.011544926018791493,7,0,0.015625,0.6875
rf2_ex20,kvdist_high,frozen,late,d_all,False,7,-0.688454198142492,7,0,0.015625,0.6875
rf2_ex20,kvdist_high,frozen,late,sel_auc,True,7,0.005375793567128164,0,7,0.015625,0.6875
rf2_ex20,kvdist_high,frozen,late,sel_d,False,7,-0.26714167577762404,6,1,0.046875,1.0
rf2_ex20,kvdist_high,frozen,middle,auc_all,False,7,-0.004006603174603155,7,0,0.015625,0.6875
rf2_ex20,kvdist_high,frozen,middle,auc_hf,False,7,-0.002771988795518194,7,0,0.015625,0.6875
rf2_ex20,kvdist_high,frozen,middle,auc_lf,False,7,-0.0066751152073732944,7,0,0.015625,0.6875
rf2_ex20,kvdist_high,frozen,middle,auc_lf_hard,False,7,-0.007190860215053758,7,0,0.015625,0.6875
rf2_ex20,kvdist_high,frozen,middle,auc_tok,False,7,-0.004616680425088671,7,0,0.015625,0.6875
rf2_ex20,kvdist_high,frozen,middle,d_all,False,7,-0.570826473123456,7,0,0.015625,0.6875
rf2_ex20,kvdist_high,frozen,middle,sel_auc,True,7,0.0019863430318363684,0,7,0.015625,0.6875
rf2_ex20,kvdist_high,frozen,middle,sel_d,False,7,-0.11811094262307709,5,2,0.109375,1.0
rf2_ex20,kvdist_high,retrained,all,auc_all,False,7,-0.00023219047619048107,6,1,0.109375,1.0
rf2_ex20,kvdist_high,retrained,all,auc_hf,False,7,-4.31372549019593e-05,5,2,0.9375,1.0
rf2_ex20,kvdist_high,retrained,all,auc_lf,False,7,-0.0004385560675883344,6,1,0.109375,1.0
rf2_ex20,kvdist_high,retrained,all,auc_lf_hard,False,7,-0.000388824884792626,4,3,0.46875,1.0
rf2_ex20,kvdist_high,retrained,all,auc_tok,False,7,-0.0004977714155578007,6,1,0.078125,1.0
rf2_ex20,kvdist_high,retrained,all,d_all,False,7,-0.06391032299396239,7,0,0.015625,0.6875
rf2_ex20,kvdist_high,retrained,all,sel_auc,True,7,0.0007962509343913606,1,6,0.046875,1.0
rf2_ex20,kvdist_high,retrained,all,sel_d,False,7,0.06517659401738808,1,6,0.03125,1.0
rf2_ex20,kvdist_high,retrained,early,auc_all,False,7,-0.00019812345679013108,4,2,0.21875,1.0
rf2_ex20,kvdist_high,retrained,early,auc_hf,False,7,-5.94771241830272e-05,4,2,0.3125,1.0
rf2_ex20,kvdist_high,retrained,early,auc_lf,False,7,-0.00033751493428912926,5,1,0.09375,1.0
rf2_ex20,kvdist_high,retrained,early,auc_lf_hard,False,7,-0.000526433691756284,5,0,0.0625,1.0
rf2_ex20,kvdist_high,retrained,early,auc_tok,False,7,-0.0003880454449434683,5,1,0.09375,1.0
rf2_ex20,kvdist_high,retrained,early,d_all,False,7,-0.008793602910324704,5,1,0.15625,1.0
rf2_ex20,kvdist_high,retrained,early,sel_auc,True,7,0.00026118753953194296,1,5,0.0625,1.0
rf2_ex20,kvdist_high,retrained,early,sel_d,False,7,0.0208242029469079,0,6,0.03125,1.0
rf2_ex20,kvdist_high,retrained,late,auc_all,False,7,-0.0006857142857142737,5,2,0.078125,1.0
rf2_ex20,kvdist_high,retrained,late,auc_hf,False,7,1.5105301379812906e-05,3,4,0.6875,1.0
rf2_ex20,kvdist_high,retrained,late,auc_lf,False,7,-0.0018840245775729578,6,1,0.03125,1.0
rf2_ex20,kvdist_high,retrained,late,auc_lf_hard,False,7,-0.0008188968538430899,5,2,0.375,1.0
rf2_ex20,kvdist_high,retrained,late,auc_tok,False,7,-0.001581156261183587,5,2,0.078125,1.0
rf2_ex20,kvdist_high,retrained,late,d_all,False,7,-0.1869463263029492,7,0,0.015625,0.6875
rf2_ex20,kvdist_high,retrained,late,sel_auc,True,7,0.0024166109454534395,1,6,0.03125,1.0
rf2_ex20,kvdist_high,retrained,late,sel_d,False,7,0.087180197879859,1,6,0.03125,1.0
rf2_ex20,kvdist_high,retrained,middle,auc_all,False,7,-4.582716049382639e-05,5,2,0.296875,1.0
rf2_ex20,kvdist_high,retrained,middle,auc_hf,False,7,-0.00013267973856209703,6,1,0.296875,1.0
rf2_ex20,kvdist_high,retrained,middle,auc_lf,False,7,-0.00016666666666667298,4,3,0.375,1.0
rf2_ex20,kvdist_high,retrained,middle,auc_lf_hard,False,7,8.640552995393363e-05,3,4,0.9375,1.0
rf2_ex20,kvdist_high,retrained,middle,auc_tok,False,7,-5.435042545514573e-05,4,3,0.46875,1.0
rf2_ex20,kvdist_high,retrained,middle,d_all,False,7,-0.008856017822676143,5,2,0.296875,1.0
rf2_ex20,kvdist_high,retrained,middle,sel_auc,True,7,6.034858387800786e-05,3,4,0.578125,1.0
rf2_ex20,kvdist_high,retrained,middle,sel_d,False,7,0.03257775378283581,0,7,0.015625,0.6875
rf2_ex20,kvdist_low,frozen,all,auc_all,False,7,-0.003998868686868687,7,0,0.015625,0.6875
rf2_ex20,kvdist_low,frozen,all,auc_hf,False,7,-0.003036227824463119,7,0,0.015625,0.6875
rf2_ex20,kvdist_low,frozen,all,auc_lf,False,7,-0.005317693059628547,7,0,0.015625,0.6875
rf2_ex20,kvdist_low,frozen,all,auc_lf_hard,False,7,-0.008006645758661881,6,1,0.03125,0.8125
rf2_ex20,kvdist_low,frozen,all,auc_tok,False,7,-0.004585530616047581,7,0,0.015625,0.6875
rf2_ex20,kvdist_low,frozen,all,d_all,False,7,-0.46766093830610556,7,0,0.015625,0.6875
rf2_ex20,kvdist_low,frozen,all,sel_auc,True,7,0.0026027792153029317,1,6,0.03125,0.875
rf2_ex20,kvdist_low,frozen,all,sel_d,False,7,-0.275359392028965,6,1,0.03125,1.0
rf2_ex20,kvdist_low,frozen,early,auc_all,False,7,-0.0004171111111111181,6,0,0.03125,0.6875
rf2_ex20,kvdist_low,frozen,early,auc_hf,False,7,-0.00022222222222222088,6,0,0.03125,0.6875
rf2_ex20,kvdist_low,frozen,early,auc_lf,False,7,-0.0006760752688172028,5,1,0.09375,0.6875
rf2_ex20,kvdist_low,frozen,early,auc_lf_hard,False,7,-0.0006188396057347639,5,1,0.15625,1.0
rf2_ex20,kvdist_low,frozen,early,auc_tok,False,7,-0.0003261541464684298,6,0,0.03125,0.6875
rf2_ex20,kvdist_low,frozen,early,d_all,False,7,-0.0678738747090325,6,0,0.03125,0.6875
rf2_ex20,kvdist_low,frozen,early,sel_auc,True,7,0.00045385304659498193,1,5,0.09375,0.875
rf2_ex20,kvdist_low,frozen,early,sel_d,False,7,-0.05152338782809729,6,0,0.03125,1.0
rf2_ex20,kvdist_low,frozen,late,auc_all,False,7,-0.00812571428571426,7,0,0.015625,0.6875
rf2_ex20,kvdist_low,frozen,late,auc_hf,False,7,-0.008363689179375454,7,0,0.015625,0.6875
rf2_ex20,kvdist_low,frozen,late,auc_lf,False,7,-0.011023041474654383,7,0,0.015625,0.6875
rf2_ex20,kvdist_low,frozen,late,auc_lf_hard,False,7,-0.020241295442908362,7,0,0.015625,0.6875
rf2_ex20,kvdist_low,frozen,late,auc_tok,False,7,-0.010307725914323813,7,0,0.015625,0.6875
rf2_ex20,kvdist_low,frozen,late,d_all,False,7,-0.8444196918292234,7,0,0.015625,0.6875
rf2_ex20,kvdist_low,frozen,late,sel_auc,True,7,0.005445817227727474,1,6,0.046875,0.875
rf2_ex20,kvdist_low,frozen,late,sel_d,False,7,-0.3358067840351493,6,1,0.078125,1.0
rf2_ex20,kvdist_low,frozen,middle,auc_all,False,7,-0.0039654603174603354,6,0,0.03125,0.6875
rf2_ex20,kvdist_low,frozen,middle,auc_hf,False,7,-0.002952007469654516,6,0,0.03125,0.6875
rf2_ex20,kvdist_low,frozen,middle,auc_lf,False,7,-0.004917050691244247,5,1,0.0625,0.6875
rf2_ex20,kvdist_low,frozen,middle,auc_lf_hard,False,7,-0.005505774591796069,5,1,0.09375,0.9375
rf2_ex20,kvdist_low,frozen,middle,auc_tok,False,7,-0.003731194140147522,6,0,0.03125,0.6875
rf2_ex20,kvdist_low,frozen,middle,d_all,False,7,-0.5478016860367851,6,0,0.03125,0.6875
rf2_ex20,kvdist_low,frozen,middle,sel_auc,True,7,0.0019650432215897306,2,4,0.15625,0.875
rf2_ex20,kvdist_low,frozen,middle,sel_d,False,7,-0.3312569541820656,6,0,0.03125,1.0
rf2_ex20,kvdist_low,retrained,all,auc_all,False,7,-0.00027313131313131604,4,3,0.296875,1.0
rf2_ex20,kvdist_low,retrained,all,auc_hf,False,7,-0.00020178253119429446,4,3,0.21875,1.0
rf2_ex20,kvdist_low,retrained,all,auc_lf,False,7,-0.0004591886608015693,5,2,0.21875,1.0
rf2_ex20,kvdist_low,retrained,all,auc_lf_hard,False,7,-0.0009754806125773911,5,2,0.21875,1.0
rf2_ex20,kvdist_low,retrained,all,auc_tok,False,7,-0.00031676362808222535,5,2,0.296875,1.0
rf2_ex20,kvdist_low,retrained,all,d_all,False,7,-0.05892932485293608,4,3,0.296875,1.0
rf2_ex20,kvdist_low,retrained,all,sel_auc,True,7,0.00025740612960727485,2,5,0.15625,1.0
rf2_ex20,kvdist_low,retrained,all,sel_d,False,7,0.03709057869964131,2,5,0.46875,1.0
rf2_ex20,kvdist_low,retrained,early,auc_all,False,7,-8.866666666668133e-05,4,2,0.3125,1.0
rf2_ex20,kvdist_low,retrained,early,auc_hf,False,7,-3.5032679738578046e-05,4,2,0.6875,1.0
rf2_ex20,kvdist_low,retrained,early,auc_lf,False,7,-9.677419354839345e-05,4,2,0.4375,1.0
rf2_ex20,kvdist_low,retrained,early,auc_lf_hard,False,7,-6.440412186380085e-05,4,2,0.4375,1.0
rf2_ex20,kvdist_low,retrained,early,auc_tok,False,7,-8.377525457917145e-05,5,1,0.21875,1.0
rf2_ex20,kvdist_low,retrained,early,d_all,False,7,-0.012901170688923935,4,2,0.4375,1.0
rf2_ex20,kvdist_low,retrained,early,sel_auc,True,7,0.0,3,3,0.5625,1.0
rf2_ex20,kvdist_low,retrained,early,sel_d,False,7,0.009787295806203302,2,4,0.3125,1.0
rf2_ex20,kvdist_low,retrained,late,auc_all,False,7,-0.0008345396825396748,4,3,0.21875,1.0
rf2_ex20,kvdist_low,retrained,late,auc_hf,False,7,-0.0005139122315593088,5,2,0.21875,1.0
rf2_ex20,kvdist_low,retrained,late,auc_lf,False,7,-0.0013425499231950783,5,2,0.15625,1.0
rf2_ex20,kvdist_low,retrained,late,auc_lf_hard,False,7,-0.003036994367639569,6,1,0.078125,1.0
rf2_ex20,kvdist_low,retrained,late,auc_tok,False,7,-0.0009788110188279234,5,2,0.21875,1.0
rf2_ex20,kvdist_low,retrained,late,d_all,False,7,-0.109447947097633,4,3,0.21875,1.0
rf2_ex20,kvdist_low,retrained,late,sel_auc,True,7,0.0008286376916357695,2,5,0.078125,1.0
rf2_ex20,kvdist_low,retrained,late,sel_d,False,7,0.03299375532190979,3,4,1.0,1.0
rf2_ex20,kvdist_low,retrained,middle,auc_all,False,7,-5.530864197530091e-05,4,2,0.3125,1.0
rf2_ex20,kvdist_low,retrained,middle,auc_hf,False,7,-7.394957983191437e-05,5,1,0.0625,1.0
rf2_ex20,kvdist_low,retrained,middle,auc_lf,False,7,-0.00014695340501792565,4,2,0.21875,1.0
rf2_ex20,kvdist_low,retrained,middle,auc_lf_hard,False,7,-0.00017921146953407222,4,2,0.21875,1.0
rf2_ex20,kvdist_low,retrained,middle,auc_tok,False,7,-4.130632334585648e-05,4,2,0.3125,1.0
rf2_ex20,kvdist_low,retrained,middle,d_all,False,7,-0.03636579918888137,5,1,0.21875,1.0
rf2_ex20,kvdist_low,retrained,middle,sel_auc,True,7,0.00017774498090752624,2,4,0.3125,1.0
rf2_ex20,kvdist_low,retrained,middle,sel_d,False,7,0.033848832664670724,2,4,0.6875,1.0
rf2_ex20,kvsharer_dissimilar,frozen,all,auc_all,False,7,-0.002171809523809532,7,0,0.015625,0.6875
rf2_ex20,kvsharer_dissimilar,frozen,all,auc_hf,False,7,-0.0015795032679738518,7,0,0.015625,0.6875
rf2_ex20,kvsharer_dissimilar,frozen,all,auc_lf,False,7,-0.0025276148582600096,7,0,0.015625,0.6875
rf2_ex20,kvsharer_dissimilar,frozen,all,auc_lf_hard,False,7,-0.0022465437788018383,7,0,0.015625,0.6875
rf2_ex20,kvsharer_dissimilar,frozen,all,auc_tok,False,7,-0.0021344679980851316,7,0,0.015625,0.6875
rf2_ex20,kvsharer_dissimilar,frozen,all,d_all,False,7,-0.32322564253337105,7,0,0.015625,0.6875
rf2_ex20,kvsharer_dissimilar,frozen,all,sel_auc,True,7,0.0014337527484112164,1,6,0.03125,0.875
rf2_ex20,kvsharer_dissimilar,frozen,all,sel_d,False,7,-0.09446188544303008,6,1,0.046875,1.0
rf2_ex20,kvsharer_dissimilar,frozen,early,auc_all,False,7,-0.0004805333333333439,5,0,0.0625,0.6875
rf2_ex20,kvsharer_dissimilar,frozen,early,auc_hf,False,7,-0.000244444444444436,5,0,0.0625,0.6875
rf2_ex20,kvsharer_dissimilar,frozen,early,auc_lf,False,7,-0.0009639784946236518,5,0,0.0625,0.6875
rf2_ex20,kvsharer_dissimilar,frozen,early,auc_lf_hard,False,7,-0.0002643369175627019,4,1,0.1875,1.0
rf2_ex20,kvsharer_dissimilar,frozen,early,auc_tok,False,7,-0.0003684958845857733,5,0,0.0625,0.6875
rf2_ex20,kvsharer_dissimilar,frozen,early,d_all,False,7,-0.09876225581360658,5,0,0.0625,0.6875
rf2_ex20,kvsharer_dissimilar,frozen,early,sel_auc,True,7,0.0006319523508328095,0,5,0.0625,0.875
rf2_ex20,kvsharer_dissimilar,frozen,early,sel_d,False,7,0.0,3,2,0.3125,1.0
rf2_ex20,kvsharer_dissimilar,frozen,late,auc_all,False,7,-0.002911209876543203,7,0,0.015625,0.6875
rf2_ex20,kvsharer_dissimilar,frozen,late,auc_hf,False,7,-0.003330137981118364,7,0,0.015625,0.6875
rf2_ex20,kvsharer_dissimilar,frozen,late,auc_lf,False,7,-0.00424270353302609,6,1,0.03125,0.6875
rf2_ex20,kvsharer_dissimilar,frozen,late,auc_lf_hard,False,7,-0.004390681003584244,7,0,0.015625,0.6875
rf2_ex20,kvsharer_dissimilar,frozen,late,auc_tok,False,7,-0.00385761227743204,7,0,0.015625,0.6875
rf2_ex20,kvsharer_dissimilar,frozen,late,d_all,False,7,-0.3550418661010157,7,0,0.015625,0.6875
rf2_ex20,kvsharer_dissimilar,frozen,late,sel_auc,True,7,0.0026158127767235617,1,6,0.15625,0.875
rf2_ex20,kvsharer_dissimilar,frozen,late,sel_d,False,7,-0.15919200280272228,5,2,0.109375,1.0
rf2_ex20,kvsharer_dissimilar,frozen,middle,auc_all,False,7,-0.002035809523809503,7,0,0.015625,0.6875
rf2_ex20,kvsharer_dissimilar,frozen,middle,auc_hf,False,7,-0.0012908496732026153,7,0,0.015625,0.6875
rf2_ex20,kvsharer_dissimilar,frozen,middle,auc_lf,False,7,-0.003582949308755769,7,0,0.015625,0.6875
rf2_ex20,kvsharer_dissimilar,frozen,middle,auc_lf_hard,False,7,-0.0032322068612391348,5,2,0.15625,1.0
rf2_ex20,kvsharer_dissimilar,frozen,middle,auc_tok,False,7,-0.0019584787595431363,7,0,0.015625,0.6875
rf2_ex20,kvsharer_dissimilar,frozen,middle,d_all,False,7,-0.3496368274639378,7,0,0.015625,0.6875
rf2_ex20,kvsharer_dissimilar,frozen,middle,sel_auc,True,7,0.0012822217536955227,0,7,0.015625,0.6875
rf2_ex20,kvsharer_dissimilar,frozen,middle,sel_d,False,7,-0.11161012008863491,5,2,0.109375,1.0
rf2_ex20,kvsharer_dissimilar,retrained,all,auc_all,False,7,-0.000348686868686867,6,1,0.078125,1.0
rf2_ex20,kvsharer_dissimilar,retrained,all,auc_hf,False,7,-0.00018823529411765176,5,2,0.375,1.0
rf2_ex20,kvsharer_dissimilar,retrained,all,auc_lf,False,7,-0.0006593701996927905,5,2,0.109375,1.0
rf2_ex20,kvsharer_dissimilar,retrained,all,auc_lf_hard,False,7,-0.00040526230042359224,5,2,0.15625,1.0
rf2_ex20,kvsharer_dissimilar,retrained,all,auc_tok,False,7,-0.0003642575703303663,6,1,0.078125,1.0
rf2_ex20,kvsharer_dissimilar,retrained,all,d_all,False,7,-0.05611201937473539,5,2,0.078125,1.0
rf2_ex20,kvsharer_dissimilar,retrained,all,sel_auc,True,7,0.0004123113761633926,1,6,0.109375,1.0
rf2_ex20,kvsharer_dissimilar,retrained,all,sel_d,False,7,0.029230432768594047,2,5,0.21875,1.0
rf2_ex20,kvsharer_dissimilar,retrained,early,auc_all,False,7,0.0,3,2,0.4375,1.0
rf2_ex20,kvsharer_dissimilar,retrained,early,auc_hf,False,7,0.0,2,3,0.8125,1.0
rf2_ex20,kvsharer_dissimilar,retrained,early,auc_lf,False,7,0.0,3,2,0.3125,1.0
rf2_ex20,kvsharer_dissimilar,retrained,early,auc_lf_hard,False,7,0.0,2,3,0.8125,1.0
rf2_ex20,kvsharer_dissimilar,retrained,early,auc_tok,False,7,4.392100725508774e-05,1,4,0.4375,1.0
rf2_ex20,kvsharer_dissimilar,retrained,early,d_all,False,7,-0.007590416293537672,4,1,0.3125,1.0
rf2_ex20,kvsharer_dissimilar,retrained,early,sel_auc,True,7,0.0,2,3,0.3125,1.0
rf2_ex20,kvsharer_dissimilar,retrained,early,sel_d,False,7,0.012704213909802541,1,4,0.4375,1.0
rf2_ex20,kvsharer_dissimilar,retrained,late,auc_all,False,7,-0.000838349206349176,5,2,0.078125,1.0
rf2_ex20,kvsharer_dissimilar,retrained,late,auc_hf,False,7,-0.0005691876750700502,5,2,0.375,1.0
rf2_ex20,kvsharer_dissimilar,retrained,late,auc_lf,False,7,-0.0015131421744325221,5,2,0.078125,1.0
rf2_ex20,kvsharer_dissimilar,retrained,late,auc_lf_hard,False,7,-0.00166766228594184,5,2,0.21875,1.0
rf2_ex20,kvsharer_dissimilar,retrained,late,auc_tok,False,7,-0.0010971539218542275,5,2,0.109375,1.0
rf2_ex20,kvsharer_dissimilar,retrained,late,d_all,False,7,-0.06899517241772907,6,1,0.109375,1.0
rf2_ex20,kvsharer_dissimilar,retrained,late,sel_auc,True,7,0.0009231318333784909,1,6,0.109375,1.0
rf2_ex20,kvsharer_dissimilar,retrained,late,sel_d,False,7,0.03658442545755364,2,5,0.46875,1.0
rf2_ex20,kvsharer_dissimilar,retrained,middle,auc_all,False,7,-0.00021688888888886964,4,3,0.21875,1.0
rf2_ex20,kvsharer_dissimilar,retrained,middle,auc_hf,False,7,-5.867828612925329e-05,5,2,0.296875,1.0
rf2_ex20,kvsharer_dissimilar,retrained,middle,auc_lf,False,7,-0.00023476702508962166,6,1,0.109375,1.0
rf2_ex20,kvsharer_dissimilar,retrained,middle,auc_lf_hard,False,7,3.840245775730912e-05,3,4,0.578125,1.0
rf2_ex20,kvsharer_dissimilar,retrained,middle,auc_tok,False,7,-0.00038759617695998435,4,3,0.21875,1.0
rf2_ex20,kvsharer_dissimilar,retrained,middle,d_all,False,7,-0.05915821093469896,5,2,0.109375,1.0
rf2_ex20,kvsharer_dissimilar,retrained,middle,sel_auc,True,7,0.0001787355802536401,2,5,0.21875,1.0
rf2_ex20,kvsharer_dissimilar,retrained,middle,sel_d,False,7,0.018936458666913354,1,6,0.109375,1.0
rf2_ex20,kvsharer_similar,frozen,all,auc_all,False,7,-0.0019996767676767613,7,0,0.015625,0.6875
rf2_ex20,kvsharer_similar,frozen,all,auc_hf,False,7,-0.0014519140989729276,7,0,0.015625,0.6875
rf2_ex20,kvsharer_similar,frozen,all,auc_lf,False,7,-0.0027284946236559213,7,0,0.015625,0.6875
rf2_ex20,kvsharer_similar,frozen,all,auc_lf_hard,False,7,-0.0042532176604757254,5,2,0.15625,1.0
rf2_ex20,kvsharer_similar,frozen,all,auc_tok,False,7,-0.0020095216405851915,7,0,0.015625,0.6875
rf2_ex20,kvsharer_similar,frozen,all,d_all,False,7,-0.21312725326065904,7,0,0.015625,0.6875
rf2_ex20,kvsharer_similar,frozen,all,sel_auc,True,7,0.0022006785118739583,1,6,0.078125,0.875
rf2_ex20,kvsharer_similar,frozen,all,sel_d,False,7,-0.1111996037989858,6,1,0.078125,1.0
rf2_ex20,kvsharer_similar,frozen,early,auc_all,False,7,-0.00032142222222224514,6,0,0.03125,0.6875
rf2_ex20,kvsharer_similar,frozen,early,auc_hf,False,7,-0.0002999999999999947,6,0,0.03125,0.6875
rf2_ex20,kvsharer_similar,frozen,early,auc_lf,False,7,-0.0003315412186379997,5,1,0.0625,0.6875
rf2_ex20,kvsharer_similar,frozen,early,auc_lf_hard,False,7,-0.0006446634806849878,4,2,0.4375,1.0
rf2_ex20,kvsharer_similar,frozen,early,auc_tok,False,7,-0.00018424794229289498,6,0,0.03125,0.6875
rf2_ex20,kvsharer_similar,frozen,early,d_all,False,7,-0.04507442712811001,5,1,0.0625,0.6875
rf2_ex20,kvsharer_similar,frozen,early,sel_auc,True,7,0.0002746058518987201,1,5,0.3125,0.875
rf2_ex20,kvsharer_similar,frozen,early,sel_d,False,7,-0.05244397698815222,6,0,0.03125,1.0
rf2_ex20,kvsharer_similar,frozen,late,auc_all,False,7,-0.0037343209876543235,7,0,0.015625,0.6875
rf2_ex20,kvsharer_similar,frozen,late,auc_hf,False,7,-0.0027477124183006296,7,0,0.015625,0.6875
rf2_ex20,kvsharer_similar,frozen,late,auc_lf,False,7,-0.00630525686977305,7,0,0.015625,0.6875
rf2_ex20,kvsharer_similar,frozen,late,auc_lf_hard,False,7,-0.00827608522500995,6,1,0.046875,0.8125
rf2_ex20,kvsharer_similar,frozen,late,auc_tok,False,7,-0.0047434687835507605,7,0,0.015625,0.6875
rf2_ex20,kvsharer_similar,frozen,late,d_all,False,7,-0.4036085211117237,7,0,0.015625,0.6875
rf2_ex20,kvsharer_similar,frozen,late,sel_auc,True,7,0.0032882634057207734,0,7,0.015625,0.6875
rf2_ex20,kvsharer_similar,frozen,late,sel_d,False,7,-0.1169741075664486,6,1,0.109375,1.0
rf2_ex20,kvsharer_similar,frozen,middle,auc_all,False,7,-0.0012320000000000109,6,0,0.03125,0.6875
rf2_ex20,kvsharer_similar,frozen,middle,auc_hf,False,7,-0.0010614379084967127,5,1,0.0625,0.6875
rf2_ex20,kvsharer_similar,frozen,middle,auc_lf,False,7,-0.0012204301075268947,5,1,0.0625,0.6875
rf2_ex20,kvsharer_similar,frozen,middle,auc_lf_hard,False,7,-0.00033602150537635566,4,2,0.4375,1.0
rf2_ex20,kvsharer_similar,frozen,middle,auc_tok,False,7,-0.001162788530880064,6,0,0.03125,0.6875
rf2_ex20,kvsharer_similar,frozen,middle,d_all,False,7,-0.19036341880522947,6,0,0.03125,0.6875
rf2_ex20,kvsharer_similar,frozen,middle,sel_auc,True,7,0.00015899219903018204,2,4,0.3125,0.875
rf2_ex20,kvsharer_similar,frozen,middle,sel_d,False,7,-0.11849211358806283,5,1,0.15625,1.0
rf2_ex20,kvsharer_similar,retrained,all,auc_all,False,7,-0.00037765079365079904,5,2,0.078125,1.0
rf2_ex20,kvsharer_similar,retrained,all,auc_hf,False,7,-0.00012406417112298396,5,2,0.15625,1.0
rf2_ex20,kvsharer_similar,retrained,all,auc_lf,False,7,-0.0005821114369501592,5,2,0.078125,1.0
rf2_ex20,kvsharer_similar,retrained,all,auc_lf_hard,False,7,-0.0008384536610342877,5,2,0.078125,1.0
rf2_ex20,kvsharer_similar,retrained,all,auc_tok,False,7,-0.0005615951818813651,5,2,0.078125,1.0
rf2_ex20,kvsharer_similar,retrained,all,d_all,False,7,-0.03193539403303296,6,1,0.109375,1.0
rf2_ex20,kvsharer_similar,retrained,all,sel_auc,True,7,0.0006612558219769077,2,5,0.109375,1.0
rf2_ex20,kvsharer_similar,retrained,all,sel_d,False,7,-0.013453690999131122,4,3,1.0,1.0
rf2_ex20,kvsharer_similar,retrained,early,auc_all,False,7,-0.00010866666666667357,5,1,0.21875,1.0
rf2_ex20,kvsharer_similar,retrained,early,auc_hf,False,7,0.0,3,3,0.84375,1.0
rf2_ex20,kvsharer_similar,retrained,early,auc_lf,False,7,-0.0003326612903225834,5,1,0.21875,1.0
rf2_ex20,kvsharer_similar,retrained,early,auc_lf_hard,False,7,-0.00018667861409799654,5,1,0.21875,1.0
rf2_ex20,kvsharer_similar,retrained,early,auc_tok,False,7,-0.00013533255938326383,5,1,0.21875,1.0
rf2_ex20,kvsharer_similar,retrained,early,d_all,False,7,-0.004020090220781314,5,1,0.3125,1.0
rf2_ex20,kvsharer_similar,retrained,early,sel_auc,True,7,0.0002738398107151966,1,5,0.3125,1.0
rf2_ex20,kvsharer_similar,retrained,early,sel_d,False,7,0.009431445234278635,2,4,0.3125,1.0
rf2_ex20,kvsharer_similar,retrained,late,auc_all,False,7,-0.0004454603174602889,6,1,0.046875,1.0
rf2_ex20,kvsharer_similar,retrained,late,auc_hf,False,7,-0.00014864612511671687,5,2,0.375,1.0
rf2_ex20,kvsharer_similar,retrained,late,auc_lf,False,7,-0.0013763440860215287,6,1,0.046875,1.0
rf2_ex20,kvsharer_similar,retrained,late,auc_lf_hard,False,7,-0.001737355635205076,6,1,0.03125,1.0
rf2_ex20,kvsharer_similar,retrained,late,auc_tok,False,7,-0.0008282247082390194,6,1,0.078125,1.0
rf2_ex20,kvsharer_similar,retrained,late,d_all,False,7,-0.1214282031930699,6,1,0.046875,1.0
rf2_ex20,kvsharer_similar,retrained,late,sel_auc,True,7,0.0011978049523274266,1,6,0.078125,1.0
rf2_ex20,kvsharer_similar,retrained,late,sel_d,False,7,-0.03547458293033515,5,2,0.46875,1.0
rf2_ex20,kvsharer_similar,retrained,middle,auc_all,False,7,-7.009523809525004e-05,4,2,0.4375,1.0
rf2_ex20,kvsharer_similar,retrained,middle,auc_hf,False,7,0.0,3,3,0.4375,1.0
rf2_ex20,kvsharer_similar,retrained,middle,auc_lf,False,7,-0.0002329749103942754,4,2,0.6875,1.0
rf2_ex20,kvsharer_similar,retrained,middle,auc_lf_hard,False,7,-0.00017921146953403522,4,2,0.5625,1.0
rf2_ex20,kvsharer_similar,retrained,middle,auc_tok,False,7,-0.00020264083770607906,4,2,0.5625,1.0
rf2_ex20,kvsharer_similar,retrained,middle,d_all,False,7,0.0,3,3,0.5625,1.0
rf2_ex20,kvsharer_similar,retrained,middle,sel_auc,True,7,5.926394452642698e-05,2,4,0.5625,1.0
rf2_ex20,kvsharer_similar,retrained,middle,sel_d,False,7,0.010486218226026967,2,4,0.5625,1.0
rf2_ex20,live_prev_head,frozen,all,auc_all,False,6,-0.03782939393939394,6,0,0.03125,0.6875
rf2_ex20,live_prev_head,frozen,all,auc_hf,False,6,-0.030987394957983187,6,0,0.03125,0.6875
rf2_ex20,live_prev_head,frozen,all,auc_lf,False,6,-0.04969442407950472,6,0,0.03125,0.6875
rf2_ex20,live_prev_head,frozen,all,auc_lf_hard,False,6,-0.060345474231562946,6,0,0.03125,0.8125
rf2_ex20,live_prev_head,frozen,all,auc_tok,False,6,-0.041853318623985905,6,0,0.03125,0.6875
rf2_ex20,live_prev_head,frozen,all,d_all,False,6,-1.4926132887327208,6,0,0.03125,0.6875
rf2_ex20,live_prev_head,frozen,all,sel_auc,True,6,0.016947701397274438,0,6,0.03125,0.875
rf2_ex20,live_prev_head,frozen,all,sel_d,False,6,-0.2825568735701701,6,0,0.03125,1.0
rf2_ex20,live_prev_head,frozen,early,auc_all,False,6,-0.005682244444444447,6,0,0.03125,0.6875
rf2_ex20,live_prev_head,frozen,early,auc_hf,False,6,-0.003730392156862744,6,0,0.03125,0.6875
rf2_ex20,live_prev_head,frozen,early,auc_lf,False,6,-0.007445026881720426,6,0,0.03125,0.6875
rf2_ex20,live_prev_head,frozen,early,auc_lf_hard,False,6,-0.007977710573476699,6,0,0.03125,0.8125
rf2_ex20,live_prev_head,frozen,early,auc_tok,False,6,-0.005067603487683359,6,0,0.03125,0.6875
rf2_ex20,live_prev_head,frozen,early,d_all,False,6,-0.6932763229355416,6,0,0.03125,0.6875
rf2_ex20,live_prev_head,frozen,early,sel_auc,True,6,0.0036492304448661195,0,6,0.03125,0.875
rf2_ex20,live_prev_head,frozen,early,sel_d,False,6,-0.1897269697307879,6,0,0.03125,1.0
rf2_ex20,live_prev_head,frozen,late,auc_all,False,6,-0.09074998236331569,6,0,0.03125,0.6875
rf2_ex20,live_prev_head,frozen,late,auc_hf,False,6,-0.07968644050212677,6,0,0.03125,0.6875
rf2_ex20,live_prev_head,frozen,late,auc_lf,False,6,-0.10499385560675883,6,0,0.03125,0.6875
rf2_ex20,live_prev_head,frozen,late,auc_lf_hard,False,6,-0.12865863415258577,6,0,0.03125,0.8125
rf2_ex20,live_prev_head,frozen,late,auc_tok,False,6,-0.0917425020566186,6,0,0.03125,0.6875
rf2_ex20,live_prev_head,frozen,late,d_all,False,6,-2.309167620739082,6,0,0.03125,0.6875
rf2_ex20,live_prev_head,frozen,late,sel_auc,True,6,0.0387387332710862,0,6,0.03125,0.875
rf2_ex20,live_prev_head,frozen,late,sel_d,False,6,-0.443227994815786,5,1,0.0625,1.0
rf2_ex20,live_prev_head,frozen,middle,auc_all,False,6,-0.02311366490299826,6,0,0.03125,0.6875
rf2_ex20,live_prev_head,frozen,middle,auc_hf,False,6,-0.014409171075837729,6,0,0.03125,0.6875
rf2_ex20,live_prev_head,frozen,middle,auc_lf,False,6,-0.034570489844683396,6,0,0.03125,0.6875
rf2_ex20,live_prev_head,frozen,middle,auc_lf_hard,False,6,-0.04411002304147465,6,0,0.03125,0.8125
rf2_ex20,live_prev_head,frozen,middle,auc_tok,False,6,-0.027396444154245046,6,0,0.03125,0.6875
rf2_ex20,live_prev_head,frozen,middle,d_all,False,6,-1.5494705488387588,6,0,0.03125,0.6875
rf2_ex20,live_prev_head,frozen,middle,sel_auc,True,6,0.017566425375407053,0,6,0.03125,0.875
rf2_ex20,live_prev_head,frozen,middle,sel_d,False,6,-0.23833561995087982,6,0,0.03125,1.0
rf2_ex20,live_prev_head,retrained,all,auc_all,False,6,-0.0019927195767195675,5,1,0.09375,1.0
rf2_ex20,live_prev_head,retrained,all,auc_hf,False,6,-0.00023765950824774864,4,2,0.21875,1.0
rf2_ex20,live_prev_head,retrained,all,auc_lf,False,6,-0.004196652585765499,6,0,0.03125,1.0
rf2_ex20,live_prev_head,retrained,all,auc_lf_hard,False,6,-0.00489747707489643,4,2,0.21875,1.0
rf2_ex20,live_prev_head,retrained,all,auc_tok,False,6,-0.0025062381058442856,5,1,0.0625,1.0
rf2_ex20,live_prev_head,retrained,all,d_all,False,6,-0.2772686389035146,4,2,0.15625,1.0
rf2_ex20,live_prev_head,retrained,all,sel_auc,True,6,0.003958993077517751,0,6,0.03125,1.0
rf2_ex20,live_prev_head,retrained,all,sel_d,False,6,0.09324613003582913,0,6,0.03125,1.0
rf2_ex20,live_prev_head,retrained,early,auc_all,False,6,-0.0004708444444444293,5,1,0.09375,1.0
rf2_ex20,live_prev_head,retrained,early,auc_hf,False,6,-1.6078431372562597e-05,3,3,1.0,1.0
rf2_ex20,live_prev_head,retrained,early,auc_lf,False,6,-0.0007569892473118373,5,1,0.0625,1.0
rf2_ex20,live_prev_head,retrained,early,auc_lf_hard,False,6,-0.001125672043010753,4,2,0.15625,1.0
rf2_ex20,live_prev_head,retrained,early,auc_tok,False,6,-0.000580423002454225,5,1,0.0625,1.0
rf2_ex20,live_prev_head,retrained,early,d_all,False,6,-0.118225914924587,4,2,0.15625,1.0
rf2_ex20,live_prev_head,retrained,early,sel_auc,True,6,0.0006350284629980968,0,6,0.03125,1.0
rf2_ex20,live_prev_head,retrained,early,sel_d,False,6,0.103284421829963,1,5,0.0625,1.0
rf2_ex20,live_prev_head,retrained,late,auc_all,False,6,-0.003941629629629623,6,0,0.03125,1.0
rf2_ex20,live_prev_head,retrained,late,auc_hf,False,6,-0.0004372549019607834,5,1,0.15625,1.0
rf2_ex20,live_prev_head,retrained,late,auc_lf,False,6,-0.00824010069977812,6,0,0.03125,1.0
rf2_ex20,live_prev_head,retrained,late,auc_lf_hard,False,6,-0.010592500142231336,5,1,0.09375,1.0
rf2_ex20,live_prev_head,retrained,late,auc_tok,False,6,-0.005141101110784468,6,0,0.03125,1.0
rf2_ex20,live_prev_head,retrained,late,d_all,False,6,-0.40247259426039517,5,1,0.09375,1.0
rf2_ex20,live_prev_head,retrained,late,sel_auc,True,6,0.0080163845466502,0,6,0.03125,1.0
rf2_ex20,live_prev_head,retrained,late,sel_d,False,6,0.11437764583082713,1,5,0.15625,1.0
rf2_ex20,live_prev_head,retrained,middle,auc_all,False,6,-0.001713061728395056,4,2,0.15625,1.0
rf2_ex20,live_prev_head,retrained,middle,auc_hf,False,6,-0.0001726942628903432,4,2,0.5625,1.0
rf2_ex20,live_prev_head,retrained,middle,auc_lf,False,6,-0.003973118279569905,4,2,0.15625,1.0
rf2_ex20,live_prev_head,retrained,middle,auc_lf_hard,False,6,-0.003108998975934466,3,3,0.4375,1.0
rf2_ex20,live_prev_head,retrained,middle,auc_tok,False,6,-0.0021509111458617863,4,2,0.15625,1.0
rf2_ex20,live_prev_head,retrained,middle,d_all,False,6,-0.32588759730087447,4,2,0.21875,1.0
rf2_ex20,live_prev_head,retrained,middle,sel_auc,True,6,0.0038004240166795615,1,5,0.09375,1.0
rf2_ex20,live_prev_head,retrained,middle,sel_d,False,6,0.09041088134468621,1,5,0.0625,1.0
rf4_ex20,full,frozen,all,auc_all,False,7,-0.08985650793650793,7,0,0.015625,0.0625
rf4_ex20,full,frozen,all,auc_hf,False,7,-0.06467955182072828,7,0,0.015625,0.0625
rf4_ex20,full,frozen,all,auc_lf,False,7,-0.09700172811059908,7,0,0.015625,0.0625
rf4_ex20,full,frozen,all,auc_lf_hard,False,7,-0.09888909253828607,7,0,0.015625,0.0625
rf4_ex20,full,frozen,all,auc_tok,False,7,-0.07999208337400092,7,0,0.015625,0.0625
rf4_ex20,full,frozen,all,d_all,False,7,-1.8456831720960516,7,0,0.015625,0.0625
rf4_ex20,full,frozen,all,sel_auc,True,7,0.03495998271136411,1,6,0.03125,0.09375
rf4_ex20,full,frozen,all,sel_d,False,7,-0.3428904912737203,6,1,0.078125,0.3125
rf4_ex20,full,frozen,early,auc_all,False,7,-0.010735555555555554,7,0,0.015625,0.0625
rf4_ex20,full,frozen,early,auc_hf,False,7,-0.005861437908496747,7,0,0.015625,0.0625
rf4_ex20,full,frozen,early,auc_lf,False,7,-0.016622311827956995,7,0,0.015625,0.0625
rf4_ex20,full,frozen,early,auc_lf_hard,False,7,-0.014944556451612911,7,0,0.015625,0.0625
rf4_ex20,full,frozen,early,auc_tok,False,7,-0.01070431629338793,7,0,0.015625,0.0625
rf4_ex20,full,frozen,early,d_all,False,7,-0.777500337694739,7,0,0.015625,0.0625
rf4_ex20,full,frozen,early,sel_auc,True,7,0.0075310436432637455,0,7,0.015625,0.0625
rf4_ex20,full,frozen,early,sel_d,False,7,-0.08886804660930137,5,2,0.15625,0.3125
rf4_ex20,full,frozen,late,auc_all,False,7,-0.17168908641975308,7,0,0.015625,0.0625
rf4_ex20,full,frozen,late,auc_hf,False,7,-0.11602556281771965,7,0,0.015625,0.0625
rf4_ex20,full,frozen,late,auc_lf,False,7,-0.2312078853046595,7,0,0.015625,0.0625
rf4_ex20,full,frozen,late,auc_lf_hard,False,7,-0.22324024293110314,7,0,0.015625,0.0625
rf4_ex20,full,frozen,late,auc_tok,False,7,-0.19086782411332714,7,0,0.015625,0.0625
rf4_ex20,full,frozen,late,d_all,False,7,-2.5650988726181914,7,0,0.015625,0.0625
rf4_ex20,full,frozen,late,sel_auc,True,7,0.08498986777506704,1,6,0.03125,0.09375
rf4_ex20,full,frozen,late,sel_d,False,7,-0.37271381855304986,5,2,0.078125,0.3125
rf4_ex20,full,frozen,middle,auc_all,False,7,-0.0597605925925926,7,0,0.015625,0.0625
rf4_ex20,full,frozen,middle,auc_hf,False,7,-0.06599622367465503,7,0,0.015625,0.0625
rf4_ex20,full,frozen,middle,auc_lf,False,7,-0.06887365591397851,7,0,0.015625,0.0625
rf4_ex20,full,frozen,middle,auc_lf_hard,False,7,-0.07850955794504182,7,0,0.015625,0.0625
rf4_ex20,full,frozen,middle,auc_tok,False,7,-0.05619448872694144,7,0,0.015625,0.0625
rf4_ex20,full,frozen,middle,d_all,False,7,-2.279033992458002,7,0,0.015625,0.0625
rf4_ex20,full,frozen,middle,sel_auc,True,7,0.039516151621939125,1,6,0.03125,0.09375
rf4_ex20,full,frozen,middle,sel_d,False,7,-0.46572544079743894,5,2,0.109375,0.3125
rf4_ex20,full,retrained,all,auc_all,False,7,-0.004467174603174592,6,1,0.046875,0.140625
rf4_ex20,full,retrained,all,auc_hf,False,7,-0.0013411764705882425,6,1,0.078125,0.3125
rf4_ex20,full,retrained,all,auc_lf,False,7,-0.00854051459293396,6,1,0.03125,0.125
rf4_ex20,full,retrained,all,auc_lf_hard,False,7,-0.010911098310291852,6,1,0.046875,0.1875
rf4_ex20,full,retrained,all,auc_tok,False,7,-0.006553729588309497,6,1,0.03125,0.09375
rf4_ex20,full,retrained,all,d_all,False,7,-0.4511973960207896,6,1,0.078125,0.234375
rf4_ex20,full,retrained,all,sel_auc,True,7,0.007199338122345717,1,6,0.03125,0.125
rf4_ex20,full,retrained,all,sel_d,False,7,0.14171699048655745,1,6,0.03125,0.125
rf4_ex20,full,retrained,early,auc_all,False,7,-0.0010919999999999958,6,1,0.03125,0.125
rf4_ex20,full,retrained,early,auc_hf,False,7,-8.41830065359317e-05,4,3,0.375,0.375
rf4_ex20,full,retrained,early,auc_lf,False,7,-0.002219354838709686,6,1,0.03125,0.125
rf4_ex20,full,retrained,early,auc_lf_hard,False,7,-0.0025806451612903182,5,2,0.078125,0.1875
rf4_ex20,full,retrained,early,auc_tok,False,7,-0.000732100230880578,7,0,0.015625,0.0625
rf4_ex20,full,retrained,early,d_all,False,7,-0.1309051224232733,7,0,0.015625,0.0625
rf4_ex20,full,retrained,early,sel_auc,True,7,0.0021351718321737543,1,6,0.03125,0.125
rf4_ex20,full,retrained,early,sel_d,False,7,0.07188479865887004,2,5,0.078125,0.15625
rf4_ex20,full,retrained,late,auc_all,False,7,-0.009558716049382694,6,1,0.078125,0.140625
rf4_ex20,full,retrained,late,auc_hf,False,7,-0.0032888888888889215,5,2,0.15625,0.3125
rf4_ex20,full,retrained,late,auc_lf,False,7,-0.01754002389486262,6,1,0.03125,0.125
rf4_ex20,full,retrained,late,auc_lf_hard,False,7,-0.023377140581441642,6,1,0.046875,0.1875
rf4_ex20,full,retrained,late,auc_tok,False,7,-0.014505041545465218,6,1,0.046875,0.09375
rf4_ex20,full,retrained,late,d_all,False,7,-0.72694168363376,5,2,0.109375,0.234375
rf4_ex20,full,retrained,late,sel_auc,True,7,0.014251135005973699,1,6,0.03125,0.125
rf4_ex20,full,retrained,late,sel_d,False,7,0.1105281862679548,2,5,0.21875,0.21875
rf4_ex20,full,retrained,middle,auc_all,False,7,-0.0031128888888888686,6,1,0.046875,0.140625
rf4_ex20,full,retrained,middle,auc_hf,False,7,-0.0010352941176470787,5,2,0.078125,0.3125
rf4_ex20,full,retrained,middle,auc_lf,False,7,-0.006564516129032268,6,1,0.03125,0.125
rf4_ex20,full,retrained,middle,auc_lf_hard,False,7,-0.007701115093588211,6,1,0.078125,0.1875
rf4_ex20,full,retrained,middle,auc_tok,False,7,-0.004206722930227058,6,1,0.046875,0.09375
rf4_ex20,full,retrained,middle,d_all,False,7,-0.5415014210906951,6,1,0.078125,0.234375
rf4_ex20,full,retrained,middle,sel_auc,True,7,0.005774392672242137,1,6,0.03125,0.125
rf4_ex20,full,retrained,middle,sel_d,False,7,0.15542424612500882,1,6,0.03125,0.125
