contrast,band,statistic,n_models,stouffer_z,p_combined,n_models_upper_sig,n_models_lower_sig,median_null_space,n_exhaustive,lofo_Llama_z,lofo_Llama_p,lofo_Qwen_z,lofo_Qwen_p,lofo_SmolLM_z,lofo_SmolLM_p,excl_mixed_rope_z,excl_mixed_rope_p,p_holm
H3b_cka_high_vs_depth_matched,all,delta_auc_all,6,-0.498794478555415,0.5947405259474052,0,1,36.0,3,-0.6108959794891864,0.5242475752424758,-0.1728049253276681,0.8575142485751425,-0.4125478553403203,0.6647335266473353,-0.4125478553403203,0.6647335266473353,1.0
H3b_cka_high_vs_depth_matched,all,delta_d_all,6,-0.4417190983150364,0.6421357864213578,0,1,36.0,3,-0.3719274108190103,0.7015298470152985,-0.3094676819883864,0.7441255874412559,-0.39538343189114455,0.6733326667333267,-0.39538343189114455,0.6733326667333267,1.0
H3b_cka_high_vs_depth_matched,all,delta_primary,6,-0.4417190983150364,0.6421357864213578,0,1,36.0,3,-0.3719274108190103,0.7015298470152985,-0.3094676819883864,0.7441255874412559,-0.39538343189114455,0.6733326667333267,-0.39538343189114455,0.6733326667333267,1.0
H3b_cka_high_vs_depth_matched,early,delta_auc_all,6,0.9768069067671264,0.1568843115688431,0,0,36.0,3,0.9584094343129571,0.1494850514948505,0.523418207776409,0.5106489351064893,0.8774112501284936,0.17968203179682032,0.8774112501284936,0.17968203179682032,1.0
H3b_cka_high_vs_depth_matched,early,delta_d_all,6,0.7059885202005836,0.31396860313968605,0,0,36.0,3,1.0425810124928552,0.11078892110788921,0.04323020591344485,0.9603039696030397,0.5807445715091943,0.35536446355364465,0.5807445715091943,0.35536446355364465,1.0
H3b_cka_high_vs_depth_matched,early,delta_primary,6,0.7059885202005836,0.31396860313968605,0,0,36.0,3,1.0425810124928552,0.11078892110788921,0.04323020591344485,0.9603039696030397,0.5807445715091943,0.35536446355364465,0.5807445715091943,0.35536446355364465,1.0
H3b_cka_high_vs_depth_matched,late,delta_auc_all,6,-0.566478002108114,0.5436456354364564,0,1,36.0,3,-0.5247252384000187,0.585041495850415,-0.3094676819883864,0.7389261073892611,-0.5320499636053154,0.5774422557744225,-0.5320499636053154,0.5774422557744225,1.0
H3b_cka_high_vs_depth_matched,late,delta_d_all,6,-0.5647740132909511,0.5473452654734526,0,1,36.0,3,-0.5226382868352899,0.5902409759024098,-0.3979458400721019,0.6747325267473253,-0.4616484508272548,0.6301369863013698,-0.4616484508272548,0.6301369863013698,1.0
H3b_cka_high_vs_depth_matched,late,delta_primary,6,-0.5647740132909511,0.5473452654734526,0,1,36.0,3,-0.5226382868352899,0.5902409759024098,-0.3979458400721019,0.6747325267473253,-0.4616484508272548,0.6301369863013698,-0.4616484508272548,0.6301369863013698,1.0
H3b_cka_high_vs_depth_matched,middle,delta_auc_all,6,-0.05657464366414247,0.9467053294670533,0,0,36.0,3,-0.3072193197684283,0.7382261773822618,-0.05439474095726715,0.9521047895210479,0.19297046430046239,0.8211178882111789,0.19297046430046239,0.8211178882111789,1.0
H3b_cka_high_vs_depth_matched,middle,delta_d_all,6,-0.3122362044928242,0.7325267473252675,0,0,36.0,3,-0.4512737157672774,0.6313368663133687,-0.47902377411343694,0.6032396760323968,0.0906064519995106,0.9134086591340866,0.0906064519995106,0.9134086591340866,1.0
H3b_cka_high_vs_depth_matched,middle,delta_primary,6,-0.3122362044928242,0.7325267473252675,0,0,36.0,3,-0.4512737157672774,0.6313368663133687,-0.47902377411343694,0.6032396760323968,0.0906064519995106,0.9134086591340866,0.0906064519995106,0.9134086591340866,1.0
H3b_cka_low_vs_depth_matched,all,delta_auc_all,7,0.44281881712508425,0.6491350864913509,1,0,36.0,4,0.23895057906130343,0.8138186181381862,0.4837654163079833,0.6197380261973803,0.3762570591553608,0.6970302969703029,-0.363474898174133,0.7079292070792921,1.0
H3b_cka_low_vs_depth_matched,all,delta_d_all,7,0.4504423806006438,0.6381361863813618,1,0,36.0,4,0.027235913300371225,0.9789021097890211,0.7305546350757521,0.44445555444455553,0.3852773811059477,0.6854314568543146,-0.3552405084936405,0.7143285671432856,1.0
H3b_cka_low_vs_depth_matched,all,delta_primary,7,0.4504423806006438,0.6381361863813618,1,0,36.0,4,0.027235913300371225,0.9789021097890211,0.7305546350757521,0.44445555444455553,0.3852773811059477,0.6854314568543146,-0.3552405084936405,0.7143285671432856,1.0
H3b_cka_low_vs_depth_matched,early,delta_auc_all,7,-1.0639721520294225,0.1927807219278072,0,0,36.0,4,-1.5605498139935094,0.08189181081891811,-0.40348118439509684,0.5509449055094491,-0.5963832989875676,0.44615538446155384,-1.109025964401796,0.16398360163983602,1.0
H3b_cka_low_vs_depth_matched,early,delta_d_all,7,-1.458312259767591,0.065993400659934,0,0,36.0,4,-2.02713932180453,0.022397760223977603,-0.40348118439509684,0.5500449955004499,-1.0629728067985884,0.1705829417058294,-1.5349619619406776,0.04559544045595441,0.757124287571243
H3b_cka_low_vs_depth_matched,early,delta_primary,7,-1.458312259767591,0.065993400659934,0,0,36.0,4,-2.02713932180453,0.022397760223977603,-0.40348118439509684,0.5500449955004499,-1.0629728067985884,0.1705829417058294,-1.5349619619406776,0.04559544045595441,0.757124287571243
H3b_cka_low_vs_depth_matched,late,delta_auc_all,7,1.043730789680005,0.275972402759724,1,0,36.0,4,0.9499592135122391,0.33866613338666135,0.7008261500608288,0.46825317468253175,0.8931206712393583,0.3484651534846515,0.2855842146087375,0.7652234776522348,1.0
H3b_cka_low_vs_depth_matched,late,delta_d_all,7,0.9077459867995915,0.3424657534246575,1,0,36.0,4,0.6862530582553864,0.4894510548945106,0.5987068756748446,0.5332466753324667,0.9263663049803765,0.33226677332266774,0.1387038402100599,0.8817118288171183,1.0
H3b_cka_low_vs_depth_matched,late,delta_primary,7,0.9077459867995915,0.3424657534246575,1,0,36.0,4,0.6862530582553864,0.4894510548945106,0.5987068756748446,0.5332466753324667,0.9263663049803765,0.33226677332266774,0.1387038402100599,0.8817118288171183,1.0
H3b_cka_low_vs_depth_matched,middle,delta_auc_all,7,0.4232184615336981,0.633036696330367,0,0,36.0,4,-0.23352622643079335,0.8108189181081892,0.8053097145639029,0.35306469353064696,0.5147529941940712,0.5689431056894311,-0.0947019440047004,0.9155084491550844,1.0
H3b_cka_low_vs_depth_matched,middle,delta_d_all,7,0.3237675990530687,0.7161283871612839,0,0,36.0,4,-0.35119807381748763,0.7197280271972802,0.5753130094352759,0.5108489151084892,0.6027964537148107,0.5044495550444955,-0.01432962930419705,0.988001199880012,1.0
H3b_cka_low_vs_depth_matched,middle,delta_primary,7,0.3237675990530687,0.7161283871612839,0,0,36.0,4,-0.35119807381748763,0.7197280271972802,0.5753130094352759,0.5108489151084892,0.6027964537148107,0.5044495550444955,-0.01432962930419705,0.988001199880012,1.0
H3b_fidelity_high_vs_depth_matched,all,delta_auc_all,7,1.6192867993010347,0.08709129087091291,0,0,72.0,3,0.9498327617881677,0.3354664533546645,1.652049366327126,0.07839216078392161,1.404461322648645,0.136986301369863,1.5637820053568114,0.09969003099690031,1.0
H3b_fidelity_high_vs_depth_matched,all,delta_d_all,7,1.3046158899974223,0.16678332166783322,0,0,72.0,3,0.681964088398375,0.49065093490650935,1.245717142762144,0.1954804519548045,1.2911173034301444,0.17248275172482752,1.4863534899037316,0.11608839116088392,1.0
H3b_fidelity_high_vs_depth_matched,all,delta_primary,7,1.3046158899974223,0.16678332166783322,0,0,72.0,3,0.681964088398375,0.49065093490650935,1.245717142762144,0.1954804519548045,1.2911173034301444,0.17248275172482752,1.4863534899037316,0.11608839116088392,1.0
H3b_fidelity_high_vs_depth_matched,early,delta_auc_all,7,1.3712397487482708,0.10738926107389261,0,0,72.0,3,0.8063798822782869,0.36876312368763126,0.8409055217437791,0.32886711328867113,1.6864368561530028,0.0466953304669533,2.0042994436061186,0.016798320167983202,1.0
H3b_fidelity_high_vs_depth_matched,early,delta_d_all,7,1.1062811839599866,0.19688031196880312,0,0,72.0,3,0.8648287074304508,0.3331666833316668,0.42505051353796275,0.6311368863113689,1.3729336544523911,0.10738926107389261,1.718111484570257,0.0423957604239576,1.0
H3b_fidelity_high_vs_depth_matched,early,delta_primary,7,1.1062811839599866,0.19688031196880312,0,0,72.0,3,0.8648287074304508,0.3331666833316668,0.42505051353796275,0.6311368863113689,1.3729336544523911,0.10738926107389261,1.718111484570257,0.0423957604239576,1.0
H3b_fidelity_high_vs_depth_matched,late,delta_auc_all,7,2.3902930500891295,0.010198980101989802,1,0,72.0,3,1.7243486030928195,0.0775922407759224,2.182871839815248,0.0184981501849815,1.9796972246347366,0.033096690330966905,1.9941253130594585,0.0385961403859614,0.13258674132586742
H3b_fidelity_high_vs_depth_matched,late,delta_d_all,7,2.4932594953705505,0.008099190080991902,1,0,72.0,3,1.6025735205554819,0.10158984101589841,2.396167422902929,0.008999100089991,2.15435802004509,0.0198980101989801,2.223399879248626,0.019698030196980302,0.10528947105289473
H3b_fidelity_high_vs_depth_matched,late,delta_primary,7,2.4932594953705505,0.008099190080991902,1,0,72.0,3,1.6025735205554819,0.10158984101589841,2.396167422902929,0.008999100089991,2.15435802004509,0.0198980101989801,2.223399879248626,0.019698030196980302,0.10528947105289473
H3b_fidelity_high_vs_depth_matched,middle,delta_auc_all,7,0.23226458921360293,0.8014198580141986,0,0,72.0,3,-0.16932167382407937,0.8658134186581342,0.7734012626389424,0.38766123387661233,0.027208891196755295,0.9762023797620238,0.43612206776658835,0.6244375562443756,1.0
H3b_fidelity_high_vs_depth_matched,middle,delta_d_all,7,0.19393569016016607,0.8261173882611739,0,0,72.0,3,-0.2146730387837802,0.827917208279172,0.6368598091477131,0.47465253474652536,0.10398391493826034,0.9063093690630937,0.3395584622954163,0.7063293670632936,1.0
H3b_fidelity_high_vs_depth_matched,middle,delta_primary,7,0.19393569016016607,0.8261173882611739,0,0,72.0,3,-0.2146730387837802,0.827917208279172,0.6368598091477131,0.47465253474652536,0.10398391493826034,0.9063093690630937,0.3395584622954163,0.7063293670632936,1.0
H3b_kvdist_high_vs_depth_matched,all,delta_auc_all,7,-0.40128219052276043,0.6776322367763223,1,1,60.0,2,1.0833414269494899,0.27377262273772623,-2.085565557385849,0.0268973102689731,-0.16756186567854395,0.8620137986201379,0.24198584450257712,0.804019598040196,1.0
H3b_kvdist_high_vs_depth_matched,all,delta_d_all,7,-0.5952352662089625,0.5465453454654534,0,1,60.0,2,0.6551745606514471,0.5130486951304869,-1.9367509890336547,0.041995800419958006,-0.331475543706471,0.7379262073792621,0.03249257930575212,0.9737026297370263,1.0
H3b_kvdist_high_vs_depth_matched,all,delta_primary,7,-0.5952352662089625,0.5465453454654534,0,1,60.0,2,0.6551745606514471,0.5130486951304869,-1.9367509890336547,0.041995800419958006,-0.331475543706471,0.7379262073792621,0.03249257930575212,0.9737026297370263,1.0
H3b_kvdist_high_vs_depth_matched,early,delta_auc_all,7,-1.6533350194537615,0.032096790320967905,0,0,60.0,2,-0.8675776124607358,0.27997200279972,-0.7847645946412647,0.36196380361963804,-2.3430123488704933,0.0007999200079992001,-1.6740675962482614,0.024397560243975602,0.41725827417258277
H3b_kvdist_high_vs_depth_matched,early,delta_d_all,7,-1.6533350194537615,0.0370962903709629,0,0,60.0,2,-0.8675776124607358,0.2823717628237176,-0.7847645946412647,0.3785621437856214,-2.3430123488704933,0.0011998800119988001,-1.6740675962482614,0.027497250274972504,0.48225177482251774
H3b_kvdist_high_vs_depth_matched,early,delta_primary,7,-1.6533350194537615,0.0370962903709629,0,0,60.0,2,-0.8675776124607358,0.2823717628237176,-0.7847645946412647,0.3785621437856214,-2.3430123488704933,0.0011998800119988001,-1.6740675962482614,0.027497250274972504,0.48225177482251774
H3b_kvdist_high_vs_depth_matched,late,delta_auc_all,7,-0.11190681609092303,0.9097090290970903,1,1,60.0,2,1.4257349874301048,0.1538846115388461,-2.1588802962705094,0.0216978302169783,0.24040639076156997,0.803919608039196,0.5545469722021475,0.56994300569943,1.0
H3b_kvdist_high_vs_depth_matched,late,delta_d_all,7,-0.08347100037438367,0.9303069693030697,1,1,60.0,2,1.4593806983254178,0.14358564143585642,-2.1234219255999958,0.023697630236976304,0.2423371707806219,0.7992200779922007,0.5852611635699146,0.5474452554744526,1.0
H3b_kvdist_high_vs_depth_matched,late,delta_primary,7,-0.08347100037438367,0.9303069693030697,1,1,60.0,2,1.4593806983254178,0.14358564143585642,-2.1234219255999958,0.023697630236976304,0.2423371707806219,0.7992200779922007,0.5852611635699146,0.5474452554744526,1.0
H3b_kvdist_high_vs_depth_matched,middle,delta_auc_all,7,-1.0462883954160052,0.2645735426457354,0,0,60.0,2,-0.05893288824092125,0.9545045495450455,-1.412694943644801,0.1356864313568643,-1.153484590940021,0.2151784821517848,-0.6246764506300276,0.5021497850214979,1.0
H3b_kvdist_high_vs_depth_matched,middle,delta_d_all,7,-1.4149548428468888,0.12718728127187282,0,0,60.0,2,-0.49514491151152273,0.6133386661333866,-1.7685470525617861,0.064993500649935,-1.2714128120206076,0.1720827917208279,-0.8529057576274263,0.36196380361963804,1.0
H3b_kvdist_high_vs_depth_matched,middle,delta_primary,7,-1.4149548428468888,0.12718728127187282,0,0,60.0,2,-0.49514491151152273,0.6133386661333866,-1.7685470525617861,0.064993500649935,-1.2714128120206076,0.1720827917208279,-0.8529057576274263,0.36196380361963804,1.0
H3b_kvdist_low_vs_depth_matched,all,delta_auc_all,6,-0.10579474002868225,0.9157084291570843,0,0,46.0,3,-0.6012643855848767,0.5482451754824518,0.3810707970193585,0.7082291770822917,0.08307389790889667,0.9319068093190681,-0.27292281427530607,0.7868213178682132,1.0
H3b_kvdist_low_vs_depth_matched,all,delta_d_all,6,0.1540697394893861,0.8741125887411259,0,0,46.0,3,-0.44971883264143975,0.6503349665033497,0.7485746683328361,0.44725527447255276,0.2319085074208363,0.8102189781021898,-0.1398010925659726,0.8863113688631137,1.0
H3b_kvdist_low_vs_depth_matched,all,delta_primary,6,0.1540697394893861,0.8741125887411259,0,0,46.0,3,-0.44971883264143975,0.6503349665033497,0.7485746683328361,0.44725527447255276,0.2319085074208363,0.8102189781021898,-0.1398010925659726,0.8863113688631137,1.0
H3b_kvdist_low_vs_depth_matched,early,delta_auc_all,6,0.5415749614983084,0.5480451954804519,0,0,46.0,3,-0.02522813015077149,0.9746025397460254,0.048877109510209786,0.9584041595840416,1.312459401620074,0.14058594140585942,0.6594474934133698,0.47115288471152883,1.0
H3b_kvdist_low_vs_depth_matched,early,delta_d_all,6,0.13422435568344446,0.8831116888311169,0,0,46.0,3,-0.4714583613871637,0.5978402159784022,0.048877109510209786,0.9555044495550445,0.8135588362900625,0.36776322367763226,0.21321726217697776,0.8132186781321867,1.0
H3b_kvdist_low_vs_depth_matched,early,delta_primary,6,0.13422435568344446,0.8831116888311169,0,0,46.0,3,-0.4714583613871637,0.5978402159784022,0.048877109510209786,0.9555044495550445,0.8135588362900625,0.36776322367763226,0.21321726217697776,0.8132186781321867,1.0
H3b_kvdist_low_vs_depth_matched,late,delta_auc_all,6,-0.25593294482065193,0.7944205579442056,0,0,46.0,3,-0.5820014804870502,0.5669433056694331,0.30051934718478157,0.7639236076392361,-0.23646507548193552,0.8044195580441956,-0.3913924912355124,0.6999300069993001,1.0
H3b_kvdist_low_vs_depth_matched,late,delta_d_all,6,-0.11535239596663444,0.9091090890910909,0,0,46.0,3,-0.3537649918494777,0.7250274972502749,0.564929903061669,0.5647435256474352,-0.37627687321707465,0.7011298870112989,-0.5955480433017517,0.5538446155384461,1.0
H3b_kvdist_low_vs_depth_matched,late,delta_primary,6,-0.11535239596663444,0.9091090890910909,0,0,46.0,3,-0.3537649918494777,0.7250274972502749,0.564929903061669,0.5647435256474352,-0.37627687321707465,0.7011298870112989,-0.5955480433017517,0.5538446155384461,1.0
H3b_kvdist_low_vs_depth_matched,middle,delta_auc_all,6,0.5874765560103176,0.536046395360464,0,0,46.0,3,0.2582138305760617,0.7908209179082092,0.30719469995073234,0.7439256074392561,0.8842875450582437,0.35726427357264273,0.27647894248355315,0.771922807719228,1.0
H3b_kvdist_low_vs_depth_matched,middle,delta_d_all,6,0.2559261343070898,0.7903209679032097,0,0,46.0,3,-0.33814074250582243,0.7223277672232776,0.46344993368514087,0.6208379162083791,0.603581868044457,0.5237476252374762,0.025408152294382216,0.9799020097990201,1.0
H3b_kvdist_low_vs_depth_matched,middle,delta_primary,6,0.2559261343070898,0.7903209679032097,0,0,46.0,3,-0.33814074250582243,0.7223277672232776,0.46344993368514087,0.6208379162083791,0.603581868044457,0.5237476252374762,0.025408152294382216,0.9799020097990201,1.0
H3d_cka_high_vs_uniform,all,delta_auc_all,7,0.2531206184227603,0.8001199880011999,0,0,495.0,1,0.9336051107552348,0.3458654134586541,-0.3428001423415576,0.7355264473552645,-0.028002633031678385,0.9753024697530247,0.5811315530169358,0.5520447955204479,1.0
H3d_cka_high_vs_uniform,all,delta_d_all,7,0.9065201554551741,0.35836416358364165,1,0,495.0,1,1.7969261448168263,0.07279272072792721,-0.6176707233630457,0.5349465053494651,0.9007535711079392,0.3595640435956404,1.3741018780831205,0.1601839816018398,1.0
H3d_cka_high_vs_uniform,all,delta_primary,7,0.9065201554551741,0.35836416358364165,1,0,495.0,1,1.7969261448168263,0.07279272072792721,-0.6176707233630457,0.5349465053494651,0.9007535711079392,0.3595640435956404,1.3741018780831205,0.1601839816018398,1.0
H3d_cka_high_vs_uniform,early,delta_auc_all,7,1.1683947000948032,0.22327767223277672,0,0,495.0,1,2.0268314545412474,0.035996400359964,-0.2230993577464604,0.8178182181781822,0.9376411828864463,0.32196780321967805,1.4947422848315632,0.1126887311268873,1.0
H3d_cka_high_vs_uniform,early,delta_d_all,7,1.1600314440148336,0.2258774122587741,0,0,495.0,1,2.1643686541721143,0.0244975502449755,-0.3879341695204234,0.6861313868613139,0.9277456448433279,0.32596740325967405,1.4857089358234523,0.11528847115288471,1.0
H3d_cka_high_vs_uniform,early,delta_primary,7,1.1600314440148336,0.2258774122587741,0,0,495.0,1,2.1643686541721143,0.0244975502449755,-0.3879341695204234,0.6861313868613139,0.9277456448433279,0.32596740325967405,1.4857089358234523,0.11528847115288471,1.0
H3d_cka_high_vs_uniform,late,delta_auc_all,7,0.08003906804255685,0.9367063293670633,1,0,495.0,1,0.6497259640478507,0.5126487351264873,0.12226301692071265,0.9015098490150985,-0.5696743259135365,0.5653434656534346,0.2513500798965747,0.7956204379562044,1.0
H3d_cka_high_vs_uniform,late,delta_d_all,7,-0.0791709383815089,0.9374062593740626,0,0,495.0,1,0.4779440874400674,0.6294370562943705,-0.2222697228116564,0.8181181881811819,-0.4664926388084558,0.6413358664133587,0.24957257980459402,0.7964203579642036,1.0
H3d_cka_high_vs_uniform,late,delta_primary,7,-0.0791709383815089,0.9374062593740626,0,0,495.0,1,0.4779440874400674,0.6294370562943705,-0.2222697228116564,0.8181181881811819,-0.4664926388084558,0.6413358664133587,0.24957257980459402,0.7964203579642036,1.0
H3d_cka_high_vs_uniform,middle,delta_auc_all,7,0.47244706414355564,0.6371362863713629,1,0,495.0,1,1.2363720692163906,0.2094790520947905,-1.118716287590983,0.25607439256074394,0.8822520073252494,0.36796320367963203,1.0621312814076087,0.2723727627237276,1.0
H3d_cka_high_vs_uniform,middle,delta_d_all,7,0.5871973313930194,0.5574442555744425,1,0,495.0,1,1.3721464164523567,0.16198380161983802,-1.118716287590983,0.2575742425757424,1.0180263545612156,0.2983701629837016,1.1860757359270717,0.22207779222077792,1.0
H3d_cka_high_vs_uniform,middle,delta_primary,7,0.5871973313930194,0.5574442555744425,1,0,495.0,1,1.3721464164523567,0.16198380161983802,-1.118716287590983,0.2575742425757424,1.0180263545612156,0.2983701629837016,1.1860757359270717,0.22207779222077792,1.0
H3d_cka_low_vs_uniform,all,delta_auc_all,7,0.2882755737104133,0.7725227477252274,2,0,495.0,1,-0.8549641352765586,0.38746125387461255,1.6768986255059102,0.08739126087391261,0.0372849255095352,0.9691030896910309,-0.6413838238529752,0.5150484951504849,1.0
H3d_cka_low_vs_uniform,all,delta_d_all,7,-0.09463427319009311,0.9225077492250775,2,1,495.0,1,-1.15566581748596,0.24227577242275772,1.5907227901419099,0.10218978102189781,-0.49106546352351155,0.6155384461553844,-1.0549737286245144,0.28187181281871815,1.0
H3d_cka_low_vs_uniform,all,delta_primary,7,-0.09463427319009311,0.9225077492250775,2,1,495.0,1,-1.15566581748596,0.24227577242275772,1.5907227901419099,0.10218978102189781,-0.49106546352351155,0.6155384461553844,-1.0549737286245144,0.28187181281871815,1.0
H3d_cka_low_vs_uniform,early,delta_auc_all,7,-1.2187852998296003,0.20717928207179281,0,0,495.0,1,-2.144561723957692,0.026097390260973904,0.3849633434631347,0.6867313268673133,-1.0839323868783362,0.25047495250474955,-1.4177964648635564,0.13288671132886712,1.0
H3d_cka_low_vs_uniform,early,delta_d_all,7,-1.338738952538322,0.16518348165183483,0,0,495.0,1,-2.286492799897496,0.017798220177982202,0.3849633434631347,0.688031196880312,-1.2258634628181402,0.18938106189381063,-1.5473612180355723,0.10378962103789621,1.0
H3d_cka_low_vs_uniform,early,delta_primary,7,-1.338738952538322,0.16518348165183483,0,0,495.0,1,-2.286492799897496,0.017798220177982202,0.3849633434631347,0.688031196880312,-1.2258634628181402,0.18938106189381063,-1.5473612180355723,0.10378962103789621,1.0
H3d_cka_low_vs_uniform,late,delta_auc_all,7,1.0825611139454892,0.270972902709729,1,1,495.0,1,0.4639398714839236,0.6428357164283571,1.1355225054459803,0.25077492250774924,1.0822250917259248,0.26907309269073093,0.21654261394007981,0.8263173682631737,1.0
H3d_cka_low_vs_uniform,late,delta_d_all,7,0.8303965332584545,0.40335966403359663,1,1,495.0,1,0.16557471592065215,0.8706129387061294,0.9133931982091259,0.35226477352264773,0.9825384284732703,0.3130686931306869,-0.05582626285248987,0.954004599540046,1.0
H3d_cka_low_vs_uniform,late,delta_primary,7,0.8303965332584545,0.40335966403359663,1,1,495.0,1,0.16557471592065215,0.8706129387061294,0.9133931982091259,0.35226477352264773,0.9825384284732703,0.3130686931306869,-0.05582626285248987,0.954004599540046,1.0
H3d_cka_low_vs_uniform,middle,delta_auc_all,7,-0.10685447347951207,0.9132086791320868,2,0,495.0,1,-1.0859592026952833,0.27217278272172785,1.5338283144741598,0.1171882811718828,-0.5388023842103332,0.5813418658134186,-0.8868052336348341,0.36106389361063895,1.0
H3d_cka_low_vs_uniform,middle,delta_d_all,7,-0.4413927596420787,0.6561343865613438,1,1,495.0,1,-1.4817902409831143,0.133986601339866,1.2649244542727753,0.193980601939806,-0.694118498169206,0.47775222477752227,-1.0285887989003633,0.29087091290870914,1.0
H3d_cka_low_vs_uniform,middle,delta_primary,7,-0.4413927596420787,0.6561343865613438,1,1,495.0,1,-1.4817902409831143,0.133986601339866,1.2649244542727753,0.193980601939806,-0.694118498169206,0.47775222477752227,-1.0285887989003633,0.29087091290870914,1.0
H3d_fidelity_high_vs_uniform,all,delta_auc_all,7,-0.13979808777865377,0.8908109189081092,0,0,495.0,1,-0.0913543308743051,0.9288071192880712,-0.14999290477526894,0.8765123487651235,-0.10531059296694484,0.917008299170083,0.4556951498141325,0.639036096390361,1.0
H3d_fidelity_high_vs_uniform,all,delta_d_all,7,-0.4119887965831007,0.6856314368563143,0,0,495.0,1,-0.19548681862889747,0.8413158684131586,-0.3936437064720354,0.6976302369763023,-0.42737098286805353,0.6666333366663334,0.16169558243455542,0.8699130086991301,1.0
H3d_fidelity_high_vs_uniform,all,delta_primary,7,-0.4119887965831007,0.6856314368563143,0,0,495.0,1,-0.19548681862889747,0.8413158684131586,-0.3936437064720354,0.6976302369763023,-0.42737098286805353,0.6666333366663334,0.16169558243455542,0.8699130086991301,1.0
H3d_fidelity_high_vs_uniform,early,delta_auc_all,7,-0.39051232163592625,0.6875312468753124,0,1,495.0,1,-0.1566664736822331,0.8816118388161184,-1.0246143053559558,0.28347165283471654,0.14898854824745159,0.8729127087291271,0.5309555149940193,0.5825417458254175,1.0
H3d_fidelity_high_vs_uniform,early,delta_d_all,7,-0.5525405330853784,0.5622437756224378,0,1,495.0,1,-0.20094810121782633,0.8438156184381562,-1.1894491171299189,0.2111788821117888,-0.0427258169621272,0.9654034596540346,0.3559450442889027,0.7092290770922908,1.0
H3d_fidelity_high_vs_uniform,early,delta_primary,7,-0.5525405330853784,0.5622437756224378,0,1,495.0,1,-0.20094810121782633,0.8438156184381562,-1.1894491171299189,0.2111788821117888,-0.0427258169621272,0.9654034596540346,0.3559450442889027,0.7092290770922908,1.0
H3d_fidelity_high_vs_uniform,late,delta_auc_all,7,0.8415911516413258,0.39286071392860716,0,0,495.0,1,0.9419017555211884,0.34226577342265774,0.3828499819915967,0.696030396960304,0.7072349696560081,0.47035296470352966,1.0739203435858826,0.27787221277872215,1.0
H3d_fidelity_high_vs_uniform,late,delta_d_all,7,0.788720733679751,0.42785721427857215,0,0,495.0,1,0.8557384017537681,0.38976102389761025,0.4174874624952275,0.6731326867313269,0.6373033747026519,0.5175482451754825,1.133605852499216,0.2506749325067493,1.0
H3d_fidelity_high_vs_uniform,late,delta_primary,7,0.788720733679751,0.42785721427857215,0,0,495.0,1,0.8557384017537681,0.38976102389761025,0.4174874624952275,0.6731326867313269,0.6373033747026519,0.5175482451754825,1.133605852499216,0.2506749325067493,1.0
H3d_fidelity_high_vs_uniform,middle,delta_auc_all,7,-1.4240987246979193,0.146985301469853,0,2,495.0,1,-1.3070100460374152,0.18638136186381363,-1.0223803626073944,0.30086991300869914,-1.1485778278315002,0.24017598240175983,-0.7668132161628586,0.43045695430456954,1.0
H3d_fidelity_high_vs_uniform,middle,delta_d_all,7,-1.2486911611440163,0.20127987201279873,0,2,495.0,1,-1.0994650179286138,0.2615738426157384,-0.9904880739002135,0.31496850314968505,-0.9695581299256213,0.32216778322167783,-0.5773513935074683,0.5503449655034497,1.0
H3d_fidelity_high_vs_uniform,middle,delta_primary,7,-1.2486911611440163,0.20127987201279873,0,2,495.0,1,-1.0994650179286138,0.2615738426157384,-0.9904880739002135,0.31496850314968505,-0.9695581299256213,0.32216778322167783,-0.5773513935074683,0.5503449655034497,1.0
H3d_kvdist_high_vs_uniform,all,delta_auc_all,7,0.1871222443129171,0.8548145185481452,1,1,495.0,1,1.3482196671331923,0.17548245175482452,-1.4615251460473409,0.14028597140285973,0.4018202144408228,0.685031496850315,0.9735043351699213,0.32026797320267975,1.0
H3d_kvdist_high_vs_uniform,all,delta_d_all,7,0.08889755136737035,0.9258074192580742,1,1,495.0,1,1.187475463091359,0.22877712228777122,-1.4117467175038214,0.15548445155484453,0.28559919041355947,0.7735226477352265,0.8674095409764513,0.37346265373462656,1.0
H3d_kvdist_high_vs_uniform,all,delta_primary,7,0.08889755136737035,0.9258074192580742,1,1,495.0,1,1.187475463091359,0.22877712228777122,-1.4117467175038214,0.15548445155484453,0.28559919041355947,0.7735226477352265,0.8674095409764513,0.37346265373462656,1.0
H3d_kvdist_high_vs_uniform,early,delta_auc_all,7,-0.6471245631908978,0.5058494150584941,0,0,495.0,1,0.11985952719033116,0.9105089491050895,-1.0527294873285018,0.270972902709729,-0.7096458671326541,0.45645435456454353,-0.25286688159588855,0.793020697930207,1.0
H3d_kvdist_high_vs_uniform,early,delta_d_all,7,-0.5250547890121484,0.5785421457854215,0,0,495.0,1,0.2642944318196182,0.7923207679232077,-1.0527294873285018,0.2692730726927307,-0.5652109625033671,0.5543445655434457,-0.12101645600160878,0.8972102789721028,1.0
H3d_kvdist_high_vs_uniform,early,delta_primary,7,-0.5250547890121484,0.5785421457854215,0,0,495.0,1,0.2642944318196182,0.7923207679232077,-1.0527294873285018,0.2692730726927307,-0.5652109625033671,0.5543445655434457,-0.12101645600160878,0.8972102789721028,1.0
H3d_kvdist_high_vs_uniform,late,delta_auc_all,7,-0.05540612618826323,0.9551044895510449,1,1,495.0,1,1.2474555730412746,0.21287871212878712,-1.8918316483557673,0.05599440055994401,0.3135352688414145,0.7537246275372462,0.8929115748484007,0.36826317368263173,1.0
H3d_kvdist_high_vs_uniform,late,delta_d_all,7,0.1994770302248836,0.8491150884911509,1,1,495.0,1,1.3628380469648542,0.17178282171782822,-1.6836544532841953,0.08819118088191182,0.6151170865831014,0.5329467053294671,1.1682168490326237,0.23667633236676333,1.0
H3d_kvdist_high_vs_uniform,late,delta_primary,7,0.1994770302248836,0.8491150884911509,1,1,495.0,1,1.3628380469648542,0.17178282171782822,-1.6836544532841953,0.08819118088191182,0.6151170865831014,0.5329467053294671,1.1682168490326237,0.23667633236676333,1.0
H3d_kvdist_high_vs_uniform,middle,delta_auc_all,7,-0.8744841539680099,0.37396260373962603,0,1,495.0,1,0.29461113170025444,0.7672232776722328,-2.0859755408753156,0.030896910308969103,-0.4982650977530621,0.609039096090391,-0.17316163000164364,0.8565143485651435,1.0
H3d_kvdist_high_vs_uniform,middle,delta_d_all,7,-0.6995247839816033,0.48155184481551844,0,1,495.0,1,0.2546015753509091,0.7998200179982001,-1.7779017170324773,0.0680931906809319,-0.31977570962789914,0.7483251674832517,0.01581608827147374,0.9843015698430156,1.0
H3d_kvdist_high_vs_uniform,middle,delta_primary,7,-0.6995247839816033,0.48155184481551844,0,1,495.0,1,0.2546015753509091,0.7998200179982001,-1.7779017170324773,0.0680931906809319,-0.31977570962789914,0.7483251674832517,0.01581608827147374,0.9843015698430156,1.0
H3d_kvdist_low_vs_uniform,all,delta_auc_all,7,-1.1036763694265979,0.2672732726727327,0,1,495.0,1,-1.992184929785792,0.044995500449955005,0.010815619437744561,0.9908009199080092,-0.6292638368266257,0.5232476752324767,-1.527193694423622,0.12358764123587641,1.0
H3d_kvdist_low_vs_uniform,all,delta_d_all,7,-0.5750224915710277,0.5649435056494351,0,2,495.0,1,-1.544559098122298,0.12458754124587541,0.2830128094980571,0.7831216878312168,-0.06932682897841402,0.9454054594540546,-1.016043477789601,0.30146985301469853,1.0
H3d_kvdist_low_vs_uniform,all,delta_primary,7,-0.5750224915710277,0.5649435056494351,0,2,495.0,1,-1.544559098122298,0.12458754124587541,0.2830128094980571,0.7831216878312168,-0.06932682897841402,0.9454054594540546,-1.016043477789601,0.30146985301469853,1.0
H3d_kvdist_low_vs_uniform,early,delta_auc_all,7,-0.3824724710812685,0.6938306169383062,0,1,495.0,1,-1.0969157325101353,0.2653734626537346,-0.035367416577079216,0.972002799720028,0.2234542500696782,0.815918408159184,-0.51447536721857,0.5900409959004099,1.0
H3d_kvdist_low_vs_uniform,early,delta_d_all,7,-0.6432668208650898,0.5053494650534947,0,1,495.0,1,-1.4054917685706703,0.14558544145585442,-0.035367416577079216,0.9739026097390261,-0.08512178599085685,0.9283071692830717,-0.7961654599783744,0.40385961403859616,1.0
H3d_kvdist_low_vs_uniform,early,delta_primary,7,-0.6432668208650898,0.5053494650534947,0,1,495.0,1,-1.4054917685706703,0.14558544145585442,-0.035367416577079216,0.9739026097390261,-0.08512178599085685,0.9283071692830717,-0.7961654599783744,0.40385961403859616,1.0
H3d_kvdist_low_vs_uniform,late,delta_auc_all,7,-0.947884980228313,0.33456654334566543,0,1,495.0,1,-1.8078500721823967,0.0688931106889311,0.10758592509963907,0.9125087491250875,-0.5314829718886018,0.5908409159084091,-1.25656456550935,0.201979802019798,1.0
H3d_kvdist_low_vs_uniform,late,delta_d_all,7,-1.2036461155074372,0.22097790220977903,0,1,495.0,1,-2.039567239840521,0.0382961703829617,-0.06845689083566942,0.9479052094790521,-0.7475496355687163,0.45035496450354967,-1.6351733614295545,0.09719028097190281,1.0
H3d_kvdist_low_vs_uniform,late,delta_primary,7,-1.2036461155074372,0.22097790220977903,0,1,495.0,1,-2.039567239840521,0.0382961703829617,-0.06845689083566942,0.9479052094790521,-0.7475496355687163,0.45035496450354967,-1.6351733614295545,0.09719028097190281,1.0
H3d_kvdist_low_vs_uniform,middle,delta_auc_all,7,0.04460550551451841,0.9669033096690332,0,1,495.0,1,-0.5378838706858323,0.5896410358964104,0.458670791273495,0.6436356364363564,0.2331921350091238,0.8101189881011899,-0.558514890158419,0.5620437956204379,1.0
H3d_kvdist_low_vs_uniform,middle,delta_d_all,7,-0.30319080679245386,0.7632236776322368,0,2,495.0,1,-1.1348600060636491,0.25007499250074994,0.36882775663512724,0.7111288871112889,0.08749003073909248,0.9293070692930707,-0.6915221054661956,0.47485251474852513,1.0
H3d_kvdist_low_vs_uniform,middle,delta_primary,7,-0.30319080679245386,0.7632236776322368,0,2,495.0,1,-1.1348600060636491,0.25007499250074994,0.36882775663512724,0.7111288871112889,0.08749003073909248,0.9293070692930707,-0.6915221054661956,0.47485251474852513,1.0
H3e_kvsharer_dissimilar_vs_random_pairs,all,delta_auc_all,7,-0.28506550967832806,0.7813218678132187,0,0,1227223305.0,0,0.17252224918543543,0.8629137086291371,-0.7227209521196476,0.46325367463253675,-0.20068909757105208,0.837916208379162,-0.14300793610521775,0.8839116088391161,1.0
H3e_kvsharer_dissimilar_vs_random_pairs,all,delta_d_all,7,-0.20161456532933061,0.8411158884111589,0,0,1227223305.0,0,0.3747272208751063,0.7052294770522948,-0.9707058123142854,0.32736726327367266,0.016391310551143543,0.9885011498850115,0.014963150893222926,0.9888011198880112,1.0
H3e_kvsharer_dissimilar_vs_random_pairs,all,delta_primary,7,-0.20161456532933061,0.8411158884111589,0,0,1227223305.0,0,0.3747272208751063,0.7052294770522948,-0.9707058123142854,0.32736726327367266,0.016391310551143543,0.9885011498850115,0.014963150893222926,0.9888011198880112,1.0
H3e_kvsharer_dissimilar_vs_random_pairs,early,delta_auc_all,7,-0.6931077559762783,0.44365563443655637,0,0,1227223305.0,0,0.05613640281612885,0.9511048895110489,-1.1592249859488186,0.1855814418558144,-0.6594863679533308,0.46585341465853414,-0.32033584073218135,0.712928707129287,1.0
H3e_kvsharer_dissimilar_vs_random_pairs,early,delta_d_all,7,-0.698307172596187,0.44415558444155584,0,0,1227223305.0,0,0.21089550646732846,0.8162183781621838,-1.339129105568775,0.12018798120187982,-0.6656384006631216,0.4550544945505449,-0.3259518525482848,0.7138286171382862,1.0
H3e_kvsharer_dissimilar_vs_random_pairs,early,delta_primary,7,-0.698307172596187,0.44415558444155584,0,0,1227223305.0,0,0.21089550646732846,0.8162183781621838,-1.339129105568775,0.12018798120187982,-0.6656384006631216,0.4550544945505449,-0.3259518525482848,0.7138286171382862,1.0
H3e_kvsharer_dissimilar_vs_random_pairs,late,delta_auc_all,7,0.00492956791639461,0.9952004799520048,0,0,1227223305.0,0,0.2827668395424982,0.776022397760224,-0.1366870924339108,0.8918108189181082,-0.14884470057504998,0.8822117788221178,-0.07546051556049997,0.9415058494150585,1.0
H3e_kvsharer_dissimilar_vs_random_pairs,late,delta_d_all,7,0.37876892510524396,0.708929107089291,0,0,1227223305.0,0,0.5806927851780134,0.5549445055494451,0.10301690185802556,0.9192080791920808,0.22349696878020128,0.8165183481651834,0.2442191924280566,0.8067193280671933,1.0
H3e_kvsharer_dissimilar_vs_random_pairs,late,delta_primary,7,0.37876892510524396,0.708929107089291,0,0,1227223305.0,0,0.5806927851780134,0.5549445055494451,0.10301690185802556,0.9192080791920808,0.22349696878020128,0.8165183481651834,0.2442191924280566,0.8067193280671933,1.0
H3e_kvsharer_dissimilar_vs_random_pairs,middle,delta_auc_all,7,-0.7291322906659398,0.46855314468553144,0,0,1227223305.0,0,-0.20058714230271135,0.839016098390161,-1.433687399967419,0.1416858314168583,-0.24252578537800917,0.8058194180581941,-0.3227526213727237,0.7433256674332567,1.0
H3e_kvsharer_dissimilar_vs_random_pairs,middle,delta_d_all,7,-0.6067662765601302,0.5422457754224578,0,0,1227223305.0,0,-0.05580172186473877,0.9567043295670433,-1.3357959842533633,0.16848315168483152,-0.18529710892016435,0.8431156884311569,-0.29134387851507204,0.7693230676932307,1.0
H3e_kvsharer_dissimilar_vs_random_pairs,middle,delta_primary,7,-0.6067662765601302,0.5422457754224578,0,0,1227223305.0,0,-0.05580172186473877,0.9567043295670433,-1.3357959842533633,0.16848315168483152,-0.18529710892016435,0.8431156884311569,-0.29134387851507204,0.7693230676932307,1.0
H3e_kvsharer_similar_vs_random_pairs,all,delta_auc_all,7,-0.09747757160093842,0.9253074692530747,0,0,1227223305.0,0,0.09890392516877564,0.9242075792420757,0.21900666141442518,0.8246175382461753,-0.5254634744095323,0.593940605939406,-0.2701858165182636,0.7892210778922107,1.0
H3e_kvsharer_similar_vs_random_pairs,all,delta_d_all,7,0.23501422224697444,0.8113188681131887,0,0,1227223305.0,0,0.3545916792179456,0.720927907209279,0.2840322297699863,0.7628237176282372,-0.05249267305407472,0.9606039396060394,0.23377105753403707,0.8082191780821918,1.0
H3e_kvsharer_similar_vs_random_pairs,all,delta_primary,7,0.23501422224697444,0.8113188681131887,0,0,1227223305.0,0,0.3545916792179456,0.720927907209279,0.2840322297699863,0.7628237176282372,-0.05249267305407472,0.9606039396060394,0.23377105753403707,0.8082191780821918,1.0
H3e_kvsharer_similar_vs_random_pairs,early,delta_auc_all,7,-1.3035252389491914,0.1463853614638536,0,1,1227223305.0,0,-1.3361946549220853,0.1536846315368463,-0.3555595309020294,0.6802319768023197,-1.4304869577829273,0.10718928107189281,-1.2857766433883469,0.15208479152084792,1.0
H3e_kvsharer_similar_vs_random_pairs,early,delta_d_all,7,-0.332268394704823,0.7126287371262874,1,1,1227223305.0,0,-0.1165865460577768,0.8993100689931007,0.628756272563065,0.47995200479952005,-1.2320806936248494,0.1668833116688331,-0.1719736166049359,0.8454154584541546,1.0
H3e_kvsharer_similar_vs_random_pairs,early,delta_primary,7,-0.332268394704823,0.7126287371262874,1,1,1227223305.0,0,-0.1165865460577768,0.8993100689931007,0.628756272563065,0.47995200479952005,-1.2320806936248494,0.1668833116688331,-0.1719736166049359,0.8454154584541546,1.0
H3e_kvsharer_similar_vs_random_pairs,late,delta_auc_all,7,0.0836667612113229,0.936006399360064,0,0,1227223305.0,0,0.5188280856944276,0.6003399660033997,-0.13881582654482533,0.8922107789221078,-0.1966757420837158,0.8435156484351565,-0.11912408286593688,0.9074092590740926,1.0
H3e_kvsharer_similar_vs_random_pairs,late,delta_d_all,7,0.5269531083790476,0.6040395960403959,0,0,1227223305.0,0,0.8101163036213306,0.40855914408559146,0.042542859007659556,0.9663033696630337,0.39883085894845693,0.683031696830317,0.40427640366186807,0.6841315868413159,1.0
H3e_kvsharer_similar_vs_random_pairs,late,delta_primary,7,0.5269531083790476,0.6040395960403959,0,0,1227223305.0,0,0.8101163036213306,0.40855914408559146,0.042542859007659556,0.9663033696630337,0.39883085894845693,0.683031696830317,0.40427640366186807,0.6841315868413159,1.0
H3e_kvsharer_similar_vs_random_pairs,middle,delta_auc_all,7,-0.021843367876537616,0.9823017698230176,0,0,1227223305.0,0,-0.08742674907756973,0.9276072392760724,0.5558450466593587,0.5736426357364264,-0.46142701747285403,0.6373362663733627,-0.188491539473531,0.8441155884411559,1.0
H3e_kvsharer_similar_vs_random_pairs,middle,delta_d_all,7,0.0704706189561006,0.9454054594540546,0,0,1227223305.0,0,0.06177798688989099,0.9516048395160484,0.36319077548374856,0.7085291470852915,-0.21986177035941978,0.8156184381561844,0.056043653115729786,0.9541045895410459,1.0
H3e_kvsharer_similar_vs_random_pairs,middle,delta_primary,7,0.0704706189561006,0.9454054594540546,0,0,1227223305.0,0,0.06177798688989099,0.9516048395160484,0.36319077548374856,0.7085291470852915,-0.21986177035941978,0.8156184381561844,0.056043653115729786,0.9541045895410459,1.0
H4_own_head_vs_random_source,all,delta_auc_all,7,-1.1190942427257948,0.2592740725927407,0,0,479001600.0,0,-1.268283315083572,0.2014798520147985,-0.13679507161487758,0.8918108189181082,-1.2576237831786,0.20437956204379562,-1.228833248967233,0.2146785321467853,1.0
H4_own_head_vs_random_source,all,delta_d_all,7,-0.9360687040747179,0.34266573342665735,0,0,479001600.0,0,-1.2316394680337461,0.21527847215278473,-0.03465425587491771,0.9732026797320268,-0.9525076775353373,0.3397660233976602,-0.9708744509640053,0.3231676832316768,1.0
H4_own_head_vs_random_source,all,delta_primary,7,-0.9360687040747179,0.34266573342665735,0,0,479001600.0,0,-1.2316394680337461,0.21527847215278473,-0.03465425587491771,0.9732026797320268,-0.9525076775353373,0.3397660233976602,-0.9708744509640053,0.3231676832316768,1.0
H4_own_head_vs_random_source,early,delta_auc_all,7,-1.4528048311777806,0.1207879212078792,0,0,479001600.0,0,-0.6978416395157598,0.47125287471252875,-1.71559393359686,0.055594440555944404,-1.205648213768832,0.19768023197680232,-1.382291297921471,0.13238676132386762,1.0
H4_own_head_vs_random_source,early,delta_d_all,7,-1.7081233070323174,0.06309369063093691,0,0,479001600.0,0,-0.9999385341667263,0.2990700929907009,-1.964414671634497,0.027797220277972202,-1.285193074634269,0.17328267173282672,-1.5372540015167167,0.09399060093990601,0.757124287571243
H4_own_head_vs_random_source,early,delta_primary,7,-1.7081233070323174,0.06309369063093691,0,0,479001600.0,0,-0.9999385341667263,0.2990700929907009,-1.964414671634497,0.027797220277972202,-1.285193074634269,0.17328267173282672,-1.5372540015167167,0.09399060093990601,0.757124287571243
H4_own_head_vs_random_source,late,delta_auc_all,7,-1.4186223390242951,0.1501849815018498,0,0,479001600.0,0,-1.546192829962264,0.11798820117988201,-0.29595192935616366,0.766023397660234,-1.546172893094746,0.11118888111188881,-1.471871770141289,0.1361863813618638,1.0
H4_own_head_vs_random_source,late,delta_d_all,7,-1.1569555593784746,0.2415758424157584,0,0,479001600.0,0,-1.427421623877248,0.1504849515048495,-0.06093887371511458,0.9516048395160484,-1.2559295483965236,0.20367963203679632,-1.1063062669536041,0.2676732326767323,1.0
H4_own_head_vs_random_source,late,delta_primary,7,-1.1569555593784746,0.2415758424157584,0,0,479001600.0,0,-1.427421623877248,0.1504849515048495,-0.06093887371511458,0.9516048395160484,-1.2559295483965236,0.20367963203679632,-1.1063062669536041,0.2676732326767323,1.0
H4_own_head_vs_random_source,middle,delta_auc_all,7,0.09200209118301667,0.9241075892410759,0,0,479001600.0,0,-0.015209698549860517,0.9877012298770123,0.4729783251555082,0.6320367963203679,-0.1901182915625326,0.8492150784921508,-0.133358154602089,0.893010698930107,1.0
H4_own_head_vs_random_source,middle,delta_d_all,7,-0.10883499583721024,0.9101089891010898,0,0,479001600.0,0,-0.28016486426141224,0.775922407759224,0.47506500131054996,0.6288371162883711,-0.40229679782965433,0.6916308369163083,-0.3270497447691787,0.7385261473852615,1.0
H4_own_head_vs_random_source,middle,delta_primary,7,-0.10883499583721024,0.9101089891010898,0,0,479001600.0,0,-0.28016486426141224,0.775922407759224,0.47506500131054996,0.6288371162883711,-0.40229679782965433,0.6916308369163083,-0.3270497447691787,0.7385261473852615,1.0
