model,tier,n_runs,total_seconds,mean_seconds
Llama-3.2-1B,frozen,168,159.3966805934906,0.9487897654374441
Llama-3.2-1B,full,13,722.0375308990479,55.54134853069599
Llama-3.2-3B,frozen,368,557.6023297309875,1.5152237220950748
Llama-3.2-3B,full,13,998.4849495887756,76.80653458375197
Qwen2.5-1.5B,frozen,432,349.9893159866333,0.8101604536727622
Qwen2.5-1.5B,full,13,1031.2034661769867,79.3233435520759
Qwen2.5-3B,frozen,480,594.8804261684418,1.2393342211842537
Qwen2.5-3B,full,13,1556.5558812618256,119.7350677893712
Qwen3-4B-Base,frozen,510,3439.6273152828217,6.744367284868278
Qwen3-4B-Base,full,13,3588.431783914566,276.0332141472743
SmolLM2-360M,frozen,413,327.34983491897583,0.7926146123946146
SmolLM2-360M,full,12,6006.332944154739,500.5277453462283
SmolLM3-3B-Base,frozen,480,583.1257054805756,1.2148452197511992
SmolLM3-3B-Base,full,13,1159.876309633255,89.22125458717346
